{
    "id": "Lv0938",
    "x": 28.429166666666667,
    "y": 46.42527777777777
}