{
    "id": "Cm0329",
    "x": 28.634999999999998,
    "y": 46.705000000000005
}