{
    "id": 284,
    "x": 28.474444444444444,
    "y": 45.969722222222224
}