{
    "id": "G5554",
    "x": 28.825555555555557,
    "y": 46.36222222222222
}