{
    "id": "Lv1077",
    "x": 28.481666666666666,
    "y": 46.464444444444446
}