{
    "id": "Cm0643",
    "x": 28.921666666666667,
    "y": 46.55416666666667
}