{
    "id": "Ch0504",
    "x": 28.40833333333333,
    "y": 45.978611111111114
}