{
    "id": "G5064",
    "x": 28.835277777777776,
    "y": 46.24583333333334
}