{
    "id": "G1212",
    "x": 28.625833333333333,
    "y": 46.41305555555555
}