{
    "id": "Ch0541",
    "x": 28.414166666666667,
    "y": 46.03944444444444
}