{
    "id": "G0911",
    "x": 28.655277777777776,
    "y": 46.23638888888889
}