{
    "id": "Cm0053",
    "x": 28.708055555555553,
    "y": 46.68222222222222
}