{
    "id": "G5145",
    "x": 28.761666666666667,
    "y": 46.19444444444444
}