{
    "id": 599,
    "x": 28.225555555555555,
    "y": 45.98916666666667
}