{
    "id": "Lv0990",
    "x": 28.46333333333333,
    "y": 46.43694444444444
}