{
    "id": "Lv1596",
    "x": 28.370555555555555,
    "y": 46.39083333333333
}