{
    "id": "Cn1239",
    "x": 28.29138888888889,
    "y": 46.18444444444444
}