{
    "id": "Lv1219",
    "x": 28.519166666666667,
    "y": 46.36388888888889
}