{
    "id": "Cm0402",
    "x": 28.67638888888889,
    "y": 46.65277777777778
}