{
    "id": 71,
    "x": 28.593888888888888,
    "y": 45.900555555555556
}