{
    "id": "Cn0785",
    "x": 28.401944444444442,
    "y": 46.32277777777778
}