{
    "id": "Lv1659",
    "x": 28.25611111111111,
    "y": 46.49138888888889
}