{
    "id": "Cm0242",
    "x": 28.75888888888889,
    "y": 46.611111111111114
}