{
    "id": "G1586",
    "x": 28.583333333333332,
    "y": 46.11055555555556
}