{
    "id": 1633,
    "x": 28.552500000000002,
    "y": 46.62694444444445
}