{
    "id": "B0213",
    "x": 28.93277777777778,
    "y": 46.513888888888886
}