{
    "id": "G0035",
    "x": 28.664166666666667,
    "y": 46.007777777777775
}