{
    "id": "B0225",
    "x": 28.95111111111111,
    "y": 46.50083333333333
}