{
    "id": "G0636",
    "x": 28.592777777777776,
    "y": 46.10194444444445
}