{
    "id": "Ch5066",
    "x": 28.171111111111113,
    "y": 45.56472222222222
}