{
    "id": "G0211",
    "x": 28.656666666666666,
    "y": 45.999722222222225
}