{
    "id": "B0121",
    "x": 28.954444444444444,
    "y": 46.35138888888889
}