{
    "id": "Cn0683",
    "x": 28.478055555555553,
    "y": 46.13611111111111
}