{
    "id": 265,
    "x": 28.47111111111111,
    "y": 46.03194444444444
}