{
    "id": "Cn0090",
    "x": 28.165277777777778,
    "y": 46.25944444444445
}