{
    "id": 1601,
    "x": 28.504722222222224,
    "y": 46.63111111111111
}