{
    "id": "G1371",
    "x": 28.661944444444444,
    "y": 46.279444444444444
}