{
    "id": "Cm1190",
    "x": 28.679722222222225,
    "y": 46.46083333333333
}