{
    "id": "Lv1299",
    "x": 28.32638888888889,
    "y": 46.44305555555555
}