{
    "id": "Lv1525",
    "x": 28.263055555555557,
    "y": 46.606944444444444
}