{
    "id": "Cm0407",
    "x": 28.676111111111112,
    "y": 46.65694444444444
}