{
    "id": "Ch0764",
    "x": 28.422777777777778,
    "y": 45.80444444444444
}