{
    "id": "Lv0534",
    "x": 28.35138888888889,
    "y": 46.52722222222222
}