{
    "id": 394,
    "x": 28.501666666666665,
    "y": 45.81916666666667
}