{
    "id": "Cm0912",
    "x": 28.625555555555557,
    "y": 46.57222222222222
}