{
    "id": "T0373",
    "x": 28.733611111111113,
    "y": 46.00666666666667
}