{
    "id": "G5760",
    "x": 28.685833333333335,
    "y": 45.84777777777778
}