{
    "id": "G5289",
    "x": 28.766111111111112,
    "y": 46.11027777777778
}