{
    "id": "Lv0717",
    "x": 28.33138888888889,
    "y": 46.574444444444445
}