{
    "id": "Cm1526",
    "x": 28.78111111111111,
    "y": 46.50944444444445
}