{
    "id": "Cn1180",
    "x": 28.25138888888889,
    "y": 46.152499999999996
}