{
    "id": "Ch5046",
    "x": 28.17638888888889,
    "y": 45.81083333333333
}