{
    "id": "Ch5125",
    "x": 28.47611111111111,
    "y": 46.08277777777778
}