{
    "id": 1164,
    "x": 28.395833333333332,
    "y": 45.89833333333333
}