{
    "id": 384,
    "x": 28.506666666666668,
    "y": 45.81777777777778
}