{
    "id": "G5692",
    "x": 28.703611111111112,
    "y": 45.846944444444446
}