{
    "id": "Lv0053",
    "x": 28.46527777777778,
    "y": 46.58388888888889
}