{
    "id": "Ch5246",
    "x": 28.175555555555558,
    "y": 45.54666666666667
}