{
    "id": "G5729",
    "x": 28.68777777777778,
    "y": 45.85416666666667
}