{
    "id": "G5824",
    "x": 28.42666666666667,
    "y": 45.54277777777778
}