{
    "id": 1683,
    "x": 28.45777777777778,
    "y": 46.61138888888889
}