{
    "id": "Lv0188",
    "x": 28.52472222222222,
    "y": 46.64805555555556
}