{
    "id": "Ch0098",
    "x": 28.24277777777778,
    "y": 46.00861111111111
}