{
    "id": "G5168",
    "x": 28.759444444444444,
    "y": 46.17611111111111
}