{
    "id": "Cm0069",
    "x": 28.709722222222222,
    "y": 46.676944444444445
}