{
    "id": "Lv0520",
    "x": 28.389722222222222,
    "y": 46.49305555555556
}