{
    "id": "Lv0558",
    "x": 28.35666666666667,
    "y": 46.52472222222222
}