{
    "id": 1755,
    "x": 28.411388888888887,
    "y": 46.66777777777777
}