{
    "id": "Cm0083",
    "x": 28.708055555555553,
    "y": 46.67638888888889
}