{
    "id": "G0599",
    "x": 28.593888888888888,
    "y": 46.09638888888889
}