{
    "id": "Cm1054",
    "x": 28.874444444444446,
    "y": 46.62722222222222
}