{
    "id": "Cn0169",
    "x": 28.279166666666665,
    "y": 46.321111111111115
}