{
    "id": "G0756",
    "x": 28.609166666666667,
    "y": 46.112500000000004
}