{
    "id": "Lv1340",
    "x": 28.430555555555557,
    "y": 46.52777777777778
}