{
    "id": "Lv1521",
    "x": 28.26527777777778,
    "y": 46.611666666666665
}