{
    "id": 1736,
    "x": 28.433611111111112,
    "y": 46.64194444444444
}