{
    "id": "Cn0954",
    "x": 28.510555555555555,
    "y": 46.263888888888886
}