{
    "id": "T0474",
    "x": 28.953611111111112,
    "y": 46.16027777777778
}