{
    "id": "G5769",
    "x": 28.685277777777777,
    "y": 45.841944444444444
}