{
    "id": "G1164",
    "x": 28.616666666666667,
    "y": 46.43111111111111
}