{
    "id": "G0921",
    "x": 28.650277777777777,
    "y": 46.224722222222226
}