{
    "id": "G0961",
    "x": 28.647222222222222,
    "y": 46.168055555555554
}