{
    "id": "G0308",
    "x": 28.59638888888889,
    "y": 46.09666666666667
}