{
    "id": "Ch0813",
    "x": 28.452777777777776,
    "y": 45.593611111111116
}