{
    "id": "Ch0790",
    "x": 28.448333333333334,
    "y": 45.61944444444445
}