{
    "id": "Cn0872",
    "x": 28.42138888888889,
    "y": 46.36416666666667
}