{
    "id": "Cn0834",
    "x": 28.390277777777776,
    "y": 46.32888888888889
}