{
    "id": 722,
    "x": 28.15583333333333,
    "y": 46.01111111111111
}