{
    "id": "G0737",
    "x": 28.598888888888887,
    "y": 46.097500000000004
}