{
    "id": "Lv0002",
    "x": 28.467777777777776,
    "y": 46.59166666666667
}