{
    "id": "Cn0174",
    "x": 28.299166666666668,
    "y": 46.340833333333336
}