{
    "id": "Cn0394",
    "x": 28.342499999999998,
    "y": 46.25138888888889
}