{
    "id": "G0606",
    "x": 28.591944444444444,
    "y": 46.09388888888889
}