{
    "id": "G5478",
    "x": 28.67138888888889,
    "y": 46.099722222222226
}