{
    "id": "Cn0380",
    "x": 28.33888888888889,
    "y": 46.26111111111111
}