{
    "id": "G1777",
    "x": 28.843055555555555,
    "y": 46.073055555555555
}