{
    "id": "Cm1205",
    "x": 28.639166666666664,
    "y": 46.47833333333333
}