{
    "id": 291,
    "x": 28.47583333333333,
    "y": 45.96055555555556
}