{
    "id": 1224,
    "x": 28.301666666666666,
    "y": 45.865833333333335
}