{
    "id": "Ch5039",
    "x": 28.17888888888889,
    "y": 45.80277777777778
}