{
    "id": "Cm0243",
    "x": 28.759166666666665,
    "y": 46.61222222222222
}