{
    "id": "G0441",
    "x": 28.597777777777775,
    "y": 46.11666666666667
}