{
    "id": 193,
    "x": 28.566944444444445,
    "y": 45.78194444444444
}