{
    "id": "B0063",
    "x": 28.878055555555555,
    "y": 46.453611111111115
}