{
    "id": "Cn0928",
    "x": 28.37611111111111,
    "y": 46.29222222222222
}