{
    "id": "Ch0478",
    "x": 28.240555555555556,
    "y": 46.07138888888889
}