{
    "id": 1428,
    "x": 28.46861111111111,
    "y": 46.58972222222222
}