{
    "id": "G5205",
    "x": 28.87472222222222,
    "y": 46.17833333333333
}