{
    "id": "G5562",
    "x": 28.825833333333332,
    "y": 46.35666666666667
}