{
    "id": "G0669",
    "x": 28.58361111111111,
    "y": 46.09805555555556
}