{
    "id": "Cn0495",
    "x": 28.31416666666667,
    "y": 46.20416666666667
}