{
    "id": "Cm0964",
    "x": 28.61777777777778,
    "y": 46.53388888888889
}