{
    "id": "Cn1005",
    "x": 28.521944444444443,
    "y": 46.26972222222222
}