{
    "id": "Lv1285",
    "x": 28.329444444444444,
    "y": 46.44027777777777
}