{
    "id": "Ch0260",
    "x": 28.245833333333334,
    "y": 45.941111111111105
}