{
    "id": "Cn0828",
    "x": 28.39472222222222,
    "y": 46.32611111111112
}