{
    "id": "Cn0428",
    "x": 28.31388888888889,
    "y": 46.30166666666666
}