{
    "id": "Lv0010",
    "x": 28.46833333333333,
    "y": 46.587500000000006
}