{
    "id": "G1629",
    "x": 28.828055555555554,
    "y": 46.04833333333333
}