{
    "id": "Lv0648",
    "x": 28.33111111111111,
    "y": 46.57916666666667
}