{
    "id": 124,
    "x": 28.585277777777776,
    "y": 45.86333333333334
}