{
    "id": "G1671",
    "x": 28.843888888888888,
    "y": 46.051944444444445
}