{
    "id": "Lv0664",
    "x": 28.335277777777776,
    "y": 46.583333333333336
}