{
    "id": "G1227",
    "x": 28.65111111111111,
    "y": 46.27722222222222
}