{
    "id": "Lv1516",
    "x": 28.258333333333333,
    "y": 46.62638888888889
}