{
    "id": "Lv1513",
    "x": 28.255555555555556,
    "y": 46.63055555555555
}