{
    "id": "G0691",
    "x": 28.58611111111111,
    "y": 46.098333333333336
}