{
    "id": 1159,
    "x": 28.410277777777775,
    "y": 45.93083333333333
}