{
    "id": "B0166",
    "x": 28.906666666666666,
    "y": 46.41861111111111
}