{
    "id": "G5645",
    "x": 28.698055555555555,
    "y": 45.861111111111114
}