{
    "id": "G1357",
    "x": 28.65722222222222,
    "y": 46.322500000000005
}