{
    "id": "G5330",
    "x": 28.678055555555556,
    "y": 46.08416666666667
}