{
    "id": 329,
    "x": 28.539166666666667,
    "y": 45.99666666666667
}