{
    "id": "G1296",
    "x": 28.639444444444443,
    "y": 46.30583333333333
}