{
    "id": "T0197",
    "x": 28.568055555555556,
    "y": 45.77861111111111
}