{
    "id": "Lv1186",
    "x": 28.521666666666665,
    "y": 46.38166666666667
}