{
    "id": 1864,
    "x": 28.52361111111111,
    "y": 46.52611111111111
}