{
    "id": "T0530",
    "x": 28.668055555555558,
    "y": 45.89138888888889
}