{
    "id": "G5641",
    "x": 28.696944444444444,
    "y": 45.86388888888889
}