{
    "id": 1024,
    "x": 28.212777777777777,
    "y": 46.06333333333333
}