{
    "id": "Lv0593",
    "x": 28.355833333333333,
    "y": 46.51027777777778
}