{
    "id": "Cm0615",
    "x": 28.930833333333336,
    "y": 46.55416666666667
}