{
    "id": "Lv1287",
    "x": 28.330277777777777,
    "y": 46.44194444444444
}