{
    "id": "Cn0199",
    "x": 28.311944444444446,
    "y": 46.30333333333333
}