{
    "id": 420,
    "x": 28.62361111111111,
    "y": 45.77472222222222
}