{
    "id": "Cn1094",
    "x": 28.341388888888886,
    "y": 46.13388888888889
}