{
    "id": "G0947",
    "x": 28.640833333333333,
    "y": 46.15888888888889
}