{
    "id": "G1276",
    "x": 28.639444444444443,
    "y": 46.30166666666666
}