{
    "id": "G5188",
    "x": 28.771944444444443,
    "y": 46.17166666666667
}