{
    "id": "G0266",
    "x": 28.57111111111111,
    "y": 46.01638888888889
}