{
    "id": "Cm0645",
    "x": 28.920555555555556,
    "y": 46.55416666666667
}