{
    "id": "Cn0288",
    "x": 28.180833333333336,
    "y": 46.13111111111111
}