{
    "id": "Cm0289",
    "x": 28.80027777777778,
    "y": 46.624722222222225
}