{
    "id": "Cn1226",
    "x": 28.273888888888887,
    "y": 46.16916666666666
}