{
    "id": "G0591",
    "x": 28.597777777777775,
    "y": 46.10194444444445
}