{
    "id": "Cn0642",
    "x": 28.424444444444447,
    "y": 46.18888888888888
}