{
    "id": "Cn0590",
    "x": 28.21833333333333,
    "y": 46.37111111111111
}