{
    "id": "G1163",
    "x": 28.620555555555555,
    "y": 46.43083333333333
}