{
    "id": "Lv0807",
    "x": 28.316666666666666,
    "y": 46.57333333333334
}