{
    "id": "Cm0041",
    "x": 28.708055555555553,
    "y": 46.69083333333333
}