{
    "id": "G1166",
    "x": 28.616388888888892,
    "y": 46.42972222222222
}