{
    "id": "G1793",
    "x": 28.825555555555557,
    "y": 46.056666666666665
}