{
    "id": "Cm1531",
    "x": 28.805833333333332,
    "y": 46.52305555555555
}