{
    "id": "Cn0211",
    "x": 28.320833333333333,
    "y": 46.30222222222222
}