{
    "id": "B0253",
    "x": 28.893333333333334,
    "y": 46.440555555555555
}