{
    "id": "Cm1495",
    "x": 28.805555555555557,
    "y": 46.50472222222222
}