{
    "id": "G5040",
    "x": 28.936944444444446,
    "y": 46.20472222222222
}