{
    "id": 1144,
    "x": 28.41222222222222,
    "y": 45.94222222222222
}