{
    "id": "Lv1067",
    "x": 28.476666666666667,
    "y": 46.45138888888889
}