{
    "id": "Cm1506",
    "x": 28.80027777777778,
    "y": 46.50861111111111
}