{
    "id": "B0148",
    "x": 28.904444444444444,
    "y": 46.39805555555556
}