{
    "id": "Lv0085",
    "x": 28.461666666666666,
    "y": 46.54388888888889
}