{
    "id": 214,
    "x": 28.56833333333333,
    "y": 45.78472222222222
}