{
    "id": 746,
    "x": 28.176111111111112,
    "y": 46.05472222222222
}