{
    "id": "Cn0932",
    "x": 28.436666666666667,
    "y": 46.26444444444444
}