{
    "id": "Cn1242",
    "x": 28.28388888888889,
    "y": 46.181666666666665
}