{
    "id": "B0170",
    "x": 28.904999999999998,
    "y": 46.41861111111111
}