{
    "id": "Cm1421",
    "x": 29.008333333333333,
    "y": 46.581944444444446
}