{
    "id": 1863,
    "x": 28.528888888888886,
    "y": 46.52611111111111
}