{
    "id": "G5353",
    "x": 28.683333333333334,
    "y": 46.097500000000004
}