{
    "id": "Lv1495",
    "x": 28.254444444444445,
    "y": 46.56083333333333
}