{
    "id": "Cn0271",
    "x": 28.16444444444444,
    "y": 46.15416666666667
}