{
    "id": "Cm1042",
    "x": 28.866388888888892,
    "y": 46.629444444444445
}