{
    "id": "Cm1407",
    "x": 29.00111111111111,
    "y": 46.57777777777778
}