{
    "id": 641,
    "x": 28.217499999999998,
    "y": 45.987500000000004
}