{
    "id": "G5264",
    "x": 28.773888888888887,
    "y": 46.11083333333333
}