{
    "id": "G0188",
    "x": 28.656388888888888,
    "y": 46.00222222222222
}