{
    "id": 619,
    "x": 28.214166666666667,
    "y": 45.98694444444445
}