{
    "id": 1807,
    "x": 28.459166666666665,
    "y": 46.66611111111111
}