{
    "id": "B0197",
    "x": 28.912777777777777,
    "y": 46.41777777777777
}