{
    "id": "Cn0943",
    "x": 28.43305555555556,
    "y": 46.276944444444446
}