{
    "id": "Cn0843",
    "x": 28.394444444444446,
    "y": 46.32888888888889
}