{
    "id": "Lv1443",
    "x": 28.242222222222225,
    "y": 46.526666666666664
}