{
    "id": "G5056",
    "x": 28.83111111111111,
    "y": 46.25194444444445
}