{
    "id": "Cn0231",
    "x": 28.158055555555553,
    "y": 46.20444444444445
}