{
    "id": "Cm1007",
    "x": 28.755277777777778,
    "y": 46.42638888888889
}