{
    "id": "Cm1507",
    "x": 28.800555555555555,
    "y": 46.50805555555556
}