{
    "id": "Lv1057",
    "x": 28.474166666666665,
    "y": 46.44916666666666
}