{
    "id": 724,
    "x": 28.157777777777778,
    "y": 46.01416666666667
}