{
    "id": "G1139",
    "x": 28.615555555555556,
    "y": 46.42305555555555
}