{
    "id": "Cn0176",
    "x": 28.301666666666666,
    "y": 46.340833333333336
}