{
    "id": 952,
    "x": 28.275277777777777,
    "y": 46.097500000000004
}