{
    "id": "Cm1059",
    "x": 28.874444444444446,
    "y": 46.630833333333335
}