{
    "id": 772,
    "x": 28.211111111111112,
    "y": 46.02361111111111
}