{
    "id": "Cn0280",
    "x": 28.170833333333334,
    "y": 46.14361111111111
}