{
    "id": 779,
    "x": 28.22611111111111,
    "y": 46.02777777777778
}