{
    "id": "Lv0703",
    "x": 28.35611111111111,
    "y": 46.573888888888895
}