{
    "id": "Ch5095",
    "x": 28.374166666666667,
    "y": 45.768055555555556
}