{
    "id": "G0537",
    "x": 28.59583333333333,
    "y": 46.10722222222223
}