{
    "id": "Ch0520",
    "x": 28.42027777777778,
    "y": 46.01027777777778
}