{
    "id": "Lv1519",
    "x": 28.264722222222222,
    "y": 46.61333333333334
}