{
    "id": "Cm1367",
    "x": 28.991111111111113,
    "y": 46.568333333333335
}