{
    "id": "Cm1591",
    "x": 28.798055555555557,
    "y": 46.52638888888889
}