{
    "id": "Cm1420",
    "x": 29.008055555555554,
    "y": 46.57944444444445
}