{
    "id": "Cn0504",
    "x": 28.322499999999998,
    "y": 46.20666666666667
}