{
    "id": "Ch0597",
    "x": 28.411666666666665,
    "y": 45.924166666666665
}