{
    "id": 793,
    "x": 28.24361111111111,
    "y": 46.03472222222222
}