{
    "id": "G5332",
    "x": 28.675833333333333,
    "y": 46.08583333333333
}