{
    "id": "B0175",
    "x": 28.913055555555555,
    "y": 46.40611111111111
}