{
    "id": "G0512",
    "x": 28.592777777777776,
    "y": 46.11194444444445
}