{
    "id": "Lv0852",
    "x": 28.324166666666667,
    "y": 46.57777777777778
}