{
    "id": "Lv0204",
    "x": 28.551666666666666,
    "y": 46.63138888888889
}