{
    "id": "G5456",
    "x": 28.66472222222222,
    "y": 46.105555555555554
}