{
    "id": "Cn0890",
    "x": 28.42527777777778,
    "y": 46.35305555555556
}