{
    "id": "Cm0143",
    "x": 28.721666666666664,
    "y": 46.62694444444445
}