{
    "id": 959,
    "x": 28.263333333333332,
    "y": 46.09666666666667
}