{
    "id": "Cn0398",
    "x": 28.33888888888889,
    "y": 46.257222222222225
}