{
    "id": "Cm0016",
    "x": 28.698888888888888,
    "y": 46.70027777777778
}