{
    "id": "G1729",
    "x": 28.835833333333333,
    "y": 46.05916666666666
}