{
    "id": "G0143",
    "x": 28.65361111111111,
    "y": 46.007777777777775
}