{
    "id": "Cm0241",
    "x": 28.76638888888889,
    "y": 46.60638888888889
}