{
    "id": "B0264",
    "x": 28.885833333333334,
    "y": 46.44416666666666
}