{
    "id": "G5684",
    "x": 28.703055555555554,
    "y": 45.849444444444444
}