{
    "id": "G5589",
    "x": 28.821666666666665,
    "y": 46.35888888888889
}