{
    "id": "T0349",
    "x": 28.73638888888889,
    "y": 46.02194444444444
}