{
    "id": "Cn0346",
    "x": 28.246666666666666,
    "y": 46.23527777777778
}