{
    "id": "G1831",
    "x": 28.626944444444444,
    "y": 46.30416666666667
}