{
    "id": "Lv0614",
    "x": 28.361944444444447,
    "y": 46.513333333333335
}