{
    "id": 1662,
    "x": 28.526666666666667,
    "y": 46.60111111111111
}