{
    "id": "G5598",
    "x": 28.81527777777778,
    "y": 46.373333333333335
}