{
    "id": "Ch0539",
    "x": 28.410833333333333,
    "y": 46.05138888888889
}