{
    "id": "Cn0152",
    "x": 28.273333333333333,
    "y": 46.31666666666667
}