{
    "id": "Cn1177",
    "x": 28.247500000000002,
    "y": 46.150555555555556
}