{
    "id": "Cn0523",
    "x": 28.32361111111111,
    "y": 46.20333333333333
}