{
    "id": 160,
    "x": 28.578333333333333,
    "y": 45.73888888888889
}