{
    "id": "Cm0760",
    "x": 28.921666666666667,
    "y": 46.61388888888889
}