{
    "id": "Lv0470",
    "x": 28.552777777777777,
    "y": 46.57333333333334
}