{
    "id": "G5509",
    "x": 28.66861111111111,
    "y": 46.081388888888895
}