{
    "id": "Cn0008",
    "x": 28.232777777777777,
    "y": 46.272777777777776
}