{
    "id": "G5482",
    "x": 28.669444444444444,
    "y": 46.09388888888889
}