{
    "id": "G0938",
    "x": 28.648055555555555,
    "y": 46.223055555555554
}