{
    "id": "Lv1497",
    "x": 28.25611111111111,
    "y": 46.56361111111111
}