{
    "id": "Cm1110",
    "x": 28.839166666666664,
    "y": 46.658055555555556
}