{
    "id": "G0629",
    "x": 28.586388888888887,
    "y": 46.103611111111114
}