{
    "id": "Cm0530",
    "x": 28.754722222222224,
    "y": 46.736111111111114
}