{
    "id": "Lv1123",
    "x": 28.464444444444442,
    "y": 46.41916666666666
}