{
    "id": "G1250",
    "x": 28.634999999999998,
    "y": 46.29472222222222
}