{
    "id": "Cn0764",
    "x": 28.450833333333332,
    "y": 46.33638888888889
}