{
    "id": 277,
    "x": 28.473333333333333,
    "y": 45.99944444444444
}