{
    "id": "Ch0530",
    "x": 28.41222222222222,
    "y": 46.001666666666665
}