{
    "id": "G0218",
    "x": 28.65972222222222,
    "y": 45.995555555555555
}