{
    "id": "Lv1111",
    "x": 28.478055555555553,
    "y": 46.439722222222215
}