{
    "id": "G1122",
    "x": 28.616944444444446,
    "y": 46.41722222222222
}