{
    "id": "Lv1593",
    "x": 28.37527777777778,
    "y": 46.38972222222222
}