{
    "id": 734,
    "x": 28.161666666666665,
    "y": 46.01111111111111
}