{
    "id": "Lv0249",
    "x": 28.46944444444444,
    "y": 46.605000000000004
}