{
    "id": "Lv1108",
    "x": 28.47611111111111,
    "y": 46.43861111111111
}