{
    "id": 443,
    "x": 28.976666666666667,
    "y": 46.171388888888885
}