{
    "id": "Lv1158",
    "x": 28.52722222222222,
    "y": 46.37138888888889
}