{
    "id": "Lv1561",
    "x": 28.386388888888888,
    "y": 46.393055555555556
}