{
    "id": "B0276",
    "x": 28.785555555555558,
    "y": 46.31472222222222
}