{
    "id": 1515,
    "x": 28.479166666666664,
    "y": 46.536944444444444
}