{
    "id": "G0923",
    "x": 28.649444444444445,
    "y": 46.22277777777778
}