{
    "id": "G0574",
    "x": 28.592222222222222,
    "y": 46.105555555555554
}