{
    "id": "Cm1358",
    "x": 28.996111111111112,
    "y": 46.57194444444445
}