{
    "id": "G0127",
    "x": 28.65361111111111,
    "y": 46.01222222222222
}