{
    "id": "Cm0764",
    "x": 28.916944444444447,
    "y": 46.58222222222223
}