{
    "id": "Ch5227",
    "x": 28.530277777777776,
    "y": 46.04888888888889
}