{
    "id": 1007,
    "x": 28.229166666666664,
    "y": 46.07833333333333
}