{
    "id": "Ch0440",
    "x": 28.22583333333333,
    "y": 46.07472222222223
}