{
    "id": "Cn1192",
    "x": 28.474999999999998,
    "y": 46.198055555555555
}