{
    "id": "Cn0342",
    "x": 28.24138888888889,
    "y": 46.23555555555556
}