{
    "id": "G1010",
    "x": 28.644444444444446,
    "y": 46.168055555555554
}