{
    "id": "Lv1339",
    "x": 28.43111111111111,
    "y": 46.528888888888886
}