{
    "id": "Ch0830",
    "x": 28.448333333333334,
    "y": 45.61416666666667
}