{
    "id": "Lv1713",
    "x": 28.241944444444446,
    "y": 46.48916666666667
}