{
    "id": 1216,
    "x": 28.297777777777778,
    "y": 45.86416666666667
}