{
    "id": "G0040",
    "x": 28.672222222222224,
    "y": 46.01305555555555
}