{
    "id": "G1236",
    "x": 28.651944444444442,
    "y": 46.282777777777774
}