{
    "id": "B0323",
    "x": 28.98638888888889,
    "y": 46.33916666666667
}