{
    "id": "Cn0356",
    "x": 28.258333333333333,
    "y": 46.23638888888889
}