{
    "id": "G5689",
    "x": 28.70138888888889,
    "y": 45.85472222222222
}