{
    "id": "G0707",
    "x": 28.586388888888887,
    "y": 46.09277777777778
}