{
    "id": "G1500",
    "x": 28.513333333333332,
    "y": 46.15833333333333
}