{
    "id": "G0671",
    "x": 28.584444444444443,
    "y": 46.099444444444444
}