{
    "id": "Cm0917",
    "x": 28.62388888888889,
    "y": 46.57777777777778
}