{
    "id": "Lv1277",
    "x": 28.514444444444443,
    "y": 46.378055555555555
}