{
    "id": "Cm0103",
    "x": 28.75138888888889,
    "y": 46.730555555555554
}