{
    "id": "Lv1338",
    "x": 28.432222222222222,
    "y": 46.52916666666667
}