{
    "id": "G1784",
    "x": 28.824166666666667,
    "y": 46.06027777777778
}