{
    "id": "Lv0601",
    "x": 28.354722222222225,
    "y": 46.51583333333333
}