{
    "id": "Cn0647",
    "x": 28.431944444444447,
    "y": 46.17972222222222
}