{
    "id": "G0931",
    "x": 28.64638888888889,
    "y": 46.215833333333336
}