{
    "id": "G5484",
    "x": 28.66472222222222,
    "y": 46.094166666666666
}