{
    "id": 1153,
    "x": 28.41111111111111,
    "y": 45.92472222222222
}