{
    "id": "Cm1394",
    "x": 28.99388888888889,
    "y": 46.578611111111115
}