{
    "id": "Cn0800",
    "x": 28.408055555555553,
    "y": 46.32833333333333
}