{
    "id": 1628,
    "x": 28.552500000000002,
    "y": 46.63166666666667
}