{
    "id": 1033,
    "x": 28.238055555555558,
    "y": 46.07138888888889
}