{
    "id": "Lv0652",
    "x": 28.331666666666667,
    "y": 46.581944444444446
}