{
    "id": 1103,
    "x": 28.40833333333333,
    "y": 46.04722222222222
}