{
    "id": "Cm0852",
    "x": 28.910277777777775,
    "y": 46.62027777777778
}