{
    "id": "Lv1705",
    "x": 28.243333333333336,
    "y": 46.49138888888889
}