{
    "id": 1821,
    "x": 28.45611111111111,
    "y": 46.66083333333333
}