{
    "id": "B0004",
    "x": 28.866944444444446,
    "y": 46.44972222222222
}