{
    "id": 756,
    "x": 28.16916666666667,
    "y": 46.06083333333333
}