{
    "id": "G0341",
    "x": 28.60388888888889,
    "y": 46.111666666666665
}