{
    "id": 665,
    "x": 28.252777777777776,
    "y": 46.00972222222222
}