{
    "id": "Cn1185",
    "x": 28.480555555555554,
    "y": 46.19499999999999
}