{
    "id": "G0199",
    "x": 28.65361111111111,
    "y": 46.004444444444445
}