{
    "id": "Cn0255",
    "x": 28.159166666666664,
    "y": 46.163333333333334
}