{
    "id": "G0659",
    "x": 28.585555555555555,
    "y": 46.10194444444445
}