{
    "id": "G1758",
    "x": 28.84361111111111,
    "y": 46.06472222222222
}