{
    "id": "G1396",
    "x": 28.573055555555555,
    "y": 46.30777777777777
}