{
    "id": "B0217",
    "x": 28.935833333333335,
    "y": 46.50888888888889
}