{
    "id": 1369,
    "x": 28.449166666666667,
    "y": 45.59138888888889
}