{
    "id": 1326,
    "x": 28.43277777777778,
    "y": 45.81472222222222
}