{
    "id": "Cm1665",
    "x": 28.74527777777778,
    "y": 46.43861111111111
}