{
    "id": "Ch5180",
    "x": 28.482777777777777,
    "y": 46.10194444444445
}