{
    "id": "Lv1535",
    "x": 28.272777777777776,
    "y": 46.60138888888889
}