{
    "id": "Ch0626",
    "x": 28.350555555555555,
    "y": 45.94166666666666
}