{
    "id": "G1331",
    "x": 28.65972222222222,
    "y": 46.28527777777778
}