{
    "id": "Lv1481",
    "x": 28.241666666666667,
    "y": 46.553888888888885
}