{
    "id": 1575,
    "x": 28.480833333333333,
    "y": 46.624722222222225
}