{
    "id": "Lv0798",
    "x": 28.314722222222223,
    "y": 46.57777777777778
}