{
    "id": "Cm0830",
    "x": 28.906666666666666,
    "y": 46.623333333333335
}