{
    "id": "G0150",
    "x": 28.65611111111111,
    "y": 46.009166666666665
}