{
    "id": 72,
    "x": 28.59361111111111,
    "y": 45.90083333333333
}