{
    "id": "G5351",
    "x": 28.68166666666667,
    "y": 46.097500000000004
}