{
    "id": "G1339",
    "x": 28.65833333333333,
    "y": 46.28527777777778
}