{
    "id": "Cn0752",
    "x": 28.440555555555555,
    "y": 46.33833333333334
}