{
    "id": "G1103",
    "x": 28.601666666666667,
    "y": 46.42583333333333
}