{
    "id": "G5626",
    "x": 28.691944444444445,
    "y": 45.86527777777778
}