{
    "id": "Ch0807",
    "x": 28.448611111111113,
    "y": 45.58861111111111
}