{
    "id": "G0892",
    "x": 28.648888888888887,
    "y": 46.22888888888889
}