{
    "id": "G0689",
    "x": 28.585833333333333,
    "y": 46.097500000000004
}