{
    "id": "T0164",
    "x": 28.57777777777778,
    "y": 45.734722222222224
}