{
    "id": 374,
    "x": 28.734166666666667,
    "y": 46.00388888888889
}