{
    "id": "Ch0304",
    "x": 28.340277777777775,
    "y": 46.02583333333333
}