{
    "id": "Cm0883",
    "x": 28.910555555555554,
    "y": 46.608333333333334
}