{
    "id": "Lv0805",
    "x": 28.31861111111111,
    "y": 46.57166666666667
}