{
    "id": "Lv1740",
    "x": 28.262777777777778,
    "y": 46.45777777777778
}