{
    "id": 287,
    "x": 28.474444444444444,
    "y": 45.967777777777776
}