{
    "id": "Cn0525",
    "x": 28.31888888888889,
    "y": 46.202222222222225
}