{
    "id": "Cm1013",
    "x": 28.760833333333334,
    "y": 46.43583333333333
}