{
    "id": "G0593",
    "x": 28.59611111111111,
    "y": 46.10027777777778
}