{
    "id": "Cm0431",
    "x": 28.927222222222223,
    "y": 46.530833333333334
}