{
    "id": "Lv0606",
    "x": 28.359166666666667,
    "y": 46.51777777777777
}