{
    "id": "G0824",
    "x": 28.646666666666665,
    "y": 46.234722222222224
}