{
    "id": "Cn0047",
    "x": 28.22861111111111,
    "y": 46.269444444444446
}