{
    "id": "Cm0585",
    "x": 28.916944444444447,
    "y": 46.590833333333336
}