{
    "id": "Cn0531",
    "x": 28.32638888888889,
    "y": 46.212500000000006
}