{
    "id": "G1205",
    "x": 28.633333333333333,
    "y": 46.40555555555555
}