{
    "id": "Lv0979",
    "x": 28.45888888888889,
    "y": 46.434999999999995
}