{
    "id": "G5593",
    "x": 28.81722222222222,
    "y": 46.367777777777775
}