{
    "id": "Ch0374",
    "x": 28.290000000000003,
    "y": 46.113055555555555
}