{
    "id": "G5506",
    "x": 28.669444444444444,
    "y": 46.08444444444444
}