{
    "id": "G0037",
    "x": 28.663888888888888,
    "y": 46.01027777777778
}