{
    "id": "Cm0637",
    "x": 28.923055555555557,
    "y": 46.55333333333333
}