{
    "id": "Lv0557",
    "x": 28.35527777777778,
    "y": 46.52388888888889
}