{
    "id": "G0237",
    "x": 28.66222222222222,
    "y": 45.999722222222225
}