{
    "id": "Lv1435",
    "x": 28.245555555555555,
    "y": 46.52861111111111
}