{
    "id": "G0193",
    "x": 28.65611111111111,
    "y": 46.004444444444445
}