{
    "id": "Ch5114",
    "x": 28.481944444444444,
    "y": 46.081944444444446
}