{
    "id": "G0738",
    "x": 28.603055555555557,
    "y": 46.10305555555556
}