{
    "id": "Ch0137",
    "x": 28.251666666666665,
    "y": 46.003055555555555
}