{
    "id": "Cn0073",
    "x": 28.214166666666667,
    "y": 46.26277777777778
}