{
    "id": "Cm1606",
    "x": 28.778333333333332,
    "y": 46.530277777777776
}