{
    "id": "Cm0909",
    "x": 28.625833333333333,
    "y": 46.56722222222223
}