{
    "id": "G1702",
    "x": 28.84638888888889,
    "y": 46.059999999999995
}