{
    "id": "Cn0282",
    "x": 28.17388888888889,
    "y": 46.14055555555556
}