{
    "id": "G5183",
    "x": 28.77111111111111,
    "y": 46.195277777777775
}