{
    "id": "G1685",
    "x": 28.84611111111111,
    "y": 46.05722222222222
}