{
    "id": 37,
    "x": 28.599444444444444,
    "y": 45.90333333333333
}