{
    "id": "G5016",
    "x": 28.949444444444445,
    "y": 46.212500000000006
}