{
    "id": "Cm0896",
    "x": 28.90138888888889,
    "y": 46.61527777777778
}