{
    "id": "G0491",
    "x": 28.58222222222222,
    "y": 46.12111111111111
}