{
    "id": "Cm1298",
    "x": 28.850555555555555,
    "y": 46.69194444444444
}