{
    "id": "Cn0792",
    "x": 28.404166666666665,
    "y": 46.32416666666667
}