{
    "id": "Cn0611",
    "x": 28.385833333333334,
    "y": 46.19083333333333
}