{
    "id": "Ch0254",
    "x": 28.252777777777776,
    "y": 46.03972222222222
}