{
    "id": "G1204",
    "x": 28.633333333333333,
    "y": 46.405833333333334
}