{
    "id": "Lv1463",
    "x": 28.241111111111113,
    "y": 46.57138888888889
}