{
    "id": 1166,
    "x": 28.385277777777777,
    "y": 45.901944444444446
}