{
    "id": "G1480",
    "x": 28.51388888888889,
    "y": 46.16555555555556
}