{
    "id": "Cm0786",
    "x": 28.91638888888889,
    "y": 46.57638888888889
}