{
    "id": "B0228",
    "x": 28.953611111111112,
    "y": 46.48222222222223
}