{
    "id": "G5612",
    "x": 28.810833333333335,
    "y": 46.37722222222222
}