{
    "id": "Cn0030",
    "x": 28.233888888888888,
    "y": 46.288888888888884
}