{
    "id": 387,
    "x": 28.490555555555556,
    "y": 45.83166666666667
}