{
    "id": "G1235",
    "x": 28.648611111111112,
    "y": 46.282222222222224
}