{
    "id": "G5318",
    "x": 28.763333333333332,
    "y": 46.10194444444445
}