{
    "id": "Cm0417",
    "x": 28.673055555555557,
    "y": 46.651666666666664
}