{
    "id": 1536,
    "x": 28.400555555555552,
    "y": 46.593611111111116
}