{
    "id": "T0242",
    "x": 28.491111111111113,
    "y": 45.920833333333334
}