{
    "id": "G0290",
    "x": 28.569444444444443,
    "y": 46.02861111111111
}