{
    "id": "Cm0519",
    "x": 28.746944444444445,
    "y": 46.73222222222223
}