{
    "id": "G1507",
    "x": 28.441666666666666,
    "y": 45.87583333333333
}