{
    "id": "Cn0336",
    "x": 28.22222222222222,
    "y": 46.19694444444444
}