{
    "id": "Cn0786",
    "x": 28.40222222222222,
    "y": 46.32194444444445
}