{
    "id": "G5716",
    "x": 28.701666666666664,
    "y": 45.83777777777778
}