{
    "id": "G5553",
    "x": 28.82472222222222,
    "y": 46.365833333333335
}