{
    "id": "Cm0109",
    "x": 28.76638888888889,
    "y": 46.73444444444444
}