{
    "id": "Cm1069",
    "x": 28.848888888888887,
    "y": 46.65694444444444
}