{
    "id": "G5214",
    "x": 28.874166666666667,
    "y": 46.18277777777777
}