{
    "id": "Cm0464",
    "x": 28.596666666666664,
    "y": 46.56805555555556
}