{
    "id": "Ch5147",
    "x": 28.482499999999998,
    "y": 46.07916666666667
}