{
    "id": "Lv0819",
    "x": 28.32361111111111,
    "y": 46.57611111111112
}