{
    "id": "Lv1727",
    "x": 28.245833333333334,
    "y": 46.48277777777778
}