{
    "id": "Lv0912",
    "x": 28.42361111111111,
    "y": 46.42861111111111
}