{
    "id": 1686,
    "x": 28.46972222222222,
    "y": 46.61388888888889
}