{
    "id": "T0288",
    "x": 28.475277777777777,
    "y": 45.96277777777778
}