{
    "id": "G1723",
    "x": 28.83861111111111,
    "y": 46.05888888888889
}