{
    "id": 1554,
    "x": 28.404444444444444,
    "y": 46.587500000000006
}