{
    "id": 1049,
    "x": 28.234722222222224,
    "y": 46.07027777777778
}