{
    "id": "Lv1691",
    "x": 28.247777777777777,
    "y": 46.49333333333333
}