{
    "id": "B0308",
    "x": 28.775555555555556,
    "y": 46.30361111111111
}