{
    "id": 660,
    "x": 28.243333333333336,
    "y": 46.007777777777775
}