{
    "id": "G1488",
    "x": 28.51638888888889,
    "y": 46.16027777777778
}