{
    "id": 538,
    "x": 28.67361111111111,
    "y": 45.90888888888889
}