{
    "id": "Lv0673",
    "x": 28.325277777777778,
    "y": 46.58305555555556
}