{
    "id": "G5444",
    "x": 28.663888888888888,
    "y": 46.10277777777778
}