{
    "id": "Cm1148",
    "x": 28.746666666666666,
    "y": 46.44333333333333
}