{
    "id": "Cm0933",
    "x": 28.596944444444443,
    "y": 46.57638888888889
}