{
    "id": "G5407",
    "x": 28.671944444444446,
    "y": 46.106944444444444
}