{
    "id": 1003,
    "x": 28.22833333333333,
    "y": 46.075833333333335
}