{
    "id": "G0409",
    "x": 28.586388888888887,
    "y": 46.12222222222222
}