{
    "id": 76,
    "x": 28.599444444444444,
    "y": 45.89833333333333
}