{
    "id": "B0229",
    "x": 28.953888888888887,
    "y": 46.48083333333334
}