{
    "id": "Cn1103",
    "x": 28.342499999999998,
    "y": 46.135555555555555
}