{
    "id": "Cm0728",
    "x": 28.639722222222222,
    "y": 46.70916666666667
}