{
    "id": "Cm1642",
    "x": 28.78222222222222,
    "y": 46.515277777777776
}