{
    "id": 467,
    "x": 28.963055555555556,
    "y": 46.13638888888889
}