{
    "id": "G0421",
    "x": 28.59722222222222,
    "y": 46.12166666666667
}