{
    "id": "Cm1220",
    "x": 28.64611111111111,
    "y": 46.468333333333334
}