{
    "id": "G1736",
    "x": 28.840833333333332,
    "y": 46.06305555555555
}