{
    "id": "Lv1097",
    "x": 28.489444444444445,
    "y": 46.45888888888889
}