{
    "id": "Lv0730",
    "x": 28.325277777777778,
    "y": 46.56944444444445
}