{
    "id": 868,
    "x": 28.34361111111111,
    "y": 46.02305555555555
}