{
    "id": "G5708",
    "x": 28.698611111111113,
    "y": 45.84166666666667
}