{
    "id": "T0148",
    "x": 28.570555555555554,
    "y": 45.776944444444446
}