{
    "id": "Cn0512",
    "x": 28.310000000000002,
    "y": 46.19833333333333
}