{
    "id": "Cn0391",
    "x": 28.342499999999998,
    "y": 46.25361111111111
}