{
    "id": "G0828",
    "x": 28.646666666666665,
    "y": 46.238055555555555
}