{
    "id": "G5048",
    "x": 28.843888888888888,
    "y": 46.24888888888889
}