{
    "id": "Cn1170",
    "x": 28.245555555555555,
    "y": 46.151666666666664
}