{
    "id": "Lv1290",
    "x": 28.328611111111112,
    "y": 46.44083333333333
}