{
    "id": "Cm1590",
    "x": 28.797222222222224,
    "y": 46.52583333333333
}