{
    "id": "G1471",
    "x": 28.51361111111111,
    "y": 46.16694444444444
}