{
    "id": "Lv1030",
    "x": 28.432222222222222,
    "y": 46.41861111111111
}