{
    "id": "Cn0155",
    "x": 28.279166666666665,
    "y": 46.31527777777777
}