{
    "id": "G0837",
    "x": 28.64361111111111,
    "y": 46.23111111111111
}