{
    "id": "Cn0224",
    "x": 28.15111111111111,
    "y": 46.234722222222224
}