{
    "id": "Lv1405",
    "x": 28.25583333333333,
    "y": 46.525277777777774
}