{
    "id": "Cn0825",
    "x": 28.395555555555553,
    "y": 46.31944444444445
}