{
    "id": "Ch5009",
    "x": 28.171944444444446,
    "y": 45.669999999999995
}