{
    "id": "Lv0802",
    "x": 28.31638888888889,
    "y": 46.57027777777778
}