{
    "id": "Cn0698",
    "x": 28.46944444444444,
    "y": 46.16166666666666
}