{
    "id": "Lv0989",
    "x": 28.465555555555554,
    "y": 46.43805555555555
}