{
    "id": "Lv1586",
    "x": 28.37361111111111,
    "y": 46.38527777777778
}