{
    "id": "Cm0037",
    "x": 28.709166666666665,
    "y": 46.69444444444444
}