{
    "id": "Cm1303",
    "x": 28.808055555555555,
    "y": 46.693888888888885
}