{
    "id": 1414,
    "x": 28.20777777777778,
    "y": 45.918055555555554
}