{
    "id": "Cm1009",
    "x": 28.75861111111111,
    "y": 46.436388888888885
}