{
    "id": "Lv0749",
    "x": 28.316666666666666,
    "y": 46.55972222222222
}