{
    "id": "B0269",
    "x": 28.896666666666665,
    "y": 46.43416666666666
}