{
    "id": 459,
    "x": 28.970555555555553,
    "y": 46.143055555555556
}