{
    "id": "B0032",
    "x": 28.87138888888889,
    "y": 46.45444444444445
}