{
    "id": "G0973",
    "x": 28.654166666666665,
    "y": 46.17194444444444
}