{
    "id": "G5704",
    "x": 28.697222222222223,
    "y": 45.843333333333334
}