{
    "id": "Ch5243",
    "x": 28.200833333333332,
    "y": 45.48833333333334
}