{
    "id": "Cn0560",
    "x": 28.21527777777778,
    "y": 46.322500000000005
}