{
    "id": "Cn0365",
    "x": 28.26861111111111,
    "y": 46.22944444444445
}