{
    "id": "Ch0325",
    "x": 28.350833333333334,
    "y": 46.02861111111111
}