{
    "id": "Cn1070",
    "x": 28.39472222222222,
    "y": 46.10666666666667
}