{
    "id": "Ch5022",
    "x": 28.177222222222223,
    "y": 45.771388888888886
}