{
    "id": 1638,
    "x": 28.55138888888889,
    "y": 46.621944444444445
}