{
    "id": "Lv1342",
    "x": 28.42888888888889,
    "y": 46.52833333333333
}