{
    "id": "G1661",
    "x": 28.85666666666667,
    "y": 46.04333333333333
}