{
    "id": "Cm1632",
    "x": 28.754444444444445,
    "y": 46.521388888888886
}