{
    "id": "Lv0797",
    "x": 28.313055555555557,
    "y": 46.57638888888889
}