{
    "id": 1535,
    "x": 28.400277777777777,
    "y": 46.594166666666666
}