{
    "id": "Lv1751",
    "x": 28.260833333333334,
    "y": 46.473888888888894
}