{
    "id": "Lv0466",
    "x": 28.54638888888889,
    "y": 46.57194444444445
}