{
    "id": "G5090",
    "x": 28.829444444444444,
    "y": 46.25333333333333
}