{
    "id": "G1652",
    "x": 28.835555555555555,
    "y": 46.04527777777778
}