{
    "id": "Lv0642",
    "x": 28.32638888888889,
    "y": 46.57611111111112
}