{
    "id": "Lv0982",
    "x": 28.464166666666667,
    "y": 46.43861111111111
}