{
    "id": 1562,
    "x": 28.40972222222222,
    "y": 46.58166666666667
}