{
    "id": "Lv0744",
    "x": 28.31888888888889,
    "y": 46.56333333333333
}