{
    "id": "Cm1272",
    "x": 28.896944444444443,
    "y": 46.695277777777775
}