{
    "id": 1833,
    "x": 28.531666666666666,
    "y": 46.525277777777774
}