{
    "id": "G1519",
    "x": 28.453888888888887,
    "y": 45.86888888888889
}