{
    "id": "Lv1105",
    "x": 28.47222222222222,
    "y": 46.441111111111105
}