{
    "id": 1348,
    "x": 28.448055555555555,
    "y": 45.62111111111111
}