{
    "id": "G1195",
    "x": 28.629166666666666,
    "y": 46.42222222222222
}