{
    "id": "Cn0361",
    "x": 28.247500000000002,
    "y": 46.23638888888889
}