{
    "id": "G0889",
    "x": 28.648333333333333,
    "y": 46.227222222222224
}