{
    "id": "G0725",
    "x": 28.589166666666664,
    "y": 46.091944444444444
}