{
    "id": "G0208",
    "x": 28.654444444444444,
    "y": 45.99861111111111
}