{
    "id": "G5730",
    "x": 28.68888888888889,
    "y": 45.853611111111114
}