{
    "id": "G1815",
    "x": 28.82111111111111,
    "y": 46.07083333333334
}