{
    "id": "Cm1519",
    "x": 28.785833333333336,
    "y": 46.514722222222225
}