{
    "id": "Lv1315",
    "x": 28.318055555555556,
    "y": 46.431666666666665
}