{
    "id": "Cn0618",
    "x": 28.38361111111111,
    "y": 46.198055555555555
}