{
    "id": "G0487",
    "x": 28.584722222222222,
    "y": 46.11944444444445
}