{
    "id": "Cm1235",
    "x": 28.625555555555557,
    "y": 46.48083333333334
}