{
    "id": "Cm0275",
    "x": 28.750833333333333,
    "y": 46.61083333333333
}