{
    "id": "G0118",
    "x": 28.65861111111111,
    "y": 46.01361111111111
}