{
    "id": "G5101",
    "x": 28.834166666666665,
    "y": 46.25472222222222
}