{
    "id": 1345,
    "x": 28.448055555555555,
    "y": 45.61694444444444
}