{
    "id": "Cm0759",
    "x": 28.89611111111111,
    "y": 46.62111111111111
}