{
    "id": 1130,
    "x": 28.334444444444443,
    "y": 45.98777777777778
}