{
    "id": "G1095",
    "x": 28.598888888888887,
    "y": 46.42583333333333
}