{
    "id": 852,
    "x": 28.344444444444445,
    "y": 46.035555555555554
}