{
    "id": "Cm0449",
    "x": 28.61527777777778,
    "y": 46.603611111111114
}