{
    "id": "Cn0164",
    "x": 28.276944444444442,
    "y": 46.31027777777778
}