{
    "id": "G1768",
    "x": 28.840833333333332,
    "y": 46.071111111111115
}