{
    "id": "Cm1571",
    "x": 28.808611111111112,
    "y": 46.52833333333333
}