{
    "id": "Lv0900",
    "x": 28.41611111111111,
    "y": 46.41888888888889
}