{
    "id": "G1675",
    "x": 28.844166666666666,
    "y": 46.053888888888885
}