{
    "id": 462,
    "x": 28.966666666666665,
    "y": 46.13388888888889
}