{
    "id": "G1345",
    "x": 28.668333333333333,
    "y": 46.299166666666665
}