{
    "id": "Cn0847",
    "x": 28.400555555555552,
    "y": 46.32416666666667
}