{
    "id": 1401,
    "x": 28.53388888888889,
    "y": 45.75972222222222
}