{
    "id": "Lv1602",
    "x": 28.366111111111113,
    "y": 46.38333333333333
}