{
    "id": "G5833",
    "x": 28.441111111111113,
    "y": 45.53666666666666
}