{
    "id": "Lv1568",
    "x": 28.385277777777777,
    "y": 46.39388888888889
}