{
    "id": "Ch0810",
    "x": 28.448611111111113,
    "y": 45.59027777777778
}