{
    "id": "G0182",
    "x": 28.659444444444443,
    "y": 46.00083333333333
}