{
    "id": "G1800",
    "x": 28.84361111111111,
    "y": 46.04861111111111
}