{
    "id": "Ch5029",
    "x": 28.17027777777778,
    "y": 45.76555555555556
}