{
    "id": "Lv0733",
    "x": 28.324444444444445,
    "y": 46.56888888888889
}