{
    "id": "G1489",
    "x": 28.51527777777778,
    "y": 46.160555555555554
}