{
    "id": "Lv0155",
    "x": 28.478888888888886,
    "y": 46.625277777777775
}