{
    "id": "G1398",
    "x": 28.572222222222223,
    "y": 46.311388888888885
}