{
    "id": "Ch5035",
    "x": 28.172222222222224,
    "y": 45.753055555555555
}