{
    "id": 1545,
    "x": 28.392777777777777,
    "y": 46.59805555555556
}