{
    "id": "Lv1437",
    "x": 28.248055555555556,
    "y": 46.528888888888886
}