{
    "id": "Ch0163",
    "x": 28.161666666666665,
    "y": 46.00944444444445
}