{
    "id": "Lv1382",
    "x": 28.253333333333334,
    "y": 46.41111111111111
}