{
    "id": "Cm1455",
    "x": 29.024166666666666,
    "y": 46.51833333333333
}