{
    "id": "Ch5251",
    "x": 28.18277777777778,
    "y": 45.76694444444444
}