{
    "id": "Cn1049",
    "x": 28.402777777777775,
    "y": 46.14666666666667
}