{
    "id": "Cn0908",
    "x": 28.412777777777777,
    "y": 46.35722222222223
}