{
    "id": "G5666",
    "x": 28.692222222222224,
    "y": 45.85722222222223
}