{
    "id": "Ch0713",
    "x": 28.33888888888889,
    "y": 45.812777777777775
}