{
    "id": 542,
    "x": 28.685555555555556,
    "y": 45.91027777777778
}