{
    "id": "Lv1427",
    "x": 28.254166666666666,
    "y": 46.52916666666667
}