{
    "id": "G0948",
    "x": 28.636944444444445,
    "y": 46.15222222222222
}