{
    "id": 59,
    "x": 28.59472222222222,
    "y": 45.902499999999996
}