{
    "id": "G1392",
    "x": 28.564722222222223,
    "y": 46.327222222222225
}