{
    "id": "Cm0902",
    "x": 28.871111111111112,
    "y": 46.630833333333335
}