{
    "id": 296,
    "x": 28.47583333333333,
    "y": 45.964444444444446
}