{
    "id": "Lv1178",
    "x": 28.519166666666667,
    "y": 46.37222222222222
}