{
    "id": "B0146",
    "x": 28.90694444444444,
    "y": 46.395833333333336
}