{
    "id": "Cn0641",
    "x": 28.419444444444444,
    "y": 46.19416666666666
}