{
    "id": "Ch0436",
    "x": 28.226666666666667,
    "y": 46.077222222222225
}