{
    "id": "Ch5162",
    "x": 28.485277777777778,
    "y": 46.102222222222224
}