{
    "id": "Cm0111",
    "x": 28.768055555555556,
    "y": 46.73527777777778
}