{
    "id": "Lv1245",
    "x": 28.509722222222223,
    "y": 46.36611111111111
}