{
    "id": "B0321",
    "x": 28.984444444444446,
    "y": 46.33416666666667
}