{
    "id": "G5874",
    "x": 28.765555555555554,
    "y": 46.10805555555556
}