{
    "id": 1343,
    "x": 28.447777777777777,
    "y": 45.609722222222224
}