{
    "id": "G0595",
    "x": 28.595555555555553,
    "y": 46.098888888888894
}