{
    "id": "Lv0670",
    "x": 28.32611111111111,
    "y": 46.58361111111111
}