{
    "id": "Cn0366",
    "x": 28.269166666666667,
    "y": 46.22888888888889
}