{
    "id": 1105,
    "x": 28.408055555555553,
    "y": 46.047777777777775
}