{
    "id": "Cm0634",
    "x": 28.922222222222224,
    "y": 46.55638888888888
}