{
    "id": "Lv0460",
    "x": 28.545833333333334,
    "y": 46.57333333333334
}