{
    "id": "G5386",
    "x": 28.677222222222223,
    "y": 46.10444444444445
}