{
    "id": "B0007",
    "x": 28.870833333333334,
    "y": 46.45027777777778
}