{
    "id": "G1830",
    "x": 28.675555555555558,
    "y": 46.28444444444444
}