{
    "id": "Cn0418",
    "x": 28.331666666666667,
    "y": 46.30888888888889
}