{
    "id": 1732,
    "x": 28.430555555555557,
    "y": 46.644999999999996
}