{
    "id": "Lv1237",
    "x": 28.511666666666667,
    "y": 46.363055555555555
}