{
    "id": "G5731",
    "x": 28.688055555555557,
    "y": 45.85277777777778
}