{
    "id": "Cn0650",
    "x": 28.43638888888889,
    "y": 46.17722222222222
}