{
    "id": "G1720",
    "x": 28.83833333333333,
    "y": 46.06083333333333
}