{
    "id": "Lv0158",
    "x": 28.483888888888888,
    "y": 46.629444444444445
}