{
    "id": "Ch5129",
    "x": 28.469166666666666,
    "y": 46.084722222222226
}