{
    "id": "Cm0485",
    "x": 28.934722222222224,
    "y": 46.541666666666664
}