{
    "id": "Cn0621",
    "x": 28.414166666666667,
    "y": 46.215833333333336
}