{
    "id": 1629,
    "x": 28.552500000000002,
    "y": 46.63111111111111
}