{
    "id": "Lv0771",
    "x": 28.315833333333334,
    "y": 46.56333333333333
}