{
    "id": 1810,
    "x": 28.45777777777778,
    "y": 46.66444444444444
}