{
    "id": "Cm0518",
    "x": 28.746111111111112,
    "y": 46.731944444444444
}