{
    "id": "Lv1589",
    "x": 28.373055555555556,
    "y": 46.386944444444445
}