{
    "id": "Cm1548",
    "x": 28.81361111111111,
    "y": 46.525555555555556
}