{
    "id": "B0050",
    "x": 28.87138888888889,
    "y": 46.45805555555556
}