{
    "id": 1634,
    "x": 28.552222222222223,
    "y": 46.62583333333333
}