{
    "id": "G1495",
    "x": 28.51361111111111,
    "y": 46.15972222222222
}