{
    "id": "Ch0718",
    "x": 28.33972222222222,
    "y": 45.81388888888888
}