{
    "id": "Cn0478",
    "x": 28.34722222222222,
    "y": 46.36361111111111
}