{
    "id": "Cm0102",
    "x": 28.748055555555556,
    "y": 46.72944444444445
}