{
    "id": "G0999",
    "x": 28.642777777777777,
    "y": 46.17777777777778
}