{
    "id": "Cn0212",
    "x": 28.319166666666668,
    "y": 46.301111111111105
}