{
    "id": "Cm0246",
    "x": 28.759722222222223,
    "y": 46.61611111111111
}