{
    "id": "G0934",
    "x": 28.646666666666665,
    "y": 46.219166666666666
}