{
    "id": "B0248",
    "x": 28.888333333333332,
    "y": 46.44583333333333
}