{
    "id": "Cm0946",
    "x": 28.62388888888889,
    "y": 46.53388888888889
}