{
    "id": "G0516",
    "x": 28.59722222222222,
    "y": 46.10916666666667
}