{
    "id": "Cm0106",
    "x": 28.75638888888889,
    "y": 46.73305555555556
}