{
    "id": "Cn0869",
    "x": 28.41472222222222,
    "y": 46.363055555555555
}