{
    "id": "G1761",
    "x": 28.84361111111111,
    "y": 46.06638888888889
}