{
    "id": "G1305",
    "x": 28.644444444444446,
    "y": 46.30277777777778
}