{
    "id": "Cm0129",
    "x": 28.725277777777777,
    "y": 46.620555555555555
}