{
    "id": "Cn0156",
    "x": 28.28111111111111,
    "y": 46.31388888888888
}