{
    "id": "G5302",
    "x": 28.761666666666667,
    "y": 46.10055555555556
}