{
    "id": "G5679",
    "x": 28.698333333333334,
    "y": 45.85444444444445
}