{
    "id": "Cm1453",
    "x": 29.021666666666665,
    "y": 46.52194444444444
}