{
    "id": "Lv0818",
    "x": 28.317777777777778,
    "y": 46.57527777777778
}