{
    "id": "Lv1063",
    "x": 28.468888888888888,
    "y": 46.44361111111111
}