{
    "id": "G1168",
    "x": 28.621111111111112,
    "y": 46.42861111111111
}