{
    "id": "Ch0049",
    "x": 28.21361111111111,
    "y": 45.98888888888889
}