{
    "id": "Cn0063",
    "x": 28.223333333333333,
    "y": 46.263888888888886
}