{
    "id": 266,
    "x": 28.474166666666665,
    "y": 46.033055555555556
}