{
    "id": "Cn0516",
    "x": 28.311666666666667,
    "y": 46.19416666666666
}