{
    "id": "G5674",
    "x": 28.69611111111111,
    "y": 45.85527777777778
}