{
    "id": "G5059",
    "x": 28.843055555555555,
    "y": 46.250277777777775
}