{
    "id": "G1583",
    "x": 28.598888888888887,
    "y": 46.103611111111114
}