{
    "id": 1118,
    "x": 28.404722222222222,
    "y": 46.05277777777778
}