{
    "id": "G0312",
    "x": 28.597777777777775,
    "y": 46.09861111111111
}