{
    "id": "Cm1647",
    "x": 28.75888888888889,
    "y": 46.52361111111111
}