{
    "id": "G0698",
    "x": 28.58722222222222,
    "y": 46.09805555555556
}