{
    "id": 1423,
    "x": 28.20138888888889,
    "y": 45.92472222222222
}