{
    "id": "Ch5249",
    "x": 28.210277777777776,
    "y": 45.48083333333334
}