{
    "id": "G5515",
    "x": 28.66916666666667,
    "y": 46.08722222222222
}