{
    "id": "Ch5016",
    "x": 28.177222222222223,
    "y": 45.73694444444445
}