{
    "id": "G5511",
    "x": 28.66638888888889,
    "y": 46.084722222222226
}