{
    "id": "Cm1301",
    "x": 28.80638888888889,
    "y": 46.69611111111111
}