{
    "id": "Ch0471",
    "x": 28.218055555555555,
    "y": 46.07638888888889
}