{
    "id": "Cm0685",
    "x": 28.60027777777778,
    "y": 46.651666666666664
}