{
    "id": "Cm0567",
    "x": 28.92666666666667,
    "y": 46.59305555555556
}