{
    "id": "Cm1305",
    "x": 28.806944444444444,
    "y": 46.68861111111111
}