{
    "id": "Cm0356",
    "x": 28.646666666666665,
    "y": 46.67444444444444
}