{
    "id": "B0244",
    "x": 28.795555555555556,
    "y": 46.31388888888888
}