{
    "id": "Cn1189",
    "x": 28.47972222222222,
    "y": 46.19166666666666
}