{
    "id": "B0069",
    "x": 28.941388888888888,
    "y": 46.355000000000004
}