{
    "id": "Cm0947",
    "x": 28.62472222222222,
    "y": 46.532222222222224
}