{
    "id": "Lv1054",
    "x": 28.47138888888889,
    "y": 46.44916666666666
}