{
    "id": 796,
    "x": 28.239444444444445,
    "y": 46.03194444444444
}