{
    "id": "Cn0942",
    "x": 28.433611111111112,
    "y": 46.275555555555556
}