{
    "id": 318,
    "x": 28.571666666666665,
    "y": 46.00694444444444
}