{
    "id": "Lv0232",
    "x": 28.529444444444444,
    "y": 46.60111111111111
}