{
    "id": "G0549",
    "x": 28.585555555555555,
    "y": 46.11138888888889
}