{
    "id": "G5266",
    "x": 28.773055555555555,
    "y": 46.10944444444445
}