{
    "id": 1299,
    "x": 28.333055555555557,
    "y": 45.811388888888885
}