{
    "id": "Cm0778",
    "x": 28.921944444444446,
    "y": 46.56361111111111
}