{
    "id": "Lv0750",
    "x": 28.31527777777778,
    "y": 46.559444444444445
}