{
    "id": "Lv0500",
    "x": 28.42666666666667,
    "y": 46.55916666666666
}