{
    "id": "Cm1585",
    "x": 28.800555555555555,
    "y": 46.52583333333333
}