{
    "id": "Lv0308",
    "x": 28.430555555555557,
    "y": 46.644999999999996
}