{
    "id": "G0070",
    "x": 28.66333333333333,
    "y": 46.01611111111111
}