{
    "id": "G5111",
    "x": 28.836388888888887,
    "y": 46.259166666666665
}