{
    "id": 1707,
    "x": 28.41722222222222,
    "y": 46.61527777777778
}