{
    "id": "Cm1286",
    "x": 28.886666666666667,
    "y": 46.67944444444444
}