{
    "id": "Cm1313",
    "x": 28.81138888888889,
    "y": 46.68944444444444
}