{
    "id": "Lv0795",
    "x": 28.31277777777778,
    "y": 46.57222222222222
}