{
    "id": "T0050",
    "x": 28.594444444444445,
    "y": 45.897777777777776
}