{
    "id": "Cm0339",
    "x": 28.648333333333333,
    "y": 46.67444444444444
}