{
    "id": 464,
    "x": 28.959444444444443,
    "y": 46.13944444444444
}