{
    "id": 1742,
    "x": 28.433333333333334,
    "y": 46.64555555555555
}