{
    "id": 93,
    "x": 28.591388888888886,
    "y": 45.90222222222222
}