{
    "id": "Lv1296",
    "x": 28.32611111111111,
    "y": 46.442499999999995
}