{
    "id": "Cn0431",
    "x": 28.31277777777778,
    "y": 46.34722222222222
}