{
    "id": "G5567",
    "x": 28.823333333333334,
    "y": 46.36611111111111
}