{
    "id": "G5655",
    "x": 28.69361111111111,
    "y": 45.85888888888889
}