{
    "id": "Ch5239",
    "x": 28.18305555555556,
    "y": 45.568333333333335
}