{
    "id": 863,
    "x": 28.341666666666665,
    "y": 46.027499999999996
}