{
    "id": "Cn0487",
    "x": 28.33722222222222,
    "y": 46.36388888888889
}