{
    "id": 786,
    "x": 28.235833333333336,
    "y": 46.030833333333334
}