{
    "id": "Cn0277",
    "x": 28.16611111111111,
    "y": 46.144999999999996
}