{
    "id": "Cm1166",
    "x": 28.749722222222225,
    "y": 46.43666666666666
}