{
    "id": "G0693",
    "x": 28.586666666666666,
    "y": 46.099444444444444
}