{
    "id": "T0202",
    "x": 28.56888888888889,
    "y": 45.77722222222222
}