{
    "id": "Cm0186",
    "x": 28.75638888888889,
    "y": 46.598333333333336
}