{
    "id": 1605,
    "x": 28.486666666666668,
    "y": 46.63388888888889
}