{
    "id": "G1508",
    "x": 28.440555555555555,
    "y": 45.87722222222222
}