{
    "id": "Cn0679",
    "x": 28.481111111111108,
    "y": 46.13166666666667
}