{
    "id": "Cn0283",
    "x": 28.176944444444445,
    "y": 46.138888888888886
}