{
    "id": "G5371",
    "x": 28.688055555555557,
    "y": 46.10444444444445
}