{
    "id": 449,
    "x": 28.97222222222222,
    "y": 46.16611111111111
}