{
    "id": "G5498",
    "x": 28.669444444444444,
    "y": 46.090833333333336
}