{
    "id": "Ch5172",
    "x": 28.49416666666667,
    "y": 46.09583333333334
}