{
    "id": "Ch0168",
    "x": 28.15833333333333,
    "y": 46.01638888888889
}