{
    "id": "Cm0361",
    "x": 28.643055555555556,
    "y": 46.676944444444445
}