{
    "id": "G5185",
    "x": 28.772777777777776,
    "y": 46.20055555555556
}