{
    "id": "Cm0665",
    "x": 28.586666666666666,
    "y": 46.656388888888884
}