{
    "id": "Cm0266",
    "x": 28.747500000000002,
    "y": 46.61194444444445
}