{
    "id": "Cm0620",
    "x": 28.92388888888889,
    "y": 46.54805555555556
}