{
    "id": "G0471",
    "x": 28.590833333333332,
    "y": 46.114444444444445
}