{
    "id": "Cm0216",
    "x": 28.763055555555557,
    "y": 46.60583333333334
}