{
    "id": "G0856",
    "x": 28.651666666666664,
    "y": 46.23888888888889
}