{
    "id": "B0309",
    "x": 28.775277777777777,
    "y": 46.301111111111105
}