{
    "id": "Lv1122",
    "x": 28.50722222222222,
    "y": 46.46472222222223
}