{
    "id": "Lv0302",
    "x": 28.426111111111112,
    "y": 46.650555555555556
}