{
    "id": "Cm0857",
    "x": 28.91333333333333,
    "y": 46.60805555555556
}