{
    "id": 1319,
    "x": 28.42388888888889,
    "y": 45.801111111111105
}