{
    "id": "G0912",
    "x": 28.655555555555555,
    "y": 46.237500000000004
}