{
    "id": "Cn0889",
    "x": 28.42638888888889,
    "y": 46.35333333333333
}