{
    "id": "Cn0275",
    "x": 28.16722222222222,
    "y": 46.145833333333336
}