{
    "id": "Cm1159",
    "x": 28.75027777777778,
    "y": 46.44277777777778
}