{
    "id": "G5012",
    "x": 28.953611111111112,
    "y": 46.21277777777778
}