{
    "id": 887,
    "x": 28.34583333333333,
    "y": 46.01972222222222
}