{
    "id": "B0182",
    "x": 28.916944444444447,
    "y": 46.41027777777778
}