{
    "id": 378,
    "x": 28.736666666666668,
    "y": 46.01583333333333
}