{
    "id": "Cn1172",
    "x": 28.249444444444446,
    "y": 46.15333333333333
}