{
    "id": "G5601",
    "x": 28.81277777777778,
    "y": 46.375277777777775
}