{
    "id": "G1459",
    "x": 28.38138888888889,
    "y": 45.535555555555554
}