{
    "id": "Cn1229",
    "x": 28.27638888888889,
    "y": 46.169999999999995
}