{
    "id": "G1823",
    "x": 28.848888888888887,
    "y": 46.32333333333334
}