{
    "id": 1151,
    "x": 28.410555555555554,
    "y": 45.92666666666666
}