{
    "id": "G0113",
    "x": 28.65861111111111,
    "y": 46.010555555555555
}