{
    "id": "Cn0578",
    "x": 28.209166666666665,
    "y": 46.31222222222222
}