{
    "id": "Cm0918",
    "x": 28.62361111111111,
    "y": 46.57888888888889
}