{
    "id": "G1394",
    "x": 28.56972222222222,
    "y": 46.31305555555555
}