{
    "id": "G1110",
    "x": 28.604166666666668,
    "y": 46.42472222222222
}