{
    "id": "Lv1749",
    "x": 28.264444444444443,
    "y": 46.48083333333334
}