{
    "id": "Cm0631",
    "x": 28.922222222222224,
    "y": 46.55972222222222
}