{
    "id": 1137,
    "x": 28.32777777777778,
    "y": 45.99111111111111
}