{
    "id": "G0762",
    "x": 28.640833333333333,
    "y": 46.21666666666667
}