{
    "id": "Lv1292",
    "x": 28.325277777777778,
    "y": 46.440555555555555
}