{
    "id": "B0202",
    "x": 28.90888888888889,
    "y": 46.43555555555555
}