{
    "id": 523,
    "x": 28.926944444444445,
    "y": 46.01305555555555
}