{
    "id": "Lv0374",
    "x": 28.468055555555555,
    "y": 46.66888888888889
}