{
    "id": "Lv0700",
    "x": 28.32611111111111,
    "y": 46.57833333333333
}