{
    "id": "Lv0787",
    "x": 28.314722222222223,
    "y": 46.573888888888895
}