{
    "id": "Lv1507",
    "x": 28.25583333333333,
    "y": 46.62722222222222
}