{
    "id": "G5558",
    "x": 28.827222222222222,
    "y": 46.35611111111111
}