{
    "id": "G0336",
    "x": 28.60527777777778,
    "y": 46.11416666666667
}