{
    "id": "Cn0389",
    "x": 28.340833333333332,
    "y": 46.25666666666667
}