{
    "id": "Ch5018",
    "x": 28.171944444444446,
    "y": 45.73388888888889
}