{
    "id": 1135,
    "x": 28.328055555555554,
    "y": 45.98861111111111
}