{
    "id": 1230,
    "x": 28.314444444444444,
    "y": 45.859722222222224
}