{
    "id": 335,
    "x": 28.56277777777778,
    "y": 45.97694444444445
}