{
    "id": 987,
    "x": 28.22111111111111,
    "y": 46.071111111111115
}