{
    "id": "Cm0935",
    "x": 28.59722222222222,
    "y": 46.57416666666667
}