{
    "id": "G1415",
    "x": 28.56638888888889,
    "y": 46.331388888888895
}