{
    "id": "Cn0340",
    "x": 28.220277777777778,
    "y": 46.197222222222216
}