{
    "id": "Cm0553",
    "x": 28.92527777777778,
    "y": 46.573888888888895
}