{
    "id": "Cm1359",
    "x": 28.99527777777778,
    "y": 46.572500000000005
}