{
    "id": "Lv1144",
    "x": 28.528888888888886,
    "y": 46.36888888888889
}