{
    "id": "Lv1617",
    "x": 28.372222222222224,
    "y": 46.37972222222222
}