{
    "id": "Lv1082",
    "x": 28.480277777777776,
    "y": 46.45777777777778
}