{
    "id": 1081,
    "x": 28.41611111111111,
    "y": 45.998333333333335
}