{
    "id": "Lv0420",
    "x": 28.529722222222222,
    "y": 46.52972222222222
}