{
    "id": 719,
    "x": 28.164166666666667,
    "y": 46.00361111111111
}