{
    "id": "T0291",
    "x": 28.476666666666667,
    "y": 45.959722222222226
}