{
    "id": "T0016",
    "x": 28.583055555555557,
    "y": 45.92722222222222
}