{
    "id": "G0711",
    "x": 28.58722222222222,
    "y": 46.094722222222224
}