{
    "id": "B0088",
    "x": 28.929444444444446,
    "y": 46.363055555555555
}