{
    "id": "B0132",
    "x": 28.90861111111111,
    "y": 46.38944444444444
}