{
    "id": "G0483",
    "x": 28.583888888888886,
    "y": 46.11666666666667
}