{
    "id": 1734,
    "x": 28.43138888888889,
    "y": 46.64388888888889
}