{
    "id": "Cn1069",
    "x": 28.38888888888889,
    "y": 46.11027777777778
}