{
    "id": "Ch5063",
    "x": 28.176111111111112,
    "y": 45.64416666666666
}