{
    "id": "G1134",
    "x": 28.61277777777778,
    "y": 46.42444444444444
}