{
    "id": "G1283",
    "x": 28.64472222222222,
    "y": 46.299166666666665
}