{
    "id": 1711,
    "x": 28.427222222222223,
    "y": 46.65138888888889
}