{
    "id": "Cn0354",
    "x": 28.259166666666665,
    "y": 46.23416666666667
}