{
    "id": "Cm1431",
    "x": 28.823333333333334,
    "y": 46.47277777777778
}