{
    "id": "G5862",
    "x": 28.871666666666666,
    "y": 46.111111111111114
}