{
    "id": "G0179",
    "x": 28.659166666666664,
    "y": 46.001666666666665
}