{
    "id": 123,
    "x": 28.584999999999997,
    "y": 45.863055555555555
}