{
    "id": "Cm1316",
    "x": 28.81361111111111,
    "y": 46.687777777777775
}