{
    "id": "Lv0438",
    "x": 28.529444444444444,
    "y": 46.524166666666666
}