{
    "id": "G5069",
    "x": 28.833333333333332,
    "y": 46.24888888888889
}