{
    "id": 990,
    "x": 28.224444444444444,
    "y": 46.07638888888889
}