{
    "id": "G0492",
    "x": 28.59722222222222,
    "y": 46.11333333333334
}