{
    "id": "Lv1383",
    "x": 28.25111111111111,
    "y": 46.39055555555556
}