{
    "id": "G0042",
    "x": 28.65722222222222,
    "y": 45.98111111111111
}