{
    "id": "Ch0787",
    "x": 28.448055555555555,
    "y": 45.614444444444445
}