{
    "id": "Lv0033",
    "x": 28.470277777777778,
    "y": 46.58222222222223
}