{
    "id": "Lv1629",
    "x": 28.361944444444447,
    "y": 46.38333333333333
}