{
    "id": "G5158",
    "x": 28.762777777777778,
    "y": 46.18194444444444
}