{
    "id": "G0625",
    "x": 28.589444444444442,
    "y": 46.10444444444445
}