{
    "id": "Cn1194",
    "x": 28.518055555555556,
    "y": 46.21333333333334
}