{
    "id": "Cm1208",
    "x": 28.642222222222223,
    "y": 46.47777777777778
}