{
    "id": "G0392",
    "x": 28.601111111111113,
    "y": 46.119166666666665
}