{
    "id": 24,
    "x": 28.580833333333334,
    "y": 45.930277777777775
}