{
    "id": "Ch5199",
    "x": 28.523055555555555,
    "y": 46.05138888888889
}