{
    "id": "G0031",
    "x": 28.66444444444444,
    "y": 46.00277777777778
}