{
    "id": "G0204",
    "x": 28.654166666666665,
    "y": 46.00194444444445
}