{
    "id": "Cn1083",
    "x": 28.38361111111111,
    "y": 46.10916666666667
}