{
    "id": "T0152",
    "x": 28.571944444444444,
    "y": 45.814166666666665
}