{
    "id": "Lv1501",
    "x": 28.26888888888889,
    "y": 46.61027777777778
}