{
    "id": 1441,
    "x": 28.46861111111111,
    "y": 46.58583333333333
}