{
    "id": "Cn0948",
    "x": 28.509722222222223,
    "y": 46.26222222222222
}