{
    "id": "Cm0853",
    "x": 28.911944444444444,
    "y": 46.60805555555556
}