{
    "id": "Cm0055",
    "x": 28.709444444444443,
    "y": 46.68138888888889
}