{
    "id": "Cm0800",
    "x": 28.93166666666667,
    "y": 46.581944444444446
}