{
    "id": "G0600",
    "x": 28.593333333333334,
    "y": 46.096111111111114
}