{
    "id": 1482,
    "x": 28.46388888888889,
    "y": 46.57055555555556
}