{
    "id": "G5220",
    "x": 28.871666666666666,
    "y": 46.17833333333333
}