{
    "id": 1460,
    "x": 28.46833333333333,
    "y": 46.58416666666667
}