{
    "id": 1684,
    "x": 28.46638888888889,
    "y": 46.61361111111111
}