{
    "id": 243,
    "x": 28.48888888888889,
    "y": 45.92611111111111
}