{
    "id": 1722,
    "x": 28.423055555555557,
    "y": 46.65416666666667
}