{
    "id": 585,
    "x": 28.198611111111113,
    "y": 45.95305555555556
}