{
    "id": "G1130",
    "x": 28.622777777777777,
    "y": 46.41027777777778
}