{
    "id": "Lv1393",
    "x": 28.245833333333334,
    "y": 46.52444444444444
}