{
    "id": "Cm1479",
    "x": 28.797777777777778,
    "y": 46.52027777777778
}