{
    "id": 606,
    "x": 28.21527777777778,
    "y": 45.98972222222222
}