{
    "id": "G5856",
    "x": 28.880833333333335,
    "y": 46.123333333333335
}