{
    "id": "Cn0355",
    "x": 28.260555555555555,
    "y": 46.23555555555556
}