{
    "id": "Cm0701",
    "x": 28.645833333333332,
    "y": 46.70166666666667
}