{
    "id": "G0215",
    "x": 28.659444444444443,
    "y": 45.99888888888889
}