{
    "id": "G1299",
    "x": 28.641666666666666,
    "y": 46.30416666666667
}