{
    "id": "Lv1288",
    "x": 28.33222222222222,
    "y": 46.44333333333333
}