{
    "id": 1161,
    "x": 28.391388888888887,
    "y": 45.896388888888886
}