{
    "id": 1416,
    "x": 28.197777777777777,
    "y": 45.92833333333333
}