{
    "id": "Cn0126",
    "x": 28.279166666666665,
    "y": 46.323888888888895
}