{
    "id": "G5043",
    "x": 28.940277777777776,
    "y": 46.20194444444445
}