{
    "id": "Lv0263",
    "x": 28.470555555555553,
    "y": 46.61388888888889
}