{
    "id": "G1209",
    "x": 28.630277777777778,
    "y": 46.404444444444444
}