{
    "id": 1186,
    "x": 28.348333333333333,
    "y": 45.952222222222225
}