{
    "id": 840,
    "x": 28.246944444444445,
    "y": 45.93333333333333
}