{
    "id": 19,
    "x": 28.583055555555557,
    "y": 45.92805555555555
}