{
    "id": "G0573",
    "x": 28.591666666666665,
    "y": 46.105555555555554
}