{
    "id": "Cm1127",
    "x": 28.88277777777778,
    "y": 46.67305555555555
}