{
    "id": "B0300",
    "x": 28.780277777777776,
    "y": 46.29972222222222
}