{
    "id": "G0043",
    "x": 28.649722222222223,
    "y": 45.967222222222226
}