{
    "id": "Lv1759",
    "x": 28.43027777777778,
    "y": 46.43861111111111
}