{
    "id": 1446,
    "x": 28.470277777777778,
    "y": 46.58388888888889
}