{
    "id": "G0481",
    "x": 28.583888888888886,
    "y": 46.118611111111115
}