{
    "id": "B0047",
    "x": 28.873333333333335,
    "y": 46.45583333333334
}