{
    "id": "Cm1285",
    "x": 28.88361111111111,
    "y": 46.67805555555555
}