{
    "id": "G5488",
    "x": 28.66777777777778,
    "y": 46.091944444444444
}