{
    "id": "Ch0732",
    "x": 28.321666666666665,
    "y": 45.82805555555556
}