{
    "id": "G5697",
    "x": 28.698055555555555,
    "y": 45.84805555555556
}