{
    "id": "Cm1438",
    "x": 28.814722222222223,
    "y": 46.475833333333334
}