{
    "id": "Cm0537",
    "x": 28.784444444444446,
    "y": 46.72916666666667
}