{
    "id": "T0424",
    "x": 28.619722222222222,
    "y": 45.77333333333333
}