{
    "id": 1827,
    "x": 28.454722222222223,
    "y": 46.663333333333334
}