{
    "id": "G0255",
    "x": 28.66111111111111,
    "y": 46.00083333333333
}