{
    "id": "Cm0224",
    "x": 28.76222222222222,
    "y": 46.61388888888889
}