{
    "id": 1109,
    "x": 28.408055555555553,
    "y": 46.05027777777777
}