{
    "id": "Lv1531",
    "x": 28.26888888888889,
    "y": 46.60027777777778
}