{
    "id": "Lv0563",
    "x": 28.353611111111114,
    "y": 46.52194444444444
}