{
    "id": "Cn0017",
    "x": 28.22611111111111,
    "y": 46.27722222222222
}