{
    "id": "G1716",
    "x": 28.83972222222222,
    "y": 46.06083333333333
}