{
    "id": "Cn0208",
    "x": 28.320833333333333,
    "y": 46.308055555555555
}