{
    "id": "Cn0968",
    "x": 28.506666666666668,
    "y": 46.276666666666664
}