{
    "id": "Cm1123",
    "x": 28.828888888888887,
    "y": 46.668055555555554
}