{
    "id": "G0394",
    "x": 28.602222222222224,
    "y": 46.119166666666665
}