{
    "id": "G0569",
    "x": 28.589166666666664,
    "y": 46.10722222222223
}