{
    "id": "Cn0086",
    "x": 28.17388888888889,
    "y": 46.26583333333333
}