{
    "id": "Cm1172",
    "x": 28.683888888888887,
    "y": 46.462500000000006
}