{
    "id": "G0988",
    "x": 28.65361111111111,
    "y": 46.17861111111111
}