{
    "id": "T0251",
    "x": 28.461944444444445,
    "y": 45.92361111111111
}