{
    "id": "Cn0450",
    "x": 28.31722222222222,
    "y": 46.353611111111114
}