{
    "id": "Cm0712",
    "x": 28.629444444444445,
    "y": 46.70305555555556
}