{
    "id": "Cn0341",
    "x": 28.219166666666666,
    "y": 46.19777777777777
}