{
    "id": "Lv1407",
    "x": 28.24277777777778,
    "y": 46.525277777777774
}