{
    "id": 1257,
    "x": 28.314722222222223,
    "y": 45.82611111111112
}