{
    "id": "Lv1085",
    "x": 28.489444444444445,
    "y": 46.45722222222223
}