{
    "id": "G0117",
    "x": 28.65861111111111,
    "y": 46.01277777777778
}