{
    "id": "G5725",
    "x": 28.68777777777778,
    "y": 45.85666666666667
}