{
    "id": "G0662",
    "x": 28.584166666666665,
    "y": 46.10194444444445
}