{
    "id": "Cm1311",
    "x": 28.81722222222222,
    "y": 46.689722222222215
}