{
    "id": "G0894",
    "x": 28.650277777777777,
    "y": 46.22972222222222
}