{
    "id": "B0110",
    "x": 28.934444444444445,
    "y": 46.369166666666665
}