{
    "id": "Ch5110",
    "x": 28.47138888888889,
    "y": 46.086111111111116
}