{
    "id": "Lv1258",
    "x": 28.512777777777778,
    "y": 46.378055555555555
}