{
    "id": "Lv0686",
    "x": 28.324444444444445,
    "y": 46.57916666666667
}