{
    "id": "Lv1336",
    "x": 28.433611111111112,
    "y": 46.52916666666667
}