{
    "id": "Lv0093",
    "x": 28.47583333333333,
    "y": 46.538888888888884
}