{
    "id": "G5453",
    "x": 28.665555555555553,
    "y": 46.10305555555556
}