{
    "id": "Cm1481",
    "x": 28.79888888888889,
    "y": 46.515277777777776
}