{
    "id": "Cn0019",
    "x": 28.22972222222222,
    "y": 46.281666666666666
}