{
    "id": "G0708",
    "x": 28.586388888888887,
    "y": 46.093333333333334
}