{
    "id": 1487,
    "x": 28.46388888888889,
    "y": 46.56861111111112
}