{
    "id": 451,
    "x": 28.953055555555554,
    "y": 46.16416666666667
}