{
    "id": "Cm1350",
    "x": 28.768055555555556,
    "y": 46.66583333333333
}