{
    "id": "Cm1202",
    "x": 28.63861111111111,
    "y": 46.47916666666667
}