{
    "id": "Lv1755",
    "x": 28.254166666666666,
    "y": 46.47083333333334
}