{
    "id": "G0521",
    "x": 28.59361111111111,
    "y": 46.11055555555556
}