{
    "id": "Cm0669",
    "x": 28.588055555555556,
    "y": 46.651111111111106
}