{
    "id": 1466,
    "x": 28.47111111111111,
    "y": 46.57972222222222
}