{
    "id": "Cn1056",
    "x": 28.404722222222222,
    "y": 46.11527777777778
}