{
    "id": "Cm0943",
    "x": 28.621111111111112,
    "y": 46.53666666666666
}