{
    "id": "Cn0543",
    "x": 28.323333333333334,
    "y": 46.23027777777778
}