{
    "id": "B0011",
    "x": 28.883055555555558,
    "y": 46.46472222222223
}