{
    "id": "G5340",
    "x": 28.68305555555556,
    "y": 46.093333333333334
}