{
    "id": "G0060",
    "x": 28.673055555555557,
    "y": 46.020833333333336
}