{
    "id": "Cm0544",
    "x": 28.92888888888889,
    "y": 46.56444444444444
}