{
    "id": "Cm1291",
    "x": 28.896944444444443,
    "y": 46.693888888888885
}