{
    "id": "T0389",
    "x": 28.496944444444445,
    "y": 45.82333333333334
}