{
    "id": "Cm1260",
    "x": 28.826944444444443,
    "y": 46.474722222222226
}