{
    "id": "Cn0659",
    "x": 28.464166666666667,
    "y": 46.163333333333334
}