{
    "id": "Cm1487",
    "x": 28.80388888888889,
    "y": 46.51111111111111
}