{
    "id": "Ch5092",
    "x": 28.379166666666666,
    "y": 45.769444444444446
}