{
    "id": "Cn0371",
    "x": 28.33888888888889,
    "y": 46.25277777777778
}