{
    "id": "Lv0035",
    "x": 28.468888888888888,
    "y": 46.58361111111111
}