{
    "id": "G1189",
    "x": 28.628333333333334,
    "y": 46.41638888888889
}