{
    "id": "Cm1023",
    "x": 28.75611111111111,
    "y": 46.44361111111111
}