{
    "id": "Cn0781",
    "x": 28.40138888888889,
    "y": 46.331944444444446
}