{
    "id": "Cn0370",
    "x": 28.33888888888889,
    "y": 46.25416666666667
}