{
    "id": "Cm1201",
    "x": 28.637777777777778,
    "y": 46.480000000000004
}