{
    "id": "Cm0540",
    "x": 28.789166666666667,
    "y": 46.730000000000004
}