{
    "id": "G1290",
    "x": 28.653055555555554,
    "y": 46.29833333333333
}