{
    "id": "Lv1569",
    "x": 28.38222222222222,
    "y": 46.39055555555556
}