{
    "id": "Cm0961",
    "x": 28.621666666666666,
    "y": 46.52916666666667
}