{
    "id": "G5816",
    "x": 28.433611111111112,
    "y": 45.526666666666664
}