{
    "id": "Cm1000",
    "x": 28.753333333333334,
    "y": 46.439722222222215
}