{
    "id": "Cm0197",
    "x": 28.748333333333335,
    "y": 46.58083333333334
}