{
    "id": "B0180",
    "x": 28.919722222222223,
    "y": 46.407777777777774
}