{
    "id": "Cm1631",
    "x": 28.75583333333333,
    "y": 46.52222222222222
}