{
    "id": "G5039",
    "x": 28.93611111111111,
    "y": 46.20388888888889
}