{
    "id": 970,
    "x": 28.24388888888889,
    "y": 46.094166666666666
}