{
    "id": "Cm1663",
    "x": 28.769166666666667,
    "y": 46.43527777777778
}