{
    "id": "G1569",
    "x": 28.80888888888889,
    "y": 46.053888888888885
}