{
    "id": "G1259",
    "x": 28.636666666666667,
    "y": 46.29472222222222
}