{
    "id": "Ch5184",
    "x": 28.498611111111114,
    "y": 46.07027777777778
}