{
    "id": "Cm0234",
    "x": 28.760277777777777,
    "y": 46.61388888888889
}