{
    "id": "Ch0143",
    "x": 28.172777777777778,
    "y": 46.007222222222225
}