{
    "id": "Cn0790",
    "x": 28.404999999999998,
    "y": 46.32138888888889
}