{
    "id": "G0449",
    "x": 28.594444444444445,
    "y": 46.11611111111111
}