{
    "id": "Cm0412",
    "x": 28.675833333333333,
    "y": 46.651111111111106
}