{
    "id": "G1280",
    "x": 28.64472222222222,
    "y": 46.29833333333333
}