{
    "id": "Lv1270",
    "x": 28.513055555555557,
    "y": 46.371944444444445
}