{
    "id": "Cn0780",
    "x": 28.401944444444442,
    "y": 46.33416666666667
}