{
    "id": 1759,
    "x": 28.405277777777776,
    "y": 46.67777777777778
}