{
    "id": 1420,
    "x": 28.147777777777776,
    "y": 45.91444444444444
}