{
    "id": "G1668",
    "x": 28.83861111111111,
    "y": 46.050555555555555
}