{
    "id": 1026,
    "x": 28.21944444444444,
    "y": 46.06666666666667
}