{
    "id": "G5160",
    "x": 28.761111111111113,
    "y": 46.18333333333333
}