{
    "id": "G1799",
    "x": 28.811111111111114,
    "y": 46.064166666666665
}