{
    "id": "Cm1167",
    "x": 28.750555555555554,
    "y": 46.42222222222222
}