{
    "id": 869,
    "x": 28.342222222222222,
    "y": 46.02111111111111
}