{
    "id": 737,
    "x": 28.16638888888889,
    "y": 46.01138888888889
}