{
    "id": "Lv1381",
    "x": 28.25861111111111,
    "y": 46.41444444444444
}