{
    "id": "G5857",
    "x": 28.88361111111111,
    "y": 46.11694444444444
}