{
    "id": "Ch5005",
    "x": 28.17027777777778,
    "y": 45.663888888888884
}