{
    "id": "T0132",
    "x": 28.586944444444445,
    "y": 45.87083333333334
}