{
    "id": "Cm0044",
    "x": 28.706944444444442,
    "y": 46.69027777777777
}