{
    "id": "G5033",
    "x": 28.94527777777778,
    "y": 46.20416666666667
}