{
    "id": 536,
    "x": 28.670833333333334,
    "y": 45.906388888888884
}