{
    "id": "Lv0939",
    "x": 28.429444444444446,
    "y": 46.42527777777777
}