{
    "id": "G5326",
    "x": 28.675555555555558,
    "y": 46.083333333333336
}