{
    "id": "Cm0060",
    "x": 28.71222222222222,
    "y": 46.67472222222222
}