{
    "id": "Cm0182",
    "x": 28.75583333333333,
    "y": 46.595555555555556
}