{
    "id": 1182,
    "x": 28.351944444444445,
    "y": 45.93888888888888
}