{
    "id": "B0177",
    "x": 28.91222222222222,
    "y": 46.407222222222224
}