{
    "id": "G0884",
    "x": 28.64638888888889,
    "y": 46.22222222222222
}