{
    "id": "G0986",
    "x": 28.650555555555552,
    "y": 46.177499999999995
}