{
    "id": "Lv0418",
    "x": 28.53611111111111,
    "y": 46.52777777777778
}