{
    "id": "Lv0743",
    "x": 28.31972222222222,
    "y": 46.564166666666665
}