{
    "id": "G5728",
    "x": 28.68777777777778,
    "y": 45.85444444444445
}