{
    "id": 3,
    "x": 28.580833333333334,
    "y": 45.93388888888889
}