{
    "id": "Cm1427",
    "x": 28.821944444444444,
    "y": 46.473055555555554
}