{
    "id": "G1469",
    "x": 28.513333333333332,
    "y": 46.17111111111111
}