{
    "id": "Cm1478",
    "x": 28.791944444444447,
    "y": 46.52166666666667
}