{
    "id": "G0871",
    "x": 28.641944444444444,
    "y": 46.212500000000006
}