{
    "id": "G1778",
    "x": 28.843333333333334,
    "y": 46.074444444444445
}