{
    "id": 500,
    "x": 28.924166666666668,
    "y": 46.030277777777776
}