{
    "id": "Lv0298",
    "x": 28.423055555555557,
    "y": 46.65416666666667
}