{
    "id": 569,
    "x": 28.190277777777776,
    "y": 45.95944444444445
}