{
    "id": 923,
    "x": 28.279166666666665,
    "y": 46.113055555555555
}