{
    "id": "Cm0676",
    "x": 28.586388888888887,
    "y": 46.64888888888889
}