{
    "id": "Lv0828",
    "x": 28.32111111111111,
    "y": 46.57361111111111
}