{
    "id": "Cm1521",
    "x": 28.785555555555558,
    "y": 46.510555555555555
}