{
    "id": "T0287",
    "x": 28.474444444444444,
    "y": 45.96388888888889
}