{
    "id": "Lv1172",
    "x": 28.521944444444443,
    "y": 46.37416666666667
}