{
    "id": "G1755",
    "x": 28.84583333333333,
    "y": 46.065555555555555
}