{
    "id": 1032,
    "x": 28.237222222222222,
    "y": 46.07138888888889
}