{
    "id": "Ch5101",
    "x": 28.37666666666667,
    "y": 45.755833333333335
}