{
    "id": 602,
    "x": 28.22083333333333,
    "y": 45.98916666666667
}