{
    "id": "Cn0667",
    "x": 28.47694444444444,
    "y": 46.144444444444446
}