{
    "id": "G0130",
    "x": 28.65111111111111,
    "y": 46.014722222222225
}