{
    "id": "Lv0724",
    "x": 28.328333333333333,
    "y": 46.56888888888889
}