{
    "id": "Cm0642",
    "x": 28.921666666666667,
    "y": 46.55361111111111
}