{
    "id": "G5475",
    "x": 28.671111111111113,
    "y": 46.096111111111114
}