{
    "id": "Cn0867",
    "x": 28.412499999999998,
    "y": 46.361111111111114
}