{
    "id": "B0160",
    "x": 28.910277777777775,
    "y": 46.41638888888889
}