{
    "id": "Lv0220",
    "x": 28.55027777777778,
    "y": 46.61666666666667
}