{
    "id": "Lv0572",
    "x": 28.35027777777778,
    "y": 46.52361111111111
}