{
    "id": "Cm0164",
    "x": 28.748611111111114,
    "y": 46.588055555555556
}