{
    "id": "G1674",
    "x": 28.841666666666665,
    "y": 46.053888888888885
}