{
    "id": 1698,
    "x": 28.412777777777777,
    "y": 46.61694444444444
}