{
    "id": "B0084",
    "x": 28.934166666666666,
    "y": 46.36194444444445
}