{
    "id": "Lv0370",
    "x": 28.46527777777778,
    "y": 46.66916666666666
}