{
    "id": "G5375",
    "x": 28.684722222222224,
    "y": 46.10416666666667
}