{
    "id": "Ch5210",
    "x": 28.524444444444445,
    "y": 46.04888888888889
}