{
    "id": "Cm0552",
    "x": 28.92527777777778,
    "y": 46.57333333333334
}