{
    "id": 696,
    "x": 28.174722222222222,
    "y": 46.01027777777778
}