{
    "id": "G1341",
    "x": 28.65611111111111,
    "y": 46.28611111111111
}