{
    "id": "Cn0666",
    "x": 28.472499999999997,
    "y": 46.152499999999996
}