{
    "id": "Lv1469",
    "x": 28.246666666666666,
    "y": 46.57666666666667
}