{
    "id": "Ch5123",
    "x": 28.47972222222222,
    "y": 46.08222222222223
}