{
    "id": "Cn0095",
    "x": 28.15611111111111,
    "y": 46.24444444444445
}