{
    "id": "Cn1191",
    "x": 28.478055555555553,
    "y": 46.193888888888885
}