{
    "id": 485,
    "x": 28.91777777777778,
    "y": 46.03972222222222
}