{
    "id": "Cm0177",
    "x": 28.760277777777777,
    "y": 46.59111111111111
}