{
    "id": "Cm0563",
    "x": 28.92388888888889,
    "y": 46.58916666666667
}