{
    "id": "T0308",
    "x": 28.471944444444443,
    "y": 45.973888888888894
}