{
    "id": "Cm1404",
    "x": 29.00027777777778,
    "y": 46.578611111111115
}