{
    "id": "B0274",
    "x": 28.780277777777776,
    "y": 46.30916666666666
}