{
    "id": "B0243",
    "x": 28.789722222222224,
    "y": 46.30611111111111
}