{
    "id": "Cm0550",
    "x": 28.92638888888889,
    "y": 46.57055555555556
}