{
    "id": 370,
    "x": 28.731666666666666,
    "y": 46.007777777777775
}