{
    "id": "Cm1483",
    "x": 28.799722222222226,
    "y": 46.51416666666667
}