{
    "id": "G0941",
    "x": 28.635833333333334,
    "y": 46.14861111111111
}