{
    "id": "Lv1041",
    "x": 28.398888888888887,
    "y": 46.48444444444444
}