{
    "id": "G5493",
    "x": 28.666666666666668,
    "y": 46.08833333333334
}