{
    "id": "Cm0409",
    "x": 28.679722222222225,
    "y": 46.654444444444444
}