{
    "id": "Cn0320",
    "x": 28.214166666666667,
    "y": 46.27916666666667
}