{
    "id": "Cm0687",
    "x": 28.601666666666667,
    "y": 46.65555555555555
}