{
    "id": "Lv0851",
    "x": 28.325277777777778,
    "y": 46.57611111111112
}