{
    "id": "Lv0760",
    "x": 28.328888888888887,
    "y": 46.573888888888895
}