{
    "id": "Cn0010",
    "x": 28.225277777777777,
    "y": 46.27472222222222
}