{
    "id": "G0846",
    "x": 28.640555555555554,
    "y": 46.22277777777778
}