{
    "id": 1376,
    "x": 28.449444444444445,
    "y": 45.60638888888889
}