{
    "id": "G0216",
    "x": 28.659444444444443,
    "y": 45.99805555555556
}