{
    "id": "G5102",
    "x": 28.831666666666667,
    "y": 46.25611111111111
}