{
    "id": "Cm0228",
    "x": 28.763055555555557,
    "y": 46.61694444444444
}