{
    "id": "Cn0696",
    "x": 28.47861111111111,
    "y": 46.14805555555556
}