{
    "id": "Cm0907",
    "x": 28.627222222222223,
    "y": 46.56305555555555
}