{
    "id": "G1152",
    "x": 28.618055555555557,
    "y": 46.424166666666665
}