{
    "id": "Lv1592",
    "x": 28.372777777777777,
    "y": 46.388888888888886
}