{
    "id": 1061,
    "x": 28.40833333333333,
    "y": 45.978611111111114
}