{
    "id": "Ch5143",
    "x": 28.483333333333334,
    "y": 46.080000000000005
}