{
    "id": "Cn1164",
    "x": 28.40861111111111,
    "y": 46.13527777777778
}