{
    "id": "G0498",
    "x": 28.592222222222222,
    "y": 46.11555555555556
}