{
    "id": "B0093",
    "x": 28.925555555555558,
    "y": 46.362500000000004
}