{
    "id": "G1025",
    "x": 28.516111111111112,
    "y": 46.08222222222223
}