{
    "id": "Cn1158",
    "x": 28.40888888888889,
    "y": 46.14472222222222
}