{
    "id": "Cm0050",
    "x": 28.70777777777778,
    "y": 46.68472222222222
}