{
    "id": "G0687",
    "x": 28.585555555555555,
    "y": 46.09638888888889
}