{
    "id": "Lv0509",
    "x": 28.391111111111112,
    "y": 46.490833333333335
}