{
    "id": "Lv0057",
    "x": 28.464444444444442,
    "y": 46.57194444444445
}