{
    "id": "Cn0917",
    "x": 28.372777777777777,
    "y": 46.29111111111111
}