{
    "id": "G0736",
    "x": 28.598055555555554,
    "y": 46.09666666666667
}