{
    "id": "Cn0508",
    "x": 28.31888888888889,
    "y": 46.203611111111115
}