{
    "id": 1115,
    "x": 28.39527777777778,
    "y": 46.05444444444444
}