{
    "id": "Cm1493",
    "x": 28.807222222222222,
    "y": 46.50333333333333
}