{
    "id": "G0944",
    "x": 28.637777777777778,
    "y": 46.15888888888889
}