{
    "id": "B0258",
    "x": 28.898055555555555,
    "y": 46.434999999999995
}