{
    "id": "Cn0577",
    "x": 28.20888888888889,
    "y": 46.31027777777778
}