{
    "id": "G0788",
    "x": 28.634999999999998,
    "y": 46.22083333333334
}