{
    "id": "Cm1091",
    "x": 28.84611111111111,
    "y": 46.665277777777774
}