{
    "id": 81,
    "x": 28.59722222222222,
    "y": 45.89833333333333
}