{
    "id": "Cm1270",
    "x": 28.825555555555557,
    "y": 46.47277777777778
}