{
    "id": "Cn1210",
    "x": 28.290277777777778,
    "y": 46.174166666666665
}