{
    "id": "B0270",
    "x": 28.896944444444443,
    "y": 46.43388888888889
}