{
    "id": "Cm0288",
    "x": 28.800555555555555,
    "y": 46.62416666666667
}