{
    "id": "Cn0343",
    "x": 28.241111111111113,
    "y": 46.23416666666667
}