{
    "id": "Cm0984",
    "x": 28.60638888888889,
    "y": 46.54472222222222
}