{
    "id": "Lv1709",
    "x": 28.241111111111113,
    "y": 46.488055555555555
}