{
    "id": "Cm0753",
    "x": 28.934166666666666,
    "y": 46.574444444444445
}