{
    "id": "B1001",
    "x": 28.871944444444445,
    "y": 46.463055555555556
}