{
    "id": "Cn0964",
    "x": 28.50777777777778,
    "y": 46.27222222222222
}