{
    "id": "Lv1334",
    "x": 28.31638888888889,
    "y": 46.425555555555555
}