{
    "id": "Cn0376",
    "x": 28.33833333333333,
    "y": 46.24444444444445
}