{
    "id": "G1742",
    "x": 28.840555555555554,
    "y": 46.06805555555556
}