{
    "id": "G5092",
    "x": 28.830555555555556,
    "y": 46.25416666666667
}