{
    "id": "G0519",
    "x": 28.596666666666664,
    "y": 46.10944444444445
}