{
    "id": 1396,
    "x": 28.449444444444445,
    "y": 45.62166666666667
}