{
    "id": "Cm1263",
    "x": 28.821944444444444,
    "y": 46.47805555555556
}