{
    "id": "Cm0238",
    "x": 28.759166666666665,
    "y": 46.60861111111111
}