{
    "id": "Cm0346",
    "x": 28.656666666666666,
    "y": 46.668055555555554
}