{
    "id": "Lv0793",
    "x": 28.31361111111111,
    "y": 46.56805555555556
}