{
    "id": "Lv1071",
    "x": 28.480555555555554,
    "y": 46.46138888888889
}