{
    "id": "Cn0619",
    "x": 28.41222222222222,
    "y": 46.21555555555556
}