{
    "id": "G5423",
    "x": 28.67361111111111,
    "y": 46.097500000000004
}