{
    "id": "Lv1115",
    "x": 28.503055555555555,
    "y": 46.49194444444444
}