{
    "id": "Cm1338",
    "x": 28.76527777777778,
    "y": 46.67055555555555
}