{
    "id": "G1700",
    "x": 28.844444444444445,
    "y": 46.059444444444445
}