{
    "id": "Lv0708",
    "x": 28.334166666666665,
    "y": 46.57888888888889
}