{
    "id": "G0144",
    "x": 28.65361111111111,
    "y": 46.00861111111111
}