{
    "id": 1329,
    "x": 28.47694444444444,
    "y": 45.74944444444444
}