{
    "id": "G0200",
    "x": 28.653888888888886,
    "y": 46.003055555555555
}