{
    "id": "Lv0962",
    "x": 28.441111111111113,
    "y": 46.43194444444444
}