{
    "id": "G5104",
    "x": 28.829722222222223,
    "y": 46.25833333333333
}