{
    "id": "Ch5182",
    "x": 28.488055555555558,
    "y": 46.09777777777778
}