{
    "id": "Ch5020",
    "x": 28.17777777777778,
    "y": 45.75694444444444
}