{
    "id": "G5279",
    "x": 28.761111111111113,
    "y": 46.11638888888889
}