{
    "id": "Cm0558",
    "x": 28.922222222222224,
    "y": 46.58555555555556
}