{
    "id": "G0147",
    "x": 28.653333333333332,
    "y": 46.01027777777778
}