{
    "id": "T0049",
    "x": 28.59472222222222,
    "y": 45.897777777777776
}