{
    "id": "Cm1329",
    "x": 28.810000000000002,
    "y": 46.69083333333333
}