{
    "id": "G0351",
    "x": 28.60138888888889,
    "y": 46.11222222222222
}