{
    "id": "Ch0612",
    "x": 28.380277777777778,
    "y": 45.906666666666666
}