{
    "id": 1803,
    "x": 28.466666666666665,
    "y": 46.66638888888889
}