{
    "id": "G0954",
    "x": 28.642222222222223,
    "y": 46.159444444444446
}