{
    "id": "Lv0454",
    "x": 28.543055555555558,
    "y": 46.57027777777778
}