{
    "id": 547,
    "x": 28.67527777777778,
    "y": 45.89722222222222
}