{
    "id": 1040,
    "x": 28.240833333333335,
    "y": 46.07027777777778
}