{
    "id": "Cm1200",
    "x": 28.636666666666667,
    "y": 46.480555555555554
}