{
    "id": "Cn1114",
    "x": 28.34472222222222,
    "y": 46.16277777777778
}