{
    "id": "Lv0300",
    "x": 28.424166666666668,
    "y": 46.65277777777778
}