{
    "id": "Lv1301",
    "x": 28.330833333333334,
    "y": 46.44916666666666
}