{
    "id": "Lv0528",
    "x": 28.38611111111111,
    "y": 46.494166666666665
}