{
    "id": "G1615",
    "x": 28.820833333333333,
    "y": 46.05611111111111
}