{
    "id": "G0428",
    "x": 28.585555555555555,
    "y": 46.12111111111111
}