{
    "id": "G0066",
    "x": 28.66777777777778,
    "y": 46.01611111111111
}