{
    "id": "Cm1361",
    "x": 28.991944444444446,
    "y": 46.574444444444445
}