{
    "id": "G1014",
    "x": 28.505277777777778,
    "y": 46.08777777777778
}