{
    "id": "G5322",
    "x": 28.689166666666665,
    "y": 46.08222222222223
}