{
    "id": "Lv0580",
    "x": 28.35666666666667,
    "y": 46.514722222222225
}