{
    "id": "Cn0572",
    "x": 28.204722222222223,
    "y": 46.309444444444445
}