{
    "id": 742,
    "x": 28.165277777777778,
    "y": 46.01444444444444
}