{
    "id": "G1112",
    "x": 28.604166666666668,
    "y": 46.424166666666665
}