{
    "id": "Cn0501",
    "x": 28.318055555555556,
    "y": 46.20583333333334
}