{
    "id": "G0771",
    "x": 28.64472222222222,
    "y": 46.22555555555556
}