{
    "id": "Cn0134",
    "x": 28.27361111111111,
    "y": 46.32277777777778
}