{
    "id": "Lv0701",
    "x": 28.325833333333332,
    "y": 46.575833333333335
}