{
    "id": 1386,
    "x": 28.448333333333334,
    "y": 45.61361111111111
}