{
    "id": 366,
    "x": 28.732499999999998,
    "y": 46.01277777777778
}