{
    "id": "B0332",
    "x": 28.948333333333334,
    "y": 46.343611111111116
}