{
    "id": "G1593",
    "x": 28.635555555555555,
    "y": 46.226111111111116
}