{
    "id": "G1579",
    "x": 28.810833333333335,
    "y": 46.059999999999995
}