{
    "id": "Cm1001",
    "x": 28.754166666666666,
    "y": 46.43583333333333
}