{
    "id": 984,
    "x": 28.251666666666665,
    "y": 46.099722222222226
}