{
    "id": "Cn0926",
    "x": 28.37638888888889,
    "y": 46.29055555555556
}