{
    "id": 684,
    "x": 28.24638888888889,
    "y": 46.005833333333335
}