{
    "id": "G5561",
    "x": 28.825833333333332,
    "y": 46.35611111111111
}