{
    "id": "Lv1631",
    "x": 28.36138888888889,
    "y": 46.380833333333335
}