{
    "id": "Lv1714",
    "x": 28.241944444444446,
    "y": 46.48861111111111
}