{
    "id": 77,
    "x": 28.599166666666665,
    "y": 45.89833333333333
}