{
    "id": "Cm0767",
    "x": 28.918055555555558,
    "y": 46.58388888888889
}