{
    "id": "Cn0640",
    "x": 28.41861111111111,
    "y": 46.19499999999999
}