{
    "id": "Cm0400",
    "x": 28.704722222222223,
    "y": 46.64472222222222
}