{
    "id": "B0282",
    "x": 28.790555555555557,
    "y": 46.30888888888889
}