{
    "id": "Lv1302",
    "x": 28.334722222222222,
    "y": 46.44888888888889
}