{
    "id": "Cn0331",
    "x": 28.21361111111111,
    "y": 46.20916666666667
}