{
    "id": "Cm1165",
    "x": 28.74888888888889,
    "y": 46.43805555555555
}