{
    "id": 1507,
    "x": 28.461666666666666,
    "y": 46.54416666666666
}