{
    "id": "Cn0546",
    "x": 28.32472222222222,
    "y": 46.23583333333333
}