{
    "id": "Cn0529",
    "x": 28.324444444444445,
    "y": 46.21027777777778
}