{
    "id": "Cn0899",
    "x": 28.42361111111111,
    "y": 46.35722222222223
}