{
    "id": "G5011",
    "x": 28.951666666666664,
    "y": 46.21194444444445
}