{
    "id": "G1242",
    "x": 28.648055555555555,
    "y": 46.28472222222222
}