{
    "id": 1778,
    "x": 28.45638888888889,
    "y": 46.67027777777778
}