{
    "id": 699,
    "x": 28.17388888888889,
    "y": 46.007222222222225
}