{
    "id": "Cm0115",
    "x": 28.759166666666665,
    "y": 46.70138888888889
}