{
    "id": "G1176",
    "x": 28.622777777777777,
    "y": 46.42583333333333
}