{
    "id": "G0149",
    "x": 28.65611111111111,
    "y": 46.00972222222222
}