{
    "id": "Lv0607",
    "x": 28.360000000000003,
    "y": 46.518055555555556
}