{
    "id": 377,
    "x": 28.735833333333336,
    "y": 46.00555555555555
}