{
    "id": "G0883",
    "x": 28.64611111111111,
    "y": 46.22166666666667
}