{
    "id": "Cm0547",
    "x": 28.927500000000002,
    "y": 46.56666666666667
}