{
    "id": "G1380",
    "x": 28.66472222222222,
    "y": 46.27722222222222
}