{
    "id": "G0476",
    "x": 28.595555555555553,
    "y": 46.113055555555555
}