{
    "id": 838,
    "x": 28.243055555555557,
    "y": 45.936388888888885
}