{
    "id": "Cm1174",
    "x": 28.679722222222225,
    "y": 46.462500000000006
}