{
    "id": "Lv1332",
    "x": 28.317777777777778,
    "y": 46.42861111111111
}