{
    "id": 117,
    "x": 28.583055555555557,
    "y": 45.85805555555556
}