{
    "id": 1672,
    "x": 28.467777777777776,
    "y": 46.60722222222223
}