{
    "id": "Lv1161",
    "x": 28.522499999999997,
    "y": 46.370555555555555
}