{
    "id": "Cm1398",
    "x": 29.002777777777776,
    "y": 46.580555555555556
}