{
    "id": "Lv0745",
    "x": 28.31888888888889,
    "y": 46.56222222222222
}