{
    "id": "Cn0957",
    "x": 28.510555555555555,
    "y": 46.26722222222222
}