{
    "id": "Cn0035",
    "x": 28.224999999999998,
    "y": 46.27777777777778
}