{
    "id": 881,
    "x": 28.351944444444445,
    "y": 46.02611111111111
}