{
    "id": "Lv1733",
    "x": 28.247222222222224,
    "y": 46.47777777777778
}