{
    "id": "G5529",
    "x": 28.672777777777778,
    "y": 46.08833333333334
}