{
    "id": "G1543",
    "x": 28.805555555555557,
    "y": 46.05305555555555
}