{
    "id": "Ch5122",
    "x": 28.481666666666666,
    "y": 46.08166666666667
}