{
    "id": "Cn0264",
    "x": 28.16472222222222,
    "y": 46.16722222222222
}