{
    "id": "G0212",
    "x": 28.656388888888888,
    "y": 46.000277777777775
}