{
    "id": "Lv0704",
    "x": 28.329444444444444,
    "y": 46.577222222222225
}