{
    "id": "Ch0386",
    "x": 28.272499999999997,
    "y": 46.09027777777778
}