{
    "id": "Lv0952",
    "x": 28.429166666666667,
    "y": 46.42666666666666
}