{
    "id": "Cm1197",
    "x": 28.639166666666664,
    "y": 46.48166666666667
}