{
    "id": "G1353",
    "x": 28.668055555555558,
    "y": 46.31027777777778
}