{
    "id": 1355,
    "x": 28.448055555555555,
    "y": 45.60305555555556
}