{
    "id": "G0084",
    "x": 28.654166666666665,
    "y": 46.016666666666666
}