{
    "id": 1639,
    "x": 28.551111111111112,
    "y": 46.62083333333334
}