{
    "id": "Lv0620",
    "x": 28.360277777777778,
    "y": 46.513333333333335
}