{
    "id": "Cn1091",
    "x": 28.355555555555558,
    "y": 46.123333333333335
}