{
    "id": "G0802",
    "x": 28.639166666666664,
    "y": 46.21944444444445
}