{
    "id": "G1030",
    "x": 28.508333333333333,
    "y": 46.08527777777778
}