{
    "id": "G1047",
    "x": 28.60611111111111,
    "y": 46.43722222222222
}