{
    "id": "G5382",
    "x": 28.66777777777778,
    "y": 46.106944444444444
}