{
    "id": "Lv1739",
    "x": 28.261111111111113,
    "y": 46.46222222222222
}