{
    "id": "Ch5191",
    "x": 28.512777777777778,
    "y": 46.05833333333333
}