{
    "id": "G5086",
    "x": 28.82777777777778,
    "y": 46.255833333333335
}