{
    "id": "Cn1190",
    "x": 28.479444444444443,
    "y": 46.19222222222222
}