{
    "id": "G1608",
    "x": 28.817777777777778,
    "y": 46.05777777777777
}