{
    "id": "Cm0574",
    "x": 28.919722222222223,
    "y": 46.58638888888889
}