{
    "id": "G5574",
    "x": 28.82138888888889,
    "y": 46.367777777777775
}