{
    "id": "G0325",
    "x": 28.60527777777778,
    "y": 46.11027777777778
}