{
    "id": "G1082",
    "x": 28.628333333333334,
    "y": 46.403888888888886
}