{
    "id": "Lv0099",
    "x": 28.395833333333332,
    "y": 46.605000000000004
}