{
    "id": "G5359",
    "x": 28.685555555555556,
    "y": 46.099444444444444
}