{
    "id": 363,
    "x": 28.731666666666666,
    "y": 46.01638888888889
}