{
    "id": "Cm1242",
    "x": 28.634444444444444,
    "y": 46.47666666666667
}