{
    "id": "Ch0533",
    "x": 28.423055555555557,
    "y": 46.007777777777775
}