{
    "id": "Cm1638",
    "x": 28.774166666666666,
    "y": 46.521388888888886
}