{
    "id": 41,
    "x": 28.596666666666664,
    "y": 45.901944444444446
}