{
    "id": "G0835",
    "x": 28.644444444444446,
    "y": 46.23305555555556
}