{
    "id": "Ch0779",
    "x": 28.47222222222222,
    "y": 45.74333333333333
}