{
    "id": "G1759",
    "x": 28.844444444444445,
    "y": 46.06472222222222
}