{
    "id": "B0061",
    "x": 28.878333333333334,
    "y": 46.45444444444445
}