{
    "id": "Lv1396",
    "x": 28.251666666666665,
    "y": 46.52444444444444
}