{
    "id": "G5464",
    "x": 28.66916666666667,
    "y": 46.098888888888894
}