{
    "id": "G5283",
    "x": 28.766666666666666,
    "y": 46.11472222222223
}