{
    "id": "G0033",
    "x": 28.66444444444444,
    "y": 46.00472222222222
}