{
    "id": 937,
    "x": 28.274166666666666,
    "y": 46.093611111111116
}