{
    "id": "Lv0898",
    "x": 28.416666666666668,
    "y": 46.41861111111111
}