{
    "id": "Cn1142",
    "x": 28.285555555555558,
    "y": 46.176944444444445
}