{
    "id": "G5579",
    "x": 28.817777777777778,
    "y": 46.373333333333335
}