{
    "id": "Cm0097",
    "x": 28.690833333333334,
    "y": 46.749722222222225
}