{
    "id": "Cm1664",
    "x": 28.751666666666665,
    "y": 46.42444444444444
}