{
    "id": 533,
    "x": 28.65833333333333,
    "y": 45.888888888888886
}