{
    "id": "Cm1025",
    "x": 28.755555555555556,
    "y": 46.448055555555555
}