{
    "id": 164,
    "x": 28.579166666666666,
    "y": 45.73111111111111
}