{
    "id": "G1453",
    "x": 28.561111111111114,
    "y": 46.32694444444445
}