{
    "id": 380,
    "x": 28.734444444444446,
    "y": 46.029444444444444
}