{
    "id": "Cm0432",
    "x": 28.924722222222222,
    "y": 46.53583333333333
}