{
    "id": "Ch5161",
    "x": 28.48222222222222,
    "y": 46.10416666666667
}