{
    "id": 375,
    "x": 28.733888888888888,
    "y": 46.00555555555555
}