{
    "id": "Cn0036",
    "x": 28.231388888888887,
    "y": 46.28722222222222
}