{
    "id": "G1441",
    "x": 28.561666666666667,
    "y": 46.339444444444446
}