{
    "id": "G0527",
    "x": 28.590277777777775,
    "y": 46.111666666666665
}