{
    "id": "Ch5041",
    "x": 28.185277777777777,
    "y": 45.809999999999995
}