{
    "id": "G5308",
    "x": 28.764444444444443,
    "y": 46.094722222222224
}