{
    "id": 1467,
    "x": 28.46944444444444,
    "y": 46.58166666666667
}