{
    "id": 1258,
    "x": 28.310833333333335,
    "y": 45.831388888888895
}