{
    "id": "G0548",
    "x": 28.586944444444445,
    "y": 46.111111111111114
}