{
    "id": "Cn0966",
    "x": 28.50722222222222,
    "y": 46.27472222222222
}