{
    "id": "G5649",
    "x": 28.696666666666665,
    "y": 45.85888888888889
}