{
    "id": "B0015",
    "x": 28.866111111111113,
    "y": 46.459722222222226
}