{
    "id": "Cm0952",
    "x": 28.613611111111112,
    "y": 46.54416666666666
}