{
    "id": "Cm0338",
    "x": 28.644166666666667,
    "y": 46.676944444444445
}