{
    "id": "G1617",
    "x": 28.82472222222222,
    "y": 46.05416666666667
}