{
    "id": "G5787",
    "x": 28.686944444444446,
    "y": 45.83722222222222
}