{
    "id": "G0952",
    "x": 28.644444444444446,
    "y": 46.159444444444446
}