{
    "id": 935,
    "x": 28.275277777777777,
    "y": 46.09583333333334
}