{
    "id": "Cm0142",
    "x": 28.720555555555553,
    "y": 46.62861111111111
}