{
    "id": 979,
    "x": 28.252777777777776,
    "y": 46.09916666666667
}