{
    "id": "Lv0007",
    "x": 28.46722222222222,
    "y": 46.588055555555556
}