{
    "id": "G5543",
    "x": 28.828611111111112,
    "y": 46.35444444444445
}