{
    "id": "G0890",
    "x": 28.648333333333333,
    "y": 46.22777777777778
}