{
    "id": "Cm1363",
    "x": 28.993055555555557,
    "y": 46.56916666666667
}