{
    "id": "Lv1702",
    "x": 28.245555555555555,
    "y": 46.49138888888889
}