{
    "id": "Ch5242",
    "x": 28.178611111111113,
    "y": 45.57638888888889
}