{
    "id": "Cm0460",
    "x": 28.622222222222224,
    "y": 46.57333333333334
}