{
    "id": "Cn0075",
    "x": 28.217499999999998,
    "y": 46.26138888888889
}