{
    "id": "Lv0859",
    "x": 28.32472222222222,
    "y": 46.57277777777778
}