{
    "id": "Cn0694",
    "x": 28.478888888888886,
    "y": 46.14361111111111
}