{
    "id": "G1596",
    "x": 28.613333333333333,
    "y": 46.10527777777778
}