{
    "id": "G1739",
    "x": 28.83972222222222,
    "y": 46.065555555555555
}