{
    "id": "Cm1619",
    "x": 28.761388888888888,
    "y": 46.526666666666664
}