{
    "id": "Cn0412",
    "x": 28.32138888888889,
    "y": 46.309999999999995
}