{
    "id": "Ch0610",
    "x": 28.383888888888887,
    "y": 45.903055555555554
}