{
    "id": "B0065",
    "x": 28.93861111111111,
    "y": 46.35472222222222
}