{
    "id": "G1636",
    "x": 28.83138888888889,
    "y": 46.04805555555556
}