{
    "id": "G5630",
    "x": 28.691666666666666,
    "y": 45.86361111111111
}