{
    "id": "G0493",
    "x": 28.59611111111111,
    "y": 46.11388888888889
}