{
    "id": "Cn1251",
    "x": 28.427222222222223,
    "y": 46.18472222222222
}