{
    "id": "G5597",
    "x": 28.816111111111113,
    "y": 46.37138888888889
}