{
    "id": "G0014",
    "x": 28.668333333333333,
    "y": 46.00194444444445
}