{
    "id": "G1389",
    "x": 28.683333333333334,
    "y": 46.283055555555556
}