{
    "id": "Cn0522",
    "x": 28.320833333333333,
    "y": 46.20138888888889
}