{
    "id": "Ch5089",
    "x": 28.384722222222223,
    "y": 45.76888888888889
}