{
    "id": "Cm1344",
    "x": 28.763055555555557,
    "y": 46.67027777777778
}