{
    "id": "Cm1485",
    "x": 28.802500000000002,
    "y": 46.51305555555555
}