{
    "id": "Lv1377",
    "x": 28.246111111111112,
    "y": 46.407777777777774
}