{
    "id": 1149,
    "x": 28.410555555555554,
    "y": 45.928888888888885
}