{
    "id": "Cm0522",
    "x": 28.746666666666666,
    "y": 46.733333333333334
}