{
    "id": 1641,
    "x": 28.551111111111112,
    "y": 46.61944444444445
}