{
    "id": "Cm1429",
    "x": 28.817777777777778,
    "y": 46.47555555555556
}