{
    "id": "G1623",
    "x": 28.825833333333332,
    "y": 46.04944444444444
}