{
    "id": "G5799",
    "x": 28.690833333333334,
    "y": 45.83972222222222
}