{
    "id": 1189,
    "x": 28.352500000000003,
    "y": 45.950833333333335
}