{
    "id": "G1083",
    "x": 28.629166666666666,
    "y": 46.403055555555554
}