{
    "id": "G5803",
    "x": 28.693055555555556,
    "y": 45.846111111111114
}