{
    "id": "Cn0097",
    "x": 28.15861111111111,
    "y": 46.239444444444445
}