{
    "id": "B0154",
    "x": 28.90722222222222,
    "y": 46.39333333333333
}