{
    "id": 1096,
    "x": 28.410833333333333,
    "y": 46.05138888888889
}