{
    "id": "Cm0498",
    "x": 28.93277777777778,
    "y": 46.56583333333333
}