{
    "id": "Lv0817",
    "x": 28.31833333333333,
    "y": 46.575833333333335
}