{
    "id": "G0724",
    "x": 28.58888888888889,
    "y": 46.093333333333334
}