{
    "id": "Cm0579",
    "x": 28.921666666666667,
    "y": 46.58888888888889
}