{
    "id": "Cn0037",
    "x": 28.232777777777777,
    "y": 46.28916666666667
}