{
    "id": "Cm0274",
    "x": 28.746666666666666,
    "y": 46.61333333333334
}