{
    "id": "Cm0476",
    "x": 28.613333333333333,
    "y": 46.54083333333333
}