{
    "id": "Cn0492",
    "x": 28.335277777777776,
    "y": 46.36138888888889
}