{
    "id": "Ch5237",
    "x": 28.169722222222223,
    "y": 45.59277777777778
}