{
    "id": 1838,
    "x": 28.528888888888886,
    "y": 46.52861111111111
}