{
    "id": "B0220",
    "x": 28.945555555555554,
    "y": 46.50888888888889
}