{
    "id": "Lv0501",
    "x": 28.427500000000002,
    "y": 46.55833333333333
}