{
    "id": "Lv1606",
    "x": 28.380277777777778,
    "y": 46.38638888888889
}