{
    "id": "G5611",
    "x": 28.81138888888889,
    "y": 46.376111111111115
}