{
    "id": 137,
    "x": 28.586666666666666,
    "y": 45.87305555555555
}