{
    "id": "B0306",
    "x": 28.77722222222222,
    "y": 46.30361111111111
}