{
    "id": "G0937",
    "x": 28.648055555555555,
    "y": 46.22277777777778
}