{
    "id": "Lv0640",
    "x": 28.356944444444444,
    "y": 46.51277777777778
}