{
    "id": "Cn0108",
    "x": 28.221944444444443,
    "y": 46.16166666666666
}