{
    "id": "Cn0245",
    "x": 28.161666666666665,
    "y": 46.18444444444444
}