{
    "id": "Ch5167",
    "x": 28.490000000000002,
    "y": 46.098888888888894
}