{
    "id": "G0071",
    "x": 28.662777777777777,
    "y": 46.019444444444446
}