{
    "id": "Cm0667",
    "x": 28.58833333333333,
    "y": 46.65361111111111
}