{
    "id": "G0915",
    "x": 28.656666666666666,
    "y": 46.24111111111111
}