{
    "id": "Ch0648",
    "x": 28.28805555555556,
    "y": 45.864444444444445
}