{
    "id": "Cm0009",
    "x": 28.689722222222223,
    "y": 46.705555555555556
}