{
    "id": "B0216",
    "x": 28.933888888888887,
    "y": 46.511944444444445
}