{
    "id": 1719,
    "x": 28.421111111111113,
    "y": 46.656666666666666
}