{
    "id": "G1289",
    "x": 28.649166666666666,
    "y": 46.29694444444444
}