{
    "id": "Lv0811",
    "x": 28.319166666666668,
    "y": 46.573888888888895
}