{
    "id": "G5301",
    "x": 28.761944444444445,
    "y": 46.10111111111111
}