{
    "id": "G1607",
    "x": 28.81722222222222,
    "y": 46.058055555555555
}