{
    "id": "G1554",
    "x": 28.81138888888889,
    "y": 46.05583333333333
}