{
    "id": "G5187",
    "x": 28.772222222222222,
    "y": 46.17166666666667
}