{
    "id": "B0156",
    "x": 28.901944444444442,
    "y": 46.39722222222222
}