{
    "id": "Lv1627",
    "x": 28.366944444444446,
    "y": 46.38472222222222
}