{
    "id": 1101,
    "x": 28.418055555555558,
    "y": 46.038888888888884
}