{
    "id": "G1417",
    "x": 28.56527777777778,
    "y": 46.331388888888895
}