{
    "id": "Cn0014",
    "x": 28.229444444444443,
    "y": 46.27972222222222
}