{
    "id": "Ch5073",
    "x": 28.38611111111111,
    "y": 45.751666666666665
}