{
    "id": 1390,
    "x": 28.450833333333332,
    "y": 45.61472222222223
}