{
    "id": "G5286",
    "x": 28.76833333333333,
    "y": 46.113055555555555
}