{
    "id": 1422,
    "x": 28.200555555555553,
    "y": 45.92527777777777
}