{
    "id": 1111,
    "x": 28.401944444444442,
    "y": 46.056666666666665
}