{
    "id": "Cm1534",
    "x": 28.810555555555556,
    "y": 46.52611111111111
}