{
    "id": 1517,
    "x": 28.461388888888887,
    "y": 46.54111111111111
}