{
    "id": "Lv1194",
    "x": 28.520555555555553,
    "y": 46.38027777777778
}