{
    "id": "Lv1101",
    "x": 28.471666666666664,
    "y": 46.44333333333333
}