{
    "id": "G1776",
    "x": 28.844444444444445,
    "y": 46.07222222222222
}