{
    "id": "G5077",
    "x": 28.831944444444446,
    "y": 46.24944444444444
}