{
    "id": "Cn0178",
    "x": 28.30388888888889,
    "y": 46.341944444444444
}