{
    "id": "Ch5205",
    "x": 28.530555555555555,
    "y": 46.051111111111105
}