{
    "id": "Cn0201",
    "x": 28.310277777777777,
    "y": 46.301944444444445
}