{
    "id": "Cm0526",
    "x": 28.756666666666668,
    "y": 46.73416666666667
}