{
    "id": "Cn0521",
    "x": 28.315833333333334,
    "y": 46.198055555555555
}