{
    "id": 1320,
    "x": 28.420833333333334,
    "y": 45.79972222222222
}