{
    "id": 1674,
    "x": 28.46944444444444,
    "y": 46.60638888888889
}