{
    "id": "Cm1103",
    "x": 28.840277777777775,
    "y": 46.659444444444446
}