{
    "id": "G1662",
    "x": 28.844444444444445,
    "y": 46.04805555555556
}