{
    "id": "G0924",
    "x": 28.649166666666666,
    "y": 46.222500000000004
}