{
    "id": "G5385",
    "x": 28.677222222222223,
    "y": 46.10583333333334
}