{
    "id": "Lv0201",
    "x": 28.552222222222223,
    "y": 46.63388888888889
}