{
    "id": "Lv0577",
    "x": 28.357222222222223,
    "y": 46.51888888888889
}