{
    "id": 901,
    "x": 28.328888888888887,
    "y": 46.11388888888889
}