{
    "id": "Cm0298",
    "x": 28.765555555555554,
    "y": 46.619166666666665
}