{
    "id": "Cm0222",
    "x": 28.763333333333332,
    "y": 46.611666666666665
}