{
    "id": "Cm0490",
    "x": 28.93305555555556,
    "y": 46.556666666666665
}