{
    "id": "G0610",
    "x": 28.590555555555554,
    "y": 46.09166666666667
}