{
    "id": 321,
    "x": 28.572499999999998,
    "y": 46.00388888888889
}