{
    "id": "Cm0758",
    "x": 28.903888888888886,
    "y": 46.57527777777778
}