{
    "id": "Lv1327",
    "x": 28.316666666666666,
    "y": 46.42972222222222
}