{
    "id": "Lv1307",
    "x": 28.336388888888887,
    "y": 46.44444444444444
}