{
    "id": "G0776",
    "x": 28.648055555555555,
    "y": 46.23361111111111
}