{
    "id": "Lv1534",
    "x": 28.274166666666666,
    "y": 46.599444444444444
}