{
    "id": 815,
    "x": 28.244722222222222,
    "y": 45.93694444444444
}