{
    "id": "B0210",
    "x": 28.918055555555558,
    "y": 46.41583333333333
}