{
    "id": "Cm0276",
    "x": 28.751666666666665,
    "y": 46.609722222222224
}