{
    "id": "Lv0937",
    "x": 28.428333333333335,
    "y": 46.42444444444444
}