{
    "id": "G0860",
    "x": 28.648888888888887,
    "y": 46.23222222222223
}