{
    "id": "G0458",
    "x": 28.59638888888889,
    "y": 46.111666666666665
}