{
    "id": "G0022",
    "x": 28.66361111111111,
    "y": 45.99277777777778
}