{
    "id": "Cm0374",
    "x": 28.700833333333332,
    "y": 46.64694444444444
}