{
    "id": "G0850",
    "x": 28.636666666666667,
    "y": 46.21472222222223
}