{
    "id": "Ch5034",
    "x": 28.16583333333333,
    "y": 45.76416666666667
}