{
    "id": "Ch5112",
    "x": 28.47833333333333,
    "y": 46.08388888888889
}