{
    "id": "G1142",
    "x": 28.616388888888892,
    "y": 46.420833333333334
}