{
    "id": "Cn0165",
    "x": 28.276944444444442,
    "y": 46.31111111111111
}