{
    "id": "B0107",
    "x": 28.92638888888889,
    "y": 46.373333333333335
}