{
    "id": "Cn0953",
    "x": 28.511388888888888,
    "y": 46.26027777777778
}