{
    "id": "Lv1166",
    "x": 28.51888888888889,
    "y": 46.368611111111115
}