{
    "id": "Cn0216",
    "x": 28.15694444444444,
    "y": 46.23916666666667
}