{
    "id": "B0149",
    "x": 28.904166666666665,
    "y": 46.39833333333333
}