{
    "id": "Lv1388",
    "x": 28.239444444444445,
    "y": 46.522777777777776
}