{
    "id": 889,
    "x": 28.34111111111111,
    "y": 46.05361111111111
}