{
    "id": 512,
    "x": 28.92361111111111,
    "y": 46.02055555555555
}