{
    "id": 687,
    "x": 28.251944444444444,
    "y": 46.007222222222225
}