{
    "id": 730,
    "x": 28.160555555555554,
    "y": 46.01305555555555
}