{
    "id": "Lv1670",
    "x": 28.253888888888888,
    "y": 46.49111111111111
}