{
    "id": "G0442",
    "x": 28.599166666666665,
    "y": 46.11611111111111
}