{
    "id": "Cn1127",
    "x": 28.29138888888889,
    "y": 46.17777777777778
}