{
    "id": "Cm0408",
    "x": 28.676111111111112,
    "y": 46.65861111111111
}