{
    "id": "Cm0735",
    "x": 28.641944444444444,
    "y": 46.676944444444445
}