{
    "id": "Cm1498",
    "x": 28.803333333333335,
    "y": 46.507222222222225
}