{
    "id": 1710,
    "x": 28.42777777777778,
    "y": 46.650555555555556
}