{
    "id": "Cm0768",
    "x": 28.91777777777778,
    "y": 46.580555555555556
}