{
    "id": "Cm1446",
    "x": 28.835555555555555,
    "y": 46.468333333333334
}