{
    "id": "Cm1434",
    "x": 28.825277777777778,
    "y": 46.471111111111114
}