{
    "id": "G0463",
    "x": 28.593055555555555,
    "y": 46.11277777777778
}