{
    "id": "Lv1312",
    "x": 28.321944444444444,
    "y": 46.428888888888885
}