{
    "id": "Lv1409",
    "x": 28.24638888888889,
    "y": 46.52638888888889
}