{
    "id": "G0358",
    "x": 28.599722222222223,
    "y": 46.11388888888889
}