{
    "id": "G1646",
    "x": 28.834444444444443,
    "y": 46.04694444444444
}