{
    "id": "Cm0286",
    "x": 28.800833333333333,
    "y": 46.62138888888889
}