{
    "id": "Ch5090",
    "x": 28.38111111111111,
    "y": 45.76888888888889
}