{
    "id": "G1750",
    "x": 28.84638888888889,
    "y": 46.066111111111105
}