{
    "id": "G5243",
    "x": 28.840833333333332,
    "y": 46.26916666666666
}