{
    "id": "G0134",
    "x": 28.65111111111111,
    "y": 46.01111111111111
}