{
    "id": "Ch5080",
    "x": 28.38611111111111,
    "y": 45.74666666666667
}