{
    "id": "Cn0962",
    "x": 28.50861111111111,
    "y": 46.270833333333336
}