{
    "id": 757,
    "x": 28.173333333333336,
    "y": 46.08638888888889
}