{
    "id": 1456,
    "x": 28.470277777777778,
    "y": 46.58222222222223
}