{
    "id": "Cn1240",
    "x": 28.420833333333334,
    "y": 46.217777777777776
}