{
    "id": 1165,
    "x": 28.386388888888888,
    "y": 45.901111111111106
}