{
    "id": "Cm0309",
    "x": 28.671944444444446,
    "y": 46.69361111111111
}