{
    "id": "Cm0847",
    "x": 28.90833333333333,
    "y": 46.61666666666667
}