{
    "id": "Lv1216",
    "x": 28.51833333333333,
    "y": 46.359722222222224
}