{
    "id": 235,
    "x": 28.481111111111108,
    "y": 45.94027777777777
}