{
    "id": 748,
    "x": 28.169722222222223,
    "y": 46.04611111111111
}