{
    "id": 1756,
    "x": 28.406666666666666,
    "y": 46.67027777777778
}