{
    "id": "Cn0491",
    "x": 28.334444444444443,
    "y": 46.36194444444445
}