{
    "id": "G5139",
    "x": 28.76222222222222,
    "y": 46.19611111111111
}