{
    "id": "G5774",
    "x": 28.68305555555556,
    "y": 45.83888888888889
}