{
    "id": 63,
    "x": 28.592777777777776,
    "y": 45.903055555555554
}