{
    "id": 836,
    "x": 28.241111111111113,
    "y": 45.933611111111105
}