{
    "id": 264,
    "x": 28.47722222222222,
    "y": 46.03055555555555
}