{
    "id": "B0074",
    "x": 28.92361111111111,
    "y": 46.374722222222225
}