{
    "id": "Cm0183",
    "x": 28.75611111111111,
    "y": 46.59666666666667
}