{
    "id": "Cn0406",
    "x": 28.333888888888886,
    "y": 46.26638888888889
}