{
    "id": 228,
    "x": 28.482499999999998,
    "y": 45.94222222222222
}