{
    "id": "Lv1235",
    "x": 28.51222222222222,
    "y": 46.359722222222224
}