{
    "id": "Cn0237",
    "x": 28.161666666666665,
    "y": 46.19444444444444
}