{
    "id": "Ch5083",
    "x": 28.384444444444444,
    "y": 45.764722222222225
}