{
    "id": "Cn1181",
    "x": 28.252222222222223,
    "y": 46.15277777777778
}