{
    "id": "G5663",
    "x": 28.691944444444445,
    "y": 45.85888888888889
}