{
    "id": 1685,
    "x": 28.467777777777776,
    "y": 46.61388888888889
}