{
    "id": "G0059",
    "x": 28.673333333333336,
    "y": 46.01916666666666
}