{
    "id": "Lv1212",
    "x": 28.52111111111111,
    "y": 46.36472222222223
}