{
    "id": "Cn0154",
    "x": 28.279166666666665,
    "y": 46.31805555555556
}