{
    "id": "Lv1136",
    "x": 28.53111111111111,
    "y": 46.36944444444445
}