{
    "id": "Cm0424",
    "x": 28.690833333333334,
    "y": 46.65083333333333
}