{
    "id": "Lv0634",
    "x": 28.358055555555556,
    "y": 46.51083333333333
}