{
    "id": "G1323",
    "x": 28.66111111111111,
    "y": 46.30444444444444
}