{
    "id": 178,
    "x": 28.529999999999998,
    "y": 45.801111111111105
}