{
    "id": "Lv1159",
    "x": 28.52611111111111,
    "y": 46.371944444444445
}