{
    "id": "G0739",
    "x": 28.603055555555557,
    "y": 46.10444444444445
}