{
    "id": "G1633",
    "x": 28.835277777777776,
    "y": 46.05027777777777
}