{
    "id": 85,
    "x": 28.594166666666666,
    "y": 45.89888888888889
}