{
    "id": "G1509",
    "x": 28.443333333333335,
    "y": 45.87638888888889
}