{
    "id": "G5569",
    "x": 28.82027777777778,
    "y": 46.37305555555555
}