{
    "id": "Lv0338",
    "x": 28.397222222222222,
    "y": 46.674166666666665
}