{
    "id": "Ch0138",
    "x": 28.258333333333333,
    "y": 46.009166666666665
}