{
    "id": 1107,
    "x": 28.40833333333333,
    "y": 46.04972222222222
}