{
    "id": "B0151",
    "x": 28.903055555555554,
    "y": 46.39722222222222
}