{
    "id": "G0165",
    "x": 28.661388888888887,
    "y": 46.009166666666665
}