{
    "id": 1080,
    "x": 28.42777777777778,
    "y": 46.014722222222225
}