{
    "id": "Cn0357",
    "x": 28.253611111111113,
    "y": 46.23583333333333
}