{
    "id": "T0433",
    "x": 28.965833333333332,
    "y": 46.16833333333333
}