{
    "id": "Lv1244",
    "x": 28.509444444444444,
    "y": 46.36888888888889
}