{
    "id": "G0628",
    "x": 28.585555555555555,
    "y": 46.10527777777778
}