{
    "id": "G0784",
    "x": 28.65138888888889,
    "y": 46.24111111111111
}