{
    "id": "Cm1032",
    "x": 28.866111111111113,
    "y": 46.630833333333335
}