{
    "id": "Cn0662",
    "x": 28.46833333333333,
    "y": 46.15888888888889
}