{
    "id": "G1603",
    "x": 28.81416666666667,
    "y": 46.053888888888885
}