{
    "id": "Lv1707",
    "x": 28.240000000000002,
    "y": 46.48833333333334
}