{
    "id": "Lv1483",
    "x": 28.24527777777778,
    "y": 46.577222222222225
}