{
    "id": "Cm0880",
    "x": 28.90611111111111,
    "y": 46.614444444444445
}