{
    "id": "G5542",
    "x": 28.829444444444444,
    "y": 46.35277777777778
}