{
    "id": "Cn1148",
    "x": 28.289444444444445,
    "y": 46.17972222222222
}