{
    "id": "Cm0320",
    "x": 28.673055555555557,
    "y": 46.69138888888889
}