{
    "id": 630,
    "x": 28.215555555555554,
    "y": 45.978611111111114
}