{
    "id": "G1365",
    "x": 28.66888888888889,
    "y": 46.28583333333333
}