{
    "id": "G0433",
    "x": 28.591388888888886,
    "y": 46.119166666666665
}