{
    "id": "Lv1470",
    "x": 28.24638888888889,
    "y": 46.57833333333333
}