{
    "id": "Lv1320",
    "x": 28.334166666666665,
    "y": 46.448611111111106
}