{
    "id": "Lv1309",
    "x": 28.335833333333333,
    "y": 46.44194444444444
}