{
    "id": "Ch5221",
    "x": 28.513055555555557,
    "y": 46.05416666666667
}