{
    "id": "Cn0149",
    "x": 28.27638888888889,
    "y": 46.32638888888889
}