{
    "id": "G5395",
    "x": 28.67666666666667,
    "y": 46.106944444444444
}