{
    "id": "Lv1460",
    "x": 28.24388888888889,
    "y": 46.574444444444445
}