{
    "id": "Cm0688",
    "x": 28.601111111111113,
    "y": 46.656388888888884
}