{
    "id": "G0929",
    "x": 28.646944444444443,
    "y": 46.21666666666667
}