{
    "id": 389,
    "x": 28.48222222222222,
    "y": 45.83777777777778
}