{
    "id": "Ch0868",
    "x": 28.32027777777778,
    "y": 45.82777777777778
}