{
    "id": "Lv1615",
    "x": 28.371666666666666,
    "y": 46.37833333333333
}