{
    "id": "G1143",
    "x": 28.613611111111112,
    "y": 46.43277777777777
}