{
    "id": "G5186",
    "x": 28.769444444444442,
    "y": 46.19277777777778
}