{
    "id": "G5082",
    "x": 28.828611111111112,
    "y": 46.24638888888889
}