{
    "id": 298,
    "x": 28.47694444444444,
    "y": 45.968333333333334
}