{
    "id": "Cm0808",
    "x": 28.918333333333333,
    "y": 46.61055555555556
}