{
    "id": "Ch5038",
    "x": 28.177500000000002,
    "y": 45.79805555555556
}