{
    "id": "Cn0823",
    "x": 28.398888888888887,
    "y": 46.32194444444445
}