{
    "id": "G5712",
    "x": 28.696666666666665,
    "y": 45.83916666666667
}