{
    "id": "Cm0967",
    "x": 28.615000000000002,
    "y": 46.533055555555556
}