{
    "id": "Lv0707",
    "x": 28.333055555555557,
    "y": 46.57833333333333
}