{
    "id": "Lv0222",
    "x": 28.549722222222226,
    "y": 46.61555555555556
}