{
    "id": "Cn0262",
    "x": 28.161666666666665,
    "y": 46.16416666666667
}