{
    "id": "Cn0657",
    "x": 28.42638888888889,
    "y": 46.18861111111111
}