{
    "id": "Lv1139",
    "x": 28.533611111111114,
    "y": 46.37138888888889
}