{
    "id": "G1266",
    "x": 28.64361111111111,
    "y": 46.29388888888889
}