{
    "id": "Cn0669",
    "x": 28.479999999999997,
    "y": 46.13722222222222
}