{
    "id": "Lv1261",
    "x": 28.514166666666668,
    "y": 46.37583333333333
}