{
    "id": "Cm1624",
    "x": 28.75583333333333,
    "y": 46.52611111111111
}