{
    "id": "Cm0700",
    "x": 28.650555555555552,
    "y": 46.70194444444445
}