{
    "id": "G5552",
    "x": 28.824444444444445,
    "y": 46.36666666666667
}