{
    "id": "Cn0415",
    "x": 28.330833333333334,
    "y": 46.31027777777778
}