{
    "id": "B0337",
    "x": 28.976388888888888,
    "y": 46.331388888888895
}