{
    "id": 140,
    "x": 28.58722222222222,
    "y": 45.87416666666667
}