{
    "id": "G5192",
    "x": 28.775277777777777,
    "y": 46.18611111111111
}