{
    "id": "T0200",
    "x": 28.567777777777778,
    "y": 45.77777777777778
}