{
    "id": "Cn0204",
    "x": 28.313055555555557,
    "y": 46.302499999999995
}