{
    "id": 1043,
    "x": 28.24388888888889,
    "y": 46.06805555555556
}