{
    "id": 872,
    "x": 28.343333333333334,
    "y": 46.01444444444444
}