{
    "id": "Cm1401",
    "x": 28.99888888888889,
    "y": 46.58722222222222
}