{
    "id": 1761,
    "x": 28.402777777777775,
    "y": 46.67222222222222
}