{
    "id": "Ch5240",
    "x": 28.177500000000002,
    "y": 45.584722222222226
}