{
    "id": "G1336",
    "x": 28.65833333333333,
    "y": 46.28972222222222
}