{
    "id": "Cm1031",
    "x": 28.868333333333332,
    "y": 46.63111111111111
}