{
    "id": "Cn0322",
    "x": 28.22083333333333,
    "y": 46.221944444444446
}