{
    "id": "Cn0403",
    "x": 28.336666666666666,
    "y": 46.269444444444446
}