{
    "id": "Cn0021",
    "x": 28.232777777777777,
    "y": 46.28527777777778
}