{
    "id": "Lv1716",
    "x": 28.238611111111112,
    "y": 46.486111111111114
}