{
    "id": "Cm0150",
    "x": 28.746666666666666,
    "y": 46.58583333333333
}