{
    "id": "G0186",
    "x": 28.656388888888888,
    "y": 46.00138888888889
}