{
    "id": "G0412",
    "x": 28.58722222222222,
    "y": 46.12277777777778
}