{
    "id": "Cn0286",
    "x": 28.178055555555556,
    "y": 46.13666666666666
}