{
    "id": "Ch0689",
    "x": 28.320833333333333,
    "y": 45.82777777777778
}