{
    "id": 1693,
    "x": 28.470277777777778,
    "y": 46.61194444444445
}