{
    "id": 1631,
    "x": 28.55138888888889,
    "y": 46.62916666666667
}