{
    "id": "G1177",
    "x": 28.622777777777777,
    "y": 46.425555555555555
}