{
    "id": "G1208",
    "x": 28.63111111111111,
    "y": 46.40361111111111
}