{
    "id": "B0168",
    "x": 28.908055555555553,
    "y": 46.41722222222222
}