{
    "id": "G5745",
    "x": 28.685277777777777,
    "y": 45.86055555555556
}