{
    "id": "Cm0074",
    "x": 28.705277777777777,
    "y": 46.68555555555555
}