{
    "id": 1712,
    "x": 28.425833333333333,
    "y": 46.653055555555554
}