{
    "id": "Cn1026",
    "x": 28.40722222222222,
    "y": 46.23527777777778
}