{
    "id": "G1640",
    "x": 28.835555555555555,
    "y": 46.043055555555554
}