{
    "id": "Cm1388",
    "x": 28.996944444444445,
    "y": 46.57472222222223
}