{
    "id": "Lv1491",
    "x": 28.251666666666665,
    "y": 46.562777777777775
}