{
    "id": 601,
    "x": 28.22222222222222,
    "y": 45.98916666666667
}