{
    "id": "G5233",
    "x": 28.845555555555553,
    "y": 46.25694444444444
}