{
    "id": "Cn0548",
    "x": 28.32638888888889,
    "y": 46.22972222222222
}