{
    "id": "G1656",
    "x": 28.839444444444442,
    "y": 46.047777777777775
}