{
    "id": "Cn0413",
    "x": 28.323055555555555,
    "y": 46.31194444444444
}