{
    "id": "G0462",
    "x": 28.593888888888888,
    "y": 46.11277777777778
}