{
    "id": "Lv0629",
    "x": 28.36138888888889,
    "y": 46.50861111111111
}