{
    "id": 231,
    "x": 28.478888888888886,
    "y": 45.94499999999999
}