{
    "id": "Cm0572",
    "x": 28.924166666666668,
    "y": 46.587500000000006
}