{
    "id": 1690,
    "x": 28.465833333333332,
    "y": 46.611666666666665
}