{
    "id": "Cn0278",
    "x": 28.168333333333333,
    "y": 46.14388888888889
}