{
    "id": "Lv0343",
    "x": 28.405555555555555,
    "y": 46.66972222222222
}