{
    "id": "G1498",
    "x": 28.51222222222222,
    "y": 46.159444444444446
}