{
    "id": 312,
    "x": 28.471666666666664,
    "y": 45.974444444444444
}