{
    "id": "B0176",
    "x": 28.913055555555555,
    "y": 46.406388888888884
}