{
    "id": "Ch0218",
    "x": 28.211388888888887,
    "y": 46.025555555555556
}