{
    "id": "Cn0795",
    "x": 28.406388888888888,
    "y": 46.32916666666667
}