{
    "id": "G5262",
    "x": 28.769444444444442,
    "y": 46.10861111111111
}