{
    "id": "G5341",
    "x": 28.691111111111113,
    "y": 46.093333333333334
}