{
    "id": "G5339",
    "x": 28.679166666666667,
    "y": 46.092222222222226
}