{
    "id": "G0643",
    "x": 28.594166666666666,
    "y": 46.09861111111111
}