{
    "id": 1453,
    "x": 28.47138888888889,
    "y": 46.58111111111111
}