{
    "id": 433,
    "x": 28.62138888888889,
    "y": 45.77972222222222
}