{
    "id": "Cm0002",
    "x": 28.689722222222223,
    "y": 46.70305555555556
}