{
    "id": "Lv0497",
    "x": 28.509166666666665,
    "y": 46.56444444444444
}