{
    "id": "G1630",
    "x": 28.828333333333333,
    "y": 46.04861111111111
}