{
    "id": "G1538",
    "x": 28.810833333333335,
    "y": 46.05777777777777
}