{
    "id": "G1650",
    "x": 28.836666666666666,
    "y": 46.046388888888885
}