{
    "id": "Lv0676",
    "x": 28.325277777777778,
    "y": 46.58083333333334
}