{
    "id": "Lv0732",
    "x": 28.32638888888889,
    "y": 46.56888888888889
}