{
    "id": "B0075",
    "x": 28.923333333333336,
    "y": 46.375277777777775
}