{
    "id": "Cn0923",
    "x": 28.384166666666665,
    "y": 46.28805555555555
}