{
    "id": "G0754",
    "x": 28.60888888888889,
    "y": 46.11138888888889
}