{
    "id": "Cm0649",
    "x": 28.918055555555558,
    "y": 46.551111111111105
}