{
    "id": "Cn0699",
    "x": 28.447777777777777,
    "y": 46.18111111111111
}