{
    "id": "B0079",
    "x": 28.94638888888889,
    "y": 46.38916666666667
}