{
    "id": "G0848",
    "x": 28.637777777777778,
    "y": 46.216944444444444
}