{
    "id": 301,
    "x": 28.47722222222222,
    "y": 45.969166666666666
}