{
    "id": "Cm0734",
    "x": 28.642222222222223,
    "y": 46.675555555555555
}