{
    "id": "Cn0927",
    "x": 28.37527777777778,
    "y": 46.29138888888889
}