{
    "id": "Cn0984",
    "x": 28.522499999999997,
    "y": 46.283055555555556
}