{
    "id": "B0171",
    "x": 28.912499999999998,
    "y": 46.409166666666664
}