{
    "id": "Lv1729",
    "x": 28.243055555555557,
    "y": 46.481388888888894
}