{
    "id": "Cm0977",
    "x": 28.61138888888889,
    "y": 46.54055555555556
}