{
    "id": "Cn0632",
    "x": 28.415277777777778,
    "y": 46.222500000000004
}