{
    "id": "G0466",
    "x": 28.589444444444442,
    "y": 46.11416666666667
}