{
    "id": "G5091",
    "x": 28.830555555555556,
    "y": 46.25333333333333
}