{
    "id": "Cm0507",
    "x": 28.80527777777778,
    "y": 46.619166666666665
}