{
    "id": "G1728",
    "x": 28.833888888888886,
    "y": 46.06055555555555
}