{
    "id": "T0133",
    "x": 28.586666666666666,
    "y": 45.87222222222222
}