{
    "id": "Cn0223",
    "x": 28.154444444444444,
    "y": 46.230555555555554
}