{
    "id": "Cm0198",
    "x": 28.747222222222224,
    "y": 46.57666666666667
}