{
    "id": 1781,
    "x": 28.45722222222222,
    "y": 46.66694444444444
}