{
    "id": "Lv0190",
    "x": 28.52861111111111,
    "y": 46.64527777777778
}