{
    "id": "Ch5015",
    "x": 28.174444444444447,
    "y": 45.72888888888889
}