{
    "id": "Lv0711",
    "x": 28.33611111111111,
    "y": 46.57944444444445
}