{
    "id": "B0049",
    "x": 28.872222222222224,
    "y": 46.456944444444446
}