{
    "id": 570,
    "x": 28.189722222222223,
    "y": 45.96194444444445
}