{
    "id": "G1053",
    "x": 28.611666666666668,
    "y": 46.43583333333333
}