{
    "id": "Cn0239",
    "x": 28.159444444444443,
    "y": 46.18861111111111
}