{
    "id": 1038,
    "x": 28.24388888888889,
    "y": 46.07055555555556
}