{
    "id": 1530,
    "x": 28.39611111111111,
    "y": 46.599444444444444
}