{
    "id": "G0360",
    "x": 28.601666666666667,
    "y": 46.11527777777778
}