{
    "id": "Cn1211",
    "x": 28.289444444444445,
    "y": 46.17333333333333
}