{
    "id": "Cn0098",
    "x": 28.15972222222222,
    "y": 46.237500000000004
}