{
    "id": "G0052",
    "x": 28.673333333333336,
    "y": 46.01777777777777
}