{
    "id": "Cn0473",
    "x": 28.345555555555553,
    "y": 46.36388888888889
}