{
    "id": "Cm0606",
    "x": 28.927222222222223,
    "y": 46.57194444444445
}