{
    "id": "B0072",
    "x": 28.924722222222222,
    "y": 46.373333333333335
}