{
    "id": 1411,
    "x": 28.20722222222222,
    "y": 45.89472222222222
}