{
    "id": "G1665",
    "x": 28.844166666666666,
    "y": 46.050555555555555
}