{
    "id": "G0614",
    "x": 28.591388888888886,
    "y": 46.08972222222222
}