{
    "id": "G0670",
    "x": 28.583888888888886,
    "y": 46.098888888888894
}