{
    "id": 1281,
    "x": 28.33138888888889,
    "y": 45.82222222222222
}