{
    "id": "Cm0441",
    "x": 28.93277777777778,
    "y": 46.54138888888889
}