{
    "id": "Lv1353",
    "x": 28.256944444444443,
    "y": 46.41972222222222
}