{
    "id": "Cn0232",
    "x": 28.15861111111111,
    "y": 46.20388888888889
}