{
    "id": "Cn0711",
    "x": 28.411944444444444,
    "y": 46.34861111111111
}