{
    "id": "Cn0510",
    "x": 28.313333333333333,
    "y": 46.19944444444444
}