{
    "id": "G0136",
    "x": 28.65083333333333,
    "y": 46.00888888888889
}