{
    "id": "T0038",
    "x": 28.598888888888887,
    "y": 45.902499999999996
}