{
    "id": "Cn1197",
    "x": 28.517777777777777,
    "y": 46.217777777777776
}