{
    "id": "Ch0319",
    "x": 28.349444444444444,
    "y": 46.02027777777778
}