{
    "id": "G0904",
    "x": 28.654444444444444,
    "y": 46.24166666666667
}