{
    "id": "G0097",
    "x": 28.65833333333333,
    "y": 46.014722222222225
}