{
    "id": "Cn1150",
    "x": 28.403333333333332,
    "y": 46.14861111111111
}