{
    "id": "Cn0816",
    "x": 28.403333333333332,
    "y": 46.327222222222225
}