{
    "id": 1163,
    "x": 28.399722222222223,
    "y": 45.89555555555555
}