{
    "id": "Cn0518",
    "x": 28.311944444444446,
    "y": 46.195277777777775
}