{
    "id": "Cn0544",
    "x": 28.322777777777777,
    "y": 46.23222222222223
}