{
    "id": 1195,
    "x": 28.354444444444447,
    "y": 45.94638888888888
}