{
    "id": "G0808",
    "x": 28.640277777777776,
    "y": 46.22638888888889
}