{
    "id": 579,
    "x": 28.201944444444443,
    "y": 45.95916666666667
}