{
    "id": "B0295",
    "x": 28.78527777777778,
    "y": 46.30416666666667
}