{
    "id": "Cm1214",
    "x": 28.64361111111111,
    "y": 46.47638888888889
}