{
    "id": 153,
    "x": 28.574166666666667,
    "y": 45.82194444444445
}