{
    "id": "Lv0095",
    "x": 28.461666666666666,
    "y": 46.54055555555556
}