{
    "id": "G0714",
    "x": 28.587777777777777,
    "y": 46.09666666666667
}