{
    "id": "Lv1655",
    "x": 28.25888888888889,
    "y": 46.48638888888889
}