{
    "id": "Cm0672",
    "x": 28.587777777777777,
    "y": 46.64722222222222
}