{
    "id": "G0010",
    "x": 28.66777777777778,
    "y": 46.00861111111111
}