{
    "id": "Cm1477",
    "x": 28.79416666666667,
    "y": 46.52361111111111
}