{
    "id": "G1119",
    "x": 28.610000000000003,
    "y": 46.419999999999995
}