{
    "id": 1568,
    "x": 28.405555555555555,
    "y": 46.583333333333336
}