{
    "id": "Cn1002",
    "x": 28.520555555555553,
    "y": 46.26777777777777
}