{
    "id": "Cn0940",
    "x": 28.435277777777777,
    "y": 46.269999999999996
}