{
    "id": 326,
    "x": 28.563333333333333,
    "y": 45.99666666666667
}