{
    "id": "G0140",
    "x": 28.65361111111111,
    "y": 46.00666666666667
}