{
    "id": "G1383",
    "x": 28.669722222222223,
    "y": 46.27833333333333
}