{
    "id": "B0095",
    "x": 28.926111111111112,
    "y": 46.36416666666667
}