{
    "id": 97,
    "x": 28.592222222222222,
    "y": 45.89805555555556
}