{
    "id": "Cm1343",
    "x": 28.764444444444443,
    "y": 46.66888888888889
}