{
    "id": "Ch5136",
    "x": 28.469166666666666,
    "y": 46.08416666666667
}