{
    "id": "Lv1413",
    "x": 28.247777777777777,
    "y": 46.526944444444446
}