{
    "id": 1589,
    "x": 28.488333333333333,
    "y": 46.63305555555556
}