{
    "id": 222,
    "x": 28.481388888888887,
    "y": 45.94888888888889
}