{
    "id": "Lv0756",
    "x": 28.326666666666668,
    "y": 46.572500000000005
}