{
    "id": "G1199",
    "x": 28.628055555555555,
    "y": 46.41111111111111
}