{
    "id": "G5468",
    "x": 28.666944444444447,
    "y": 46.10333333333333
}