{
    "id": "G1248",
    "x": 28.639722222222222,
    "y": 46.29222222222222
}