{
    "id": "G0013",
    "x": 28.668333333333333,
    "y": 46.00222222222222
}