{
    "id": 1222,
    "x": 28.295833333333334,
    "y": 45.86027777777778
}