{
    "id": "G1711",
    "x": 28.84472222222222,
    "y": 46.061388888888885
}