{
    "id": "Cn0145",
    "x": 28.271944444444443,
    "y": 46.31722222222223
}