{
    "id": "G1446",
    "x": 28.559444444444445,
    "y": 46.33416666666667
}