{
    "id": "Cn0746",
    "x": 28.411388888888887,
    "y": 46.35944444444445
}