{
    "id": 423,
    "x": 28.62777777777778,
    "y": 45.783055555555556
}