{
    "id": "G5596",
    "x": 28.81638888888889,
    "y": 46.37083333333334
}