{
    "id": "G1113",
    "x": 28.601666666666667,
    "y": 46.42444444444444
}