{
    "id": "Cm0957",
    "x": 28.610000000000003,
    "y": 46.54888888888889
}