{
    "id": "Cm0378",
    "x": 28.696944444444444,
    "y": 46.647777777777776
}