{
    "id": "G0020",
    "x": 28.66611111111111,
    "y": 45.99472222222222
}