{
    "id": "G5852",
    "x": 28.878055555555555,
    "y": 46.11527777777778
}