{
    "id": "Cn0883",
    "x": 28.429444444444446,
    "y": 46.35583333333334
}