{
    "id": "B0319",
    "x": 28.99416666666667,
    "y": 46.330555555555556
}