{
    "id": "Ch5130",
    "x": 28.467499999999998,
    "y": 46.08527777777778
}