{
    "id": "G5268",
    "x": 28.770555555555553,
    "y": 46.109722222222224
}