{
    "id": "Cn0140",
    "x": 28.273333333333333,
    "y": 46.32416666666667
}