{
    "id": "G1007",
    "x": 28.645555555555553,
    "y": 46.178888888888885
}