{
    "id": "G5670",
    "x": 28.690277777777776,
    "y": 45.85722222222223
}