{
    "id": "Lv0742",
    "x": 28.31861111111111,
    "y": 46.56527777777777
}