{
    "id": "B0124",
    "x": 28.948333333333334,
    "y": 46.35777777777778
}