{
    "id": "Cn1178",
    "x": 28.249166666666667,
    "y": 46.15138888888889
}