{
    "id": "G1531",
    "x": 28.804722222222225,
    "y": 46.053888888888885
}