{
    "id": "Lv1060",
    "x": 28.47222222222222,
    "y": 46.44694444444444
}