{
    "id": "Lv0635",
    "x": 28.359444444444446,
    "y": 46.51083333333333
}