{
    "id": "Cm0924",
    "x": 28.61861111111111,
    "y": 46.588055555555556
}