{
    "id": "T0196",
    "x": 28.56833333333333,
    "y": 45.778888888888886
}