{
    "id": "G1576",
    "x": 28.811111111111114,
    "y": 46.05305555555555
}