{
    "id": "G1361",
    "x": 28.662499999999998,
    "y": 46.35777777777778
}