{
    "id": "Cm1458",
    "x": 29.02583333333333,
    "y": 46.51416666666667
}