{
    "id": "G5154",
    "x": 28.766111111111112,
    "y": 46.18472222222222
}