{
    "id": "G5457",
    "x": 28.66611111111111,
    "y": 46.09638888888889
}