{
    "id": "Ch0169",
    "x": 28.159166666666664,
    "y": 46.01777777777777
}