{
    "id": "Cn0813",
    "x": 28.403333333333332,
    "y": 46.32833333333333
}