{
    "id": "Cm1050",
    "x": 28.878888888888888,
    "y": 46.63055555555555
}