{
    "id": "Cm1357",
    "x": 28.997777777777777,
    "y": 46.569722222222225
}