{
    "id": "Cn0740",
    "x": 28.421111111111113,
    "y": 46.35777777777778
}