{
    "id": 1867,
    "x": 28.545833333333334,
    "y": 46.50055555555556
}