{
    "id": "G1420",
    "x": 28.56527777777778,
    "y": 46.33361111111111
}