{
    "id": "Cn1138",
    "x": 28.275277777777777,
    "y": 46.16638888888889
}