{
    "id": "Cm1370",
    "x": 28.99138888888889,
    "y": 46.571111111111115
}