{
    "id": 804,
    "x": 28.253055555555555,
    "y": 46.04361111111111
}