{
    "id": "B0039",
    "x": 28.87666666666667,
    "y": 46.45055555555556
}