{
    "id": "G0730",
    "x": 28.58861111111111,
    "y": 46.08694444444445
}