{
    "id": "G0297",
    "x": 28.567777777777778,
    "y": 46.01555555555556
}