{
    "id": "Lv0777",
    "x": 28.318055555555556,
    "y": 46.57972222222222
}