{
    "id": "G5665",
    "x": 28.69388888888889,
    "y": 45.85722222222223
}