{
    "id": "G0475",
    "x": 28.593888888888888,
    "y": 46.11361111111111
}