{
    "id": "Cm0140",
    "x": 28.71972222222222,
    "y": 46.63111111111111
}