{
    "id": "T0162",
    "x": 28.579166666666666,
    "y": 45.73111111111111
}