{
    "id": "Lv1036",
    "x": 28.43638888888889,
    "y": 46.42166666666667
}