{
    "id": "G5756",
    "x": 28.685555555555556,
    "y": 45.83722222222222
}