{
    "id": "Lv0529",
    "x": 28.385277777777777,
    "y": 46.493611111111115
}