{
    "id": 1272,
    "x": 28.340277777777775,
    "y": 45.811388888888885
}