{
    "id": "Cn0489",
    "x": 28.333888888888886,
    "y": 46.36277777777778
}