{
    "id": "Cm1551",
    "x": 28.81638888888889,
    "y": 46.52472222222222
}