{
    "id": 1172,
    "x": 28.365555555555556,
    "y": 45.91166666666666
}