{
    "id": "G5440",
    "x": 28.660277777777775,
    "y": 46.100833333333334
}