{
    "id": "Cn0882",
    "x": 28.428611111111113,
    "y": 46.35472222222222
}