{
    "id": "Lv1471",
    "x": 28.246666666666666,
    "y": 46.578611111111115
}