{
    "id": "Cm0743",
    "x": 28.614444444444445,
    "y": 46.60416666666667
}