{
    "id": "G1270",
    "x": 28.65083333333333,
    "y": 46.29527777777778
}