{
    "id": "Lv1499",
    "x": 28.25722222222222,
    "y": 46.559999999999995
}