{
    "id": 1716,
    "x": 28.421111111111113,
    "y": 46.65888888888889
}