{
    "id": "Cn0509",
    "x": 28.316944444444445,
    "y": 46.20111111111111
}