{
    "id": "G0138",
    "x": 28.65111111111111,
    "y": 46.00666666666667
}