{
    "id": "Cm1265",
    "x": 28.820555555555554,
    "y": 46.47527777777778
}