{
    "id": "G1514",
    "x": 28.45583333333333,
    "y": 45.867777777777775
}