{
    "id": "Cm0341",
    "x": 28.650277777777777,
    "y": 46.67222222222222
}