{
    "id": "Cm0061",
    "x": 28.711944444444445,
    "y": 46.67611111111111
}