{
    "id": "Cm0204",
    "x": 28.75888888888889,
    "y": 46.59861111111111
}