{
    "id": "G0621",
    "x": 28.593055555555555,
    "y": 46.10416666666667
}