{
    "id": "Cn0747",
    "x": 28.415555555555553,
    "y": 46.348888888888894
}