{
    "id": "Cn0379",
    "x": 28.345555555555553,
    "y": 46.245555555555555
}