{
    "id": "Ch0690",
    "x": 28.328888888888887,
    "y": 45.82194444444445
}