{
    "id": "G0797",
    "x": 28.637777777777778,
    "y": 46.223888888888894
}