{
    "id": "Cn1228",
    "x": 28.27722222222222,
    "y": 46.17305555555555
}