{
    "id": "Cn0826",
    "x": 28.397222222222222,
    "y": 46.322500000000005
}