{
    "id": "Lv0472",
    "x": 28.554444444444446,
    "y": 46.57361111111111
}