{
    "id": "Cm0748",
    "x": 28.615555555555556,
    "y": 46.597500000000004
}