{
    "id": "Cn0435",
    "x": 28.329166666666666,
    "y": 46.35916666666667
}