{
    "id": "G5065",
    "x": 28.836388888888887,
    "y": 46.24722222222222
}