{
    "id": "Cn0880",
    "x": 28.42638888888889,
    "y": 46.35722222222223
}