{
    "id": "Cn1037",
    "x": 28.401666666666664,
    "y": 46.136944444444445
}