{
    "id": 1526,
    "x": 28.392777777777777,
    "y": 46.60333333333333
}