{
    "id": "Lv0513",
    "x": 28.395833333333332,
    "y": 46.493611111111115
}