{
    "id": "G5700",
    "x": 28.69527777777778,
    "y": 45.84638888888889
}