{
    "id": "Ch5245",
    "x": 28.206944444444442,
    "y": 45.48527777777778
}