{
    "id": "Cm0022",
    "x": 28.706944444444442,
    "y": 46.70333333333333
}