{
    "id": "G5170",
    "x": 28.760833333333334,
    "y": 46.17527777777777
}