{
    "id": "Cn0390",
    "x": 28.341388888888886,
    "y": 46.25611111111111
}