{
    "id": "G5004",
    "x": 28.94527777777778,
    "y": 46.216944444444444
}