{
    "id": "G5696",
    "x": 28.699444444444445,
    "y": 45.847500000000004
}