{
    "id": 622,
    "x": 28.217777777777776,
    "y": 45.984722222222224
}