{
    "id": "Cm0697",
    "x": 28.648055555555555,
    "y": 46.702222222222225
}