{
    "id": 1566,
    "x": 28.406666666666666,
    "y": 46.581388888888895
}