{
    "id": "Lv0639",
    "x": 28.35888888888889,
    "y": 46.51222222222222
}