{
    "id": 1350,
    "x": 28.44611111111111,
    "y": 45.620555555555555
}