{
    "id": "Cm0681",
    "x": 28.68166666666667,
    "y": 46.657222222222224
}