{
    "id": "Lv1146",
    "x": 28.412499999999998,
    "y": 46.47805555555556
}