{
    "id": 1669,
    "x": 28.46722222222222,
    "y": 46.606944444444444
}