{
    "id": "Cm1269",
    "x": 28.826944444444443,
    "y": 46.47222222222222
}