{
    "id": "G0661",
    "x": 28.583888888888886,
    "y": 46.10166666666667
}