{
    "id": "Lv0550",
    "x": 28.355555555555558,
    "y": 46.520833333333336
}