{
    "id": "Cm1173",
    "x": 28.68166666666667,
    "y": 46.46333333333334
}