{
    "id": "G1440",
    "x": 28.561666666666667,
    "y": 46.33888888888889
}