{
    "id": "G1360",
    "x": 28.656666666666666,
    "y": 46.352222222222224
}