{
    "id": 773,
    "x": 28.209722222222222,
    "y": 46.02444444444444
}