{
    "id": "Cm0351",
    "x": 28.65111111111111,
    "y": 46.67194444444444
}