{
    "id": "Cn0791",
    "x": 28.404444444444444,
    "y": 46.323055555555555
}