{
    "id": "Cm0845",
    "x": 28.910555555555554,
    "y": 46.614444444444445
}