{
    "id": 288,
    "x": 28.475277777777777,
    "y": 45.96611111111111
}