{
    "id": "Cn0293",
    "x": 28.18638888888889,
    "y": 46.117222222222225
}