{
    "id": "Lv1718",
    "x": 28.239166666666666,
    "y": 46.48444444444444
}