{
    "id": "G1085",
    "x": 28.636944444444445,
    "y": 46.39055555555556
}