{
    "id": "G5042",
    "x": 28.938055555555557,
    "y": 46.20277777777778
}