{
    "id": "G1100",
    "x": 28.60138888888889,
    "y": 46.42722222222222
}