{
    "id": 1346,
    "x": 28.448055555555555,
    "y": 45.61833333333333
}