{
    "id": "Cn0763",
    "x": 28.448333333333334,
    "y": 46.33916666666667
}