{
    "id": "G1568",
    "x": 28.809722222222224,
    "y": 46.05444444444444
}