{
    "id": "Cn0351",
    "x": 28.25583333333333,
    "y": 46.23444444444444
}