{
    "id": 752,
    "x": 28.166666666666668,
    "y": 46.05916666666666
}