{
    "id": "Cm0527",
    "x": 28.755277777777778,
    "y": 46.733333333333334
}