{
    "id": "G1613",
    "x": 28.821944444444444,
    "y": 46.055277777777775
}