{
    "id": "G5073",
    "x": 28.83222222222222,
    "y": 46.24527777777778
}