{
    "id": "Lv1577",
    "x": 28.37638888888889,
    "y": 46.38527777777778
}