{
    "id": "Cm0587",
    "x": 28.91611111111111,
    "y": 46.58861111111111
}