{
    "id": 1124,
    "x": 28.374444444444446,
    "y": 46.03722222222222
}