{
    "id": "Cm0635",
    "x": 28.923055555555557,
    "y": 46.55694444444444
}