{
    "id": "Cm0405",
    "x": 28.676111111111112,
    "y": 46.655277777777776
}