{
    "id": "Cm1280",
    "x": 28.887777777777778,
    "y": 46.67777777777778
}