{
    "id": 865,
    "x": 28.34472222222222,
    "y": 46.028055555555554
}