{
    "id": "Cn0316",
    "x": 28.176111111111112,
    "y": 46.132222222222225
}