{
    "id": "G5358",
    "x": 28.686944444444446,
    "y": 46.09916666666667
}