{
    "id": "Cm0621",
    "x": 28.92361111111111,
    "y": 46.54416666666666
}