{
    "id": "G0390",
    "x": 28.600833333333334,
    "y": 46.12083333333334
}