{
    "id": "Lv0816",
    "x": 28.31888888888889,
    "y": 46.57638888888889
}