{
    "id": "Ch0754",
    "x": 28.353333333333335,
    "y": 45.80083333333333
}