{
    "id": "Cm0607",
    "x": 28.929444444444446,
    "y": 46.57361111111111
}