{
    "id": "G5256",
    "x": 28.76861111111111,
    "y": 46.10388888888889
}