{
    "id": "Cn1165",
    "x": 28.258333333333333,
    "y": 46.15416666666667
}