{
    "id": "Cm1617",
    "x": 28.75611111111111,
    "y": 46.52722222222222
}