{
    "id": "G0533",
    "x": 28.586944444444445,
    "y": 46.113055555555555
}