{
    "id": "Ch5232",
    "x": 28.17388888888889,
    "y": 45.62222222222222
}