{
    "id": 1654,
    "x": 28.530833333333334,
    "y": 46.59916666666667
}