{
    "id": "G0903",
    "x": 28.654166666666665,
    "y": 46.24055555555556
}