{
    "id": 120,
    "x": 28.58277777777778,
    "y": 45.85888888888889
}