{
    "id": "Lv0790",
    "x": 28.314444444444444,
    "y": 46.57222222222222
}