{
    "id": "Cm0231",
    "x": 28.763333333333332,
    "y": 46.61833333333333
}