{
    "id": "G1829",
    "x": 28.675555555555558,
    "y": 46.28638888888889
}