{
    "id": "Cm1073",
    "x": 28.85388888888889,
    "y": 46.655833333333334
}