{
    "id": "Lv1112",
    "x": 28.47972222222222,
    "y": 46.43944444444444
}