{
    "id": "B0339",
    "x": 28.99388888888889,
    "y": 46.32277777777778
}