{
    "id": "Lv1498",
    "x": 28.25777777777778,
    "y": 46.56527777777777
}