{
    "id": "Cn1040",
    "x": 28.401666666666664,
    "y": 46.13333333333333
}