{
    "id": "G5870",
    "x": 28.433333333333334,
    "y": 45.69138888888889
}