{
    "id": "G1763",
    "x": 28.84361111111111,
    "y": 46.06722222222223
}