{
    "id": "Lv1092",
    "x": 28.49527777777778,
    "y": 46.45944444444445
}