{
    "id": "Ch0396",
    "x": 28.272499999999997,
    "y": 46.09638888888889
}