{
    "id": 1595,
    "x": 28.503055555555555,
    "y": 46.63305555555556
}