{
    "id": "G0930",
    "x": 28.646666666666665,
    "y": 46.21611111111111
}