{
    "id": "B0147",
    "x": 28.906388888888888,
    "y": 46.39611111111111
}