{
    "id": "Lv1365",
    "x": 28.261388888888888,
    "y": 46.425555555555555
}