{
    "id": "G1146",
    "x": 28.613611111111112,
    "y": 46.43055555555555
}