{
    "id": "G0197",
    "x": 28.65361111111111,
    "y": 46.005833333333335
}