{
    "id": "Lv0994",
    "x": 28.45861111111111,
    "y": 46.43388888888889
}