{
    "id": "Cm0194",
    "x": 28.756944444444443,
    "y": 46.60055555555556
}