{
    "id": 511,
    "x": 28.921944444444446,
    "y": 46.01972222222222
}