{
    "id": "Cn1203",
    "x": 28.205277777777777,
    "y": 46.111111111111114
}