{
    "id": 99,
    "x": 28.594444444444445,
    "y": 45.894999999999996
}