{
    "id": "G0233",
    "x": 28.66222222222222,
    "y": 45.99861111111111
}