{
    "id": "Lv1720",
    "x": 28.24138888888889,
    "y": 46.48583333333333
}