{
    "id": "G1499",
    "x": 28.511944444444445,
    "y": 46.158055555555556
}