{
    "id": "Cm0487",
    "x": 28.93305555555556,
    "y": 46.55138888888889
}