{
    "id": 1215,
    "x": 28.296666666666667,
    "y": 45.86416666666667
}