{
    "id": "Cm0308",
    "x": 28.673333333333336,
    "y": 46.69333333333333
}