{
    "id": "Lv0723",
    "x": 28.328611111111112,
    "y": 46.57138888888889
}