{
    "id": "Lv0603",
    "x": 28.35527777777778,
    "y": 46.51555555555556
}