{
    "id": "Lv1401",
    "x": 28.253333333333334,
    "y": 46.52361111111111
}