{
    "id": "G1476",
    "x": 28.50861111111111,
    "y": 46.16305555555555
}