{
    "id": "Cm1432",
    "x": 28.82638888888889,
    "y": 46.471944444444446
}