{
    "id": 1335,
    "x": 28.506944444444443,
    "y": 45.75861111111111
}