{
    "id": "G0210",
    "x": 28.65694444444444,
    "y": 45.998333333333335
}