{
    "id": "Cn0182",
    "x": 28.247222222222224,
    "y": 46.296388888888885
}