{
    "id": "B0251",
    "x": 28.891666666666666,
    "y": 46.44222222222222
}