{
    "id": 656,
    "x": 28.241111111111113,
    "y": 46.009166666666665
}