{
    "id": "Lv0822",
    "x": 28.322777777777777,
    "y": 46.57527777777778
}