{
    "id": "Cm0721",
    "x": 28.640833333333333,
    "y": 46.70666666666667
}