{
    "id": 182,
    "x": 28.531388888888888,
    "y": 45.80444444444444
}