{
    "id": "Lv0784",
    "x": 28.316111111111113,
    "y": 46.57638888888889
}