{
    "id": "Cm1277",
    "x": 28.88361111111111,
    "y": 46.67444444444444
}