{
    "id": "G1472",
    "x": 28.513055555555557,
    "y": 46.166666666666664
}