{
    "id": "B0142",
    "x": 28.90972222222222,
    "y": 46.39277777777778
}