{
    "id": "Cm1094",
    "x": 28.848333333333333,
    "y": 46.66444444444444
}