{
    "id": "Cn1086",
    "x": 28.379444444444445,
    "y": 46.119166666666665
}