{
    "id": "Ch5139",
    "x": 28.47222222222222,
    "y": 46.08305555555556
}