{
    "id": "G5131",
    "x": 28.76833333333333,
    "y": 46.18111111111111
}