{
    "id": "Cn5118",
    "x": 28.483333333333334,
    "y": 46.13777777777778
}