{
    "id": 1410,
    "x": 28.20888888888889,
    "y": 45.90972222222222
}