{
    "id": "Cm0151",
    "x": 28.74527777777778,
    "y": 46.58861111111111
}