{
    "id": "Cm1515",
    "x": 28.796111111111113,
    "y": 46.51583333333333
}