{
    "id": "Ch0339",
    "x": 28.330555555555556,
    "y": 46.11694444444444
}