{
    "id": "G1425",
    "x": 28.564444444444444,
    "y": 46.334722222222226
}