{
    "id": "Lv1275",
    "x": 28.51527777777778,
    "y": 46.369166666666665
}