{
    "id": "G5668",
    "x": 28.691388888888888,
    "y": 45.85722222222223
}