{
    "id": "Cn0423",
    "x": 28.319444444444443,
    "y": 46.30916666666666
}