{
    "id": "Lv0966",
    "x": 28.44361111111111,
    "y": 46.43277777777777
}