{
    "id": 1637,
    "x": 28.551944444444445,
    "y": 46.62361111111111
}