{
    "id": "Lv0613",
    "x": 28.361944444444447,
    "y": 46.513888888888886
}