{
    "id": "Cm1598",
    "x": 28.776666666666667,
    "y": 46.536944444444444
}