{
    "id": "Cm0315",
    "x": 28.671666666666667,
    "y": 46.69499999999999
}