{
    "id": "Lv0849",
    "x": 28.328611111111112,
    "y": 46.57472222222223
}