{
    "id": "G1018",
    "x": 28.513333333333332,
    "y": 46.08416666666667
}