{
    "id": "Cm0820",
    "x": 28.912777777777777,
    "y": 46.61638888888889
}