{
    "id": "G0747",
    "x": 28.608055555555556,
    "y": 46.109722222222224
}