{
    "id": "B0283",
    "x": 28.793055555555558,
    "y": 46.309444444444445
}