{
    "id": 915,
    "x": 28.32638888888889,
    "y": 46.11194444444445
}