{
    "id": "Lv1257",
    "x": 28.511944444444445,
    "y": 46.375277777777775
}