{
    "id": "Cn0837",
    "x": 28.397222222222222,
    "y": 46.330555555555556
}