{
    "id": "Cm0192",
    "x": 28.75722222222222,
    "y": 46.599722222222226
}