{
    "id": "Lv0888",
    "x": 28.35027777777778,
    "y": 46.459722222222226
}