{
    "id": "G1680",
    "x": 28.847777777777775,
    "y": 46.05583333333333
}