{
    "id": 275,
    "x": 28.47083333333333,
    "y": 46.00111111111111
}