{
    "id": 589,
    "x": 28.199444444444445,
    "y": 45.94888888888889
}