{
    "id": 918,
    "x": 28.326666666666668,
    "y": 46.11416666666667
}