{
    "id": 698,
    "x": 28.17527777777778,
    "y": 46.007222222222225
}