{
    "id": "G0773",
    "x": 28.646666666666665,
    "y": 46.23083333333334
}