{
    "id": "G1649",
    "x": 28.83722222222222,
    "y": 46.04694444444444
}