{
    "id": "B0002",
    "x": 28.870555555555555,
    "y": 46.44611111111111
}