{
    "id": 1818,
    "x": 28.45777777777778,
    "y": 46.656666666666666
}