{
    "id": "Lv0679",
    "x": 28.330833333333334,
    "y": 46.58111111111111
}