{
    "id": "G0468",
    "x": 28.58611111111111,
    "y": 46.115833333333335
}