{
    "id": "G5150",
    "x": 28.761666666666667,
    "y": 46.190555555555555
}