{
    "id": "G5290",
    "x": 28.764722222222222,
    "y": 46.111111111111114
}