{
    "id": "T0392",
    "x": 28.511388888888888,
    "y": 45.81527777777777
}