{
    "id": "Cn0132",
    "x": 28.276666666666667,
    "y": 46.323055555555555
}