{
    "id": "Lv1645",
    "x": 28.270555555555553,
    "y": 46.486111111111114
}