{
    "id": "Cm1448",
    "x": 28.824166666666667,
    "y": 46.48444444444444
}