{
    "id": "G0064",
    "x": 28.67027777777778,
    "y": 46.019999999999996
}