{
    "id": "Cm0849",
    "x": 28.90722222222222,
    "y": 46.61805555555556
}