{
    "id": "G5196",
    "x": 28.75583333333333,
    "y": 46.19972222222222
}