{
    "id": 712,
    "x": 28.174444444444447,
    "y": 45.989444444444445
}