{
    "id": "Cm1247",
    "x": 28.841666666666665,
    "y": 46.49444444444445
}