{
    "id": 545,
    "x": 28.679722222222225,
    "y": 45.905833333333334
}