{
    "id": "Cm1517",
    "x": 28.791111111111114,
    "y": 46.51611111111111
}