{
    "id": "G5135",
    "x": 28.765833333333333,
    "y": 46.19888888888889
}