{
    "id": "Cn0584",
    "x": 28.22138888888889,
    "y": 46.36555555555556
}