{
    "id": "Cm0618",
    "x": 28.93166666666667,
    "y": 46.53666666666666
}