{
    "id": "Lv1683",
    "x": 28.249444444444446,
    "y": 46.49472222222222
}