{
    "id": "Cn0609",
    "x": 28.383333333333333,
    "y": 46.192499999999995
}