{
    "id": "Cm0554",
    "x": 28.922777777777778,
    "y": 46.57694444444445
}