{
    "id": "G1485",
    "x": 28.515833333333333,
    "y": 46.16361111111111
}