{
    "id": "Cm0358",
    "x": 28.643055555555556,
    "y": 46.67527777777777
}