{
    "id": "G1619",
    "x": 28.825277777777778,
    "y": 46.05166666666666
}