{
    "id": "Lv0527",
    "x": 28.386388888888888,
    "y": 46.49194444444444
}