{
    "id": "G5409",
    "x": 28.672222222222224,
    "y": 46.105555555555554
}