{
    "id": "Cn0407",
    "x": 28.33277777777778,
    "y": 46.26722222222222
}