{
    "id": "Cn0130",
    "x": 28.27722222222222,
    "y": 46.32138888888889
}