{
    "id": "Lv0467",
    "x": 28.548055555555557,
    "y": 46.573055555555555
}