{
    "id": 395,
    "x": 28.511388888888888,
    "y": 45.81527777777777
}