{
    "id": "G0605",
    "x": 28.592499999999998,
    "y": 46.09444444444445
}