{
    "id": "Cm1635",
    "x": 28.763333333333332,
    "y": 46.52055555555555
}