{
    "id": "B0092",
    "x": 28.92666666666667,
    "y": 46.36333333333334
}