{
    "id": "G0683",
    "x": 28.584444444444443,
    "y": 46.09444444444445
}