{
    "id": "Cn0194",
    "x": 28.313333333333333,
    "y": 46.30555555555555
}