{
    "id": "G0121",
    "x": 28.65611111111111,
    "y": 46.01083333333333
}