{
    "id": "Cn0429",
    "x": 28.314722222222223,
    "y": 46.30277777777778
}