{
    "id": 879,
    "x": 28.34611111111111,
    "y": 46.02361111111111
}