{
    "id": "Lv0871",
    "x": 28.354166666666668,
    "y": 46.461111111111116
}