{
    "id": "Ch0761",
    "x": 28.42638888888889,
    "y": 45.80361111111111
}