{
    "id": "G0793",
    "x": 28.638055555555557,
    "y": 46.22694444444445
}