{
    "id": "G0239",
    "x": 28.660555555555554,
    "y": 46.025555555555556
}