{
    "id": "Lv1600",
    "x": 28.371944444444445,
    "y": 46.38972222222222
}