{
    "id": "Cm1290",
    "x": 28.897777777777776,
    "y": 46.69777777777777
}