{
    "id": "Cm1364",
    "x": 28.99527777777778,
    "y": 46.57055555555556
}