{
    "id": "Cn0338",
    "x": 28.224444444444444,
    "y": 46.19416666666666
}