{
    "id": "G0794",
    "x": 28.638333333333332,
    "y": 46.22638888888889
}