{
    "id": "Cm0153",
    "x": 28.74388888888889,
    "y": 46.58888888888889
}