{
    "id": "B0281",
    "x": 28.78777777777778,
    "y": 46.312777777777775
}