{
    "id": "Cn1188",
    "x": 28.485555555555557,
    "y": 46.18944444444444
}