{
    "id": 429,
    "x": 28.61888888888889,
    "y": 45.776666666666664
}