{
    "id": "Lv1259",
    "x": 28.513055555555557,
    "y": 46.37777777777778
}