{
    "id": 1170,
    "x": 28.378611111111113,
    "y": 45.908055555555556
}