{
    "id": "Cm1212",
    "x": 28.642222222222223,
    "y": 46.47694444444445
}