{
    "id": "G5232",
    "x": 28.84472222222222,
    "y": 46.257777777777775
}