{
    "id": "Lv1360",
    "x": 28.254444444444445,
    "y": 46.41777777777777
}