{
    "id": "T0500",
    "x": 28.923333333333336,
    "y": 46.04194444444444
}