{
    "id": "G0300",
    "x": 28.590277777777775,
    "y": 46.08555555555556
}