{
    "id": "Lv0575",
    "x": 28.353333333333335,
    "y": 46.52055555555555
}