{
    "id": "Lv1695",
    "x": 28.248611111111114,
    "y": 46.489444444444445
}