{
    "id": "Lv1291",
    "x": 28.32777777777778,
    "y": 46.44083333333333
}