{
    "id": "Ch5051",
    "x": 28.184722222222224,
    "y": 45.82694444444445
}