{
    "id": "Cn0591",
    "x": 28.21722222222222,
    "y": 46.371944444444445
}