{
    "id": 1448,
    "x": 28.47083333333333,
    "y": 46.58305555555556
}