{
    "id": "Lv1140",
    "x": 28.531666666666666,
    "y": 46.37138888888889
}