{
    "id": "Lv1370",
    "x": 28.251944444444444,
    "y": 46.41583333333333
}