{
    "id": "G5180",
    "x": 28.77138888888889,
    "y": 46.18944444444444
}