{
    "id": "G0494",
    "x": 28.59472222222222,
    "y": 46.114444444444445
}