{
    "id": "Cn0896",
    "x": 28.41888888888889,
    "y": 46.36083333333333
}