{
    "id": 1228,
    "x": 28.31388888888889,
    "y": 45.85722222222223
}