{
    "id": "G0080",
    "x": 28.659166666666664,
    "y": 46.01888888888889
}