{
    "id": "G5614",
    "x": 28.813055555555557,
    "y": 46.36972222222222
}