{
    "id": "Lv0212",
    "x": 28.552222222222223,
    "y": 46.62555555555556
}