{
    "id": "Cn1066",
    "x": 28.410277777777775,
    "y": 46.10027777777778
}