{
    "id": "Cm1501",
    "x": 28.802777777777777,
    "y": 46.50805555555556
}