{
    "id": "B0046",
    "x": 28.87388888888889,
    "y": 46.45527777777778
}