{
    "id": "Ch5099",
    "x": 28.375555555555557,
    "y": 45.75972222222222
}