{
    "id": "G0694",
    "x": 28.58833333333333,
    "y": 46.09916666666667
}