{
    "id": "T0542",
    "x": 28.672222222222224,
    "y": 45.89361111111111
}