{
    "id": "G5652",
    "x": 28.699166666666667,
    "y": 45.85611111111111
}