{
    "id": "G1794",
    "x": 28.833888888888886,
    "y": 46.05138888888889
}