{
    "id": "G1762",
    "x": 28.843333333333334,
    "y": 46.066944444444445
}