{
    "id": "Lv0688",
    "x": 28.323888888888888,
    "y": 46.580000000000005
}