{
    "id": "Lv1017",
    "x": 28.42888888888889,
    "y": 46.418055555555554
}