{
    "id": "Ch0746",
    "x": 28.323055555555555,
    "y": 45.82138888888889
}