{
    "id": "G1203",
    "x": 28.630277777777778,
    "y": 46.407777777777774
}