{
    "id": 1573,
    "x": 28.40111111111111,
    "y": 46.587500000000006
}