{
    "id": "Cm0333",
    "x": 28.640833333333333,
    "y": 46.67972222222222
}