{
    "id": "G1429",
    "x": 28.56361111111111,
    "y": 46.32527777777778
}