{
    "id": "Ch5117",
    "x": 28.489166666666666,
    "y": 46.08083333333334
}