{
    "id": "T0029",
    "x": 28.578888888888887,
    "y": 45.92861111111111
}