{
    "id": "G1125",
    "x": 28.61777777777778,
    "y": 46.413888888888884
}