{
    "id": "Ch0861",
    "x": 28.19361111111111,
    "y": 45.92222222222222
}