{
    "id": "Cm0975",
    "x": 28.610555555555557,
    "y": 46.54222222222222
}