{
    "id": "G5437",
    "x": 28.67138888888889,
    "y": 46.10111111111111
}