{
    "id": "B0184",
    "x": 28.919444444444444,
    "y": 46.40972222222222
}