{
    "id": "G5783",
    "x": 28.688333333333333,
    "y": 45.83888888888889
}