{
    "id": "Lv1538",
    "x": 28.26972222222222,
    "y": 46.60583333333334
}