{
    "id": "B0312",
    "x": 28.96222222222222,
    "y": 46.32833333333333
}