{
    "id": "G0811",
    "x": 28.642777777777777,
    "y": 46.234722222222224
}