{
    "id": "Lv1110",
    "x": 28.476388888888888,
    "y": 46.43944444444444
}