{
    "id": "G0145",
    "x": 28.654444444444444,
    "y": 46.00861111111111
}