{
    "id": "Cn0601",
    "x": 28.38361111111111,
    "y": 46.18694444444444
}