{
    "id": "G1062",
    "x": 28.599166666666665,
    "y": 46.42972222222222
}