{
    "id": "Lv0523",
    "x": 28.389444444444443,
    "y": 46.49166666666667
}