{
    "id": "Ch5163",
    "x": 28.48611111111111,
    "y": 46.10138888888889
}