{
    "id": "G1679",
    "x": 28.84638888888889,
    "y": 46.055277777777775
}