{
    "id": 32,
    "x": 28.601944444444445,
    "y": 45.89888888888889
}