{
    "id": "Lv1560",
    "x": 28.386388888888888,
    "y": 46.39333333333333
}