{
    "id": "Lv1557",
    "x": 28.390555555555554,
    "y": 46.39833333333333
}