{
    "id": "G0307",
    "x": 28.59611111111111,
    "y": 46.09583333333334
}