{
    "id": "Lv0408",
    "x": 28.530833333333334,
    "y": 46.52388888888889
}