{
    "id": 1086,
    "x": 28.412499999999998,
    "y": 46.00194444444445
}