{
    "id": "G1487",
    "x": 28.51638888888889,
    "y": 46.161944444444444
}