{
    "id": "Cn0990",
    "x": 28.525555555555556,
    "y": 46.269999999999996
}