{
    "id": 1696,
    "x": 28.411388888888887,
    "y": 46.617777777777775
}