{
    "id": 98,
    "x": 28.591944444444444,
    "y": 45.89666666666667
}