{
    "id": "G5470",
    "x": 28.666666666666668,
    "y": 46.10472222222222
}