{
    "id": 1398,
    "x": 28.447777777777777,
    "y": 45.619166666666665
}