{
    "id": "Lv0142",
    "x": 28.40694444444444,
    "y": 46.580555555555556
}