{
    "id": "G1106",
    "x": 28.60666666666667,
    "y": 46.42722222222222
}