{
    "id": "Lv1680",
    "x": 28.25111111111111,
    "y": 46.49333333333333
}