{
    "id": "Lv1565",
    "x": 28.384999999999998,
    "y": 46.393055555555556
}