{
    "id": "Lv1601",
    "x": 28.37027777777778,
    "y": 46.38527777777778
}