{
    "id": "Lv0498",
    "x": 28.50861111111111,
    "y": 46.564166666666665
}