{
    "id": "Cm0689",
    "x": 28.601111111111113,
    "y": 46.658055555555556
}