{
    "id": "Cn0463",
    "x": 28.32361111111111,
    "y": 46.35055555555556
}