{
    "id": "Cn0622",
    "x": 28.416666666666668,
    "y": 46.21666666666667
}