{
    "id": "Lv1644",
    "x": 28.270555555555553,
    "y": 46.487500000000004
}