{
    "id": "G5277",
    "x": 28.759722222222223,
    "y": 46.11277777777778
}