{
    "id": "Cm1508",
    "x": 28.798333333333336,
    "y": 46.51138888888889
}