{
    "id": 755,
    "x": 28.16861111111111,
    "y": 46.06083333333333
}