{
    "id": 829,
    "x": 28.239444444444445,
    "y": 45.93666666666666
}