{
    "id": "G5805",
    "x": 28.690833333333334,
    "y": 45.85277777777778
}