{
    "id": "G0667",
    "x": 28.583333333333332,
    "y": 46.10055555555556
}