{
    "id": 369,
    "x": 28.731388888888887,
    "y": 46.00888888888889
}