{
    "id": "Cn1074",
    "x": 28.39361111111111,
    "y": 46.10638888888889
}