{
    "id": "G1825",
    "x": 28.844166666666666,
    "y": 46.327222222222225
}