{
    "id": 649,
    "x": 28.255555555555556,
    "y": 46.011944444444445
}