{
    "id": 66,
    "x": 28.593333333333334,
    "y": 45.90277777777778
}