{
    "id": "Lv1121",
    "x": 28.505277777777778,
    "y": 46.49277777777778
}