{
    "id": "B0214",
    "x": 28.93305555555556,
    "y": 46.513888888888886
}