{
    "id": "G0649",
    "x": 28.592499999999998,
    "y": 46.10111111111111
}