{
    "id": "B0117",
    "x": 28.95111111111111,
    "y": 46.352222222222224
}