{
    "id": "Ch5026",
    "x": 28.173055555555557,
    "y": 45.76416666666667
}