{
    "id": "G5191",
    "x": 28.775277777777777,
    "y": 46.18583333333333
}