{
    "id": "Cm1561",
    "x": 28.798055555555557,
    "y": 46.53666666666666
}