{
    "id": "Lv0671",
    "x": 28.32777777777778,
    "y": 46.58361111111111
}