{
    "id": "Cm1083",
    "x": 28.844166666666666,
    "y": 46.659166666666664
}