{
    "id": 411,
    "x": 28.471944444444443,
    "y": 45.840833333333336
}