{
    "id": "Cm0244",
    "x": 28.759444444444444,
    "y": 46.61388888888889
}