{
    "id": "Cm0854",
    "x": 28.911666666666665,
    "y": 46.60861111111111
}