{
    "id": "G0898",
    "x": 28.65111111111111,
    "y": 46.23416666666667
}