{
    "id": 1194,
    "x": 28.35138888888889,
    "y": 45.95333333333333
}