{
    "id": "G0288",
    "x": 28.57111111111111,
    "y": 46.025277777777774
}