{
    "id": "T0002",
    "x": 28.580277777777777,
    "y": 45.934999999999995
}