{
    "id": "G5843",
    "x": 28.877222222222223,
    "y": 46.13138888888889
}