{
    "id": "Cm0428",
    "x": 28.925555555555558,
    "y": 46.54222222222222
}