{
    "id": "Ch5134",
    "x": 28.467777777777776,
    "y": 46.084722222222226
}