{
    "id": "G1450",
    "x": 28.560277777777777,
    "y": 46.32833333333333
}