{
    "id": "Cn0143",
    "x": 28.27027777777778,
    "y": 46.31722222222223
}