{
    "id": "G0609",
    "x": 28.590833333333332,
    "y": 46.092222222222226
}