{
    "id": "Cm1234",
    "x": 28.62472222222222,
    "y": 46.481388888888894
}