{
    "id": "Lv1075",
    "x": 28.480555555555554,
    "y": 46.46388888888889
}