{
    "id": 1549,
    "x": 28.40361111111111,
    "y": 46.59027777777778
}