{
    "id": "Lv1347",
    "x": 28.428055555555556,
    "y": 46.52611111111111
}