{
    "id": "G0962",
    "x": 28.647777777777776,
    "y": 46.16638888888889
}