{
    "id": "Cm1308",
    "x": 28.80888888888889,
    "y": 46.68805555555555
}