{
    "id": "Lv1345",
    "x": 28.426111111111112,
    "y": 46.52916666666667
}