{
    "id": "G0522",
    "x": 28.593055555555555,
    "y": 46.11083333333333
}