{
    "id": "Cm0881",
    "x": 28.907777777777778,
    "y": 46.61361111111111
}