{
    "id": "Cn0733",
    "x": 28.406666666666666,
    "y": 46.35777777777778
}