{
    "id": "Ch5179",
    "x": 28.47972222222222,
    "y": 46.10472222222222
}