{
    "id": "Ch5126",
    "x": 28.474999999999998,
    "y": 46.08305555555556
}