{
    "id": 1156,
    "x": 28.41611111111111,
    "y": 45.922777777777775
}