{
    "id": "G1434",
    "x": 28.561944444444446,
    "y": 46.33166666666667
}