{
    "id": "Cn1102",
    "x": 28.345555555555553,
    "y": 46.13388888888889
}