{
    "id": "Cm0677",
    "x": 28.586388888888887,
    "y": 46.64972222222222
}