{
    "id": "Cn0238",
    "x": 28.161388888888887,
    "y": 46.189166666666665
}