{
    "id": "G1338",
    "x": 28.658055555555553,
    "y": 46.28722222222222
}