{
    "id": 221,
    "x": 28.481944444444444,
    "y": 45.94833333333333
}