{
    "id": "G0862",
    "x": 28.64638888888889,
    "y": 46.226111111111116
}