{
    "id": "T0111",
    "x": 28.58111111111111,
    "y": 45.85722222222223
}