{
    "id": "Lv1324",
    "x": 28.316111111111113,
    "y": 46.43194444444444
}