{
    "id": 391,
    "x": 28.497222222222224,
    "y": 45.82416666666667
}