{
    "id": "Cn0260",
    "x": 28.16583333333333,
    "y": 46.16083333333333
}