{
    "id": "Cm0395",
    "x": 28.689166666666665,
    "y": 46.64944444444444
}