{
    "id": "Lv0889",
    "x": 28.349166666666665,
    "y": 46.45888888888889
}