{
    "id": "Cm1594",
    "x": 28.792222222222225,
    "y": 46.530833333333334
}