{
    "id": 234,
    "x": 28.480833333333333,
    "y": 45.94027777777777
}