{
    "id": 1663,
    "x": 28.52722222222222,
    "y": 46.60055555555556
}