{
    "id": "Cn0424",
    "x": 28.321666666666665,
    "y": 46.30138888888889
}