{
    "id": "G1522",
    "x": 28.448888888888888,
    "y": 45.87166666666667
}