{
    "id": 1792,
    "x": 28.46361111111111,
    "y": 46.66888888888889
}