{
    "id": "Ch0634",
    "x": 28.352222222222224,
    "y": 45.95166666666667
}