{
    "id": "Lv0806",
    "x": 28.31638888888889,
    "y": 46.57277777777778
}