{
    "id": "G0525",
    "x": 28.590833333333332,
    "y": 46.11138888888889
}