{
    "id": 1777,
    "x": 28.45583333333333,
    "y": 46.66861111111111
}