{
    "id": 1113,
    "x": 28.398611111111112,
    "y": 46.05722222222222
}