{
    "id": "Cm0283",
    "x": 28.801111111111112,
    "y": 46.61833333333333
}