{
    "id": "Lv0540",
    "x": 28.352777777777778,
    "y": 46.52583333333333
}