{
    "id": "Ch0757",
    "x": 28.42888888888889,
    "y": 45.802499999999995
}