{
    "id": "Ch0845",
    "x": 28.533333333333335,
    "y": 45.760555555555555
}