{
    "id": "Lv1728",
    "x": 28.24527777777778,
    "y": 46.48166666666667
}