{
    "id": "Ch0303",
    "x": 28.33888888888889,
    "y": 46.02388888888889
}