{
    "id": "G5195",
    "x": 28.77027777777778,
    "y": 46.19694444444444
}