{
    "id": "G5237",
    "x": 28.844444444444445,
    "y": 46.25333333333333
}