{
    "id": "Cn0089",
    "x": 28.16777777777778,
    "y": 46.26027777777778
}