{
    "id": "Ch0235",
    "x": 28.233611111111113,
    "y": 46.03361111111111
}