{
    "id": "B0279",
    "x": 28.783333333333335,
    "y": 46.30833333333333
}