{
    "id": 774,
    "x": 28.212777777777777,
    "y": 46.02472222222222
}