{
    "id": "Ch0053",
    "x": 28.223055555555554,
    "y": 45.99055555555556
}