{
    "id": "Lv0576",
    "x": 28.35388888888889,
    "y": 46.519444444444446
}