{
    "id": 522,
    "x": 28.929166666666667,
    "y": 46.011944444444445
}