{
    "id": "T0410",
    "x": 28.514444444444443,
    "y": 45.87305555555555
}