{
    "id": "G5465",
    "x": 28.66777777777778,
    "y": 46.10055555555556
}