{
    "id": "Cn0358",
    "x": 28.251666666666665,
    "y": 46.236111111111114
}