{
    "id": "B0287",
    "x": 28.797777777777778,
    "y": 46.30916666666666
}