{
    "id": "Lv0375",
    "x": 28.468055555555555,
    "y": 46.668055555555554
}