{
    "id": "Cn1246",
    "x": 28.224166666666665,
    "y": 46.19944444444444
}