{
    "id": "G0650",
    "x": 28.59111111111111,
    "y": 46.099444444444444
}