{
    "id": "B0297",
    "x": 28.783055555555556,
    "y": 46.30722222222222
}