{
    "id": "Cm1648",
    "x": 28.77638888888889,
    "y": 46.51305555555555
}