{
    "id": "G1328",
    "x": 28.655277777777776,
    "y": 46.29083333333333
}