{
    "id": "G5134",
    "x": 28.764166666666668,
    "y": 46.17472222222222
}