{
    "id": "G5249",
    "x": 28.77638888888889,
    "y": 46.225833333333334
}