{
    "id": "Cm0738",
    "x": 28.638333333333332,
    "y": 46.68222222222222
}