{
    "id": "Cn0315",
    "x": 28.175555555555558,
    "y": 46.13333333333333
}