{
    "id": "Cn0242",
    "x": 28.159444444444443,
    "y": 46.19416666666666
}