{
    "id": 1073,
    "x": 28.409166666666664,
    "y": 45.99916666666667
}