{
    "id": 92,
    "x": 28.591388888888886,
    "y": 45.902499999999996
}