{
    "id": "Cm0235",
    "x": 28.760277777777777,
    "y": 46.612500000000004
}