{
    "id": "Lv0713",
    "x": 28.336666666666666,
    "y": 46.581388888888895
}