{
    "id": "Lv1066",
    "x": 28.47694444444444,
    "y": 46.452222222222225
}