{
    "id": "Cm0900",
    "x": 28.872222222222224,
    "y": 46.63111111111111
}