{
    "id": "T0484",
    "x": 28.92888888888889,
    "y": 46.031666666666666
}