{
    "id": "Cm0100",
    "x": 28.68888888888889,
    "y": 46.748333333333335
}