{
    "id": "Cn0161",
    "x": 28.279166666666665,
    "y": 46.31222222222222
}