{
    "id": "Cn0081",
    "x": 28.22611111111111,
    "y": 46.28361111111111
}