{
    "id": "Cn0726",
    "x": 28.403055555555554,
    "y": 46.358333333333334
}