{
    "id": 718,
    "x": 28.16583333333333,
    "y": 46.00388888888889
}