{
    "id": "G1241",
    "x": 28.647222222222222,
    "y": 46.28472222222222
}