{
    "id": "Lv0019",
    "x": 28.468888888888888,
    "y": 46.58555555555556
}