{
    "id": "Cm1379",
    "x": 29.00111111111111,
    "y": 46.56861111111112
}