{
    "id": "G5143",
    "x": 28.760277777777777,
    "y": 46.19777777777777
}