{
    "id": "Cm0318",
    "x": 28.678055555555556,
    "y": 46.69138888888889
}