{
    "id": 616,
    "x": 28.21833333333333,
    "y": 45.98833333333334
}