{
    "id": "Cn0906",
    "x": 28.42138888888889,
    "y": 46.35722222222223
}