{
    "id": "G0436",
    "x": 28.593333333333334,
    "y": 46.11833333333333
}