{
    "id": "Cn0457",
    "x": 28.323888888888888,
    "y": 46.347500000000004
}