{
    "id": "G5539",
    "x": 28.828055555555554,
    "y": 46.36083333333333
}