{
    "id": 1752,
    "x": 28.412499999999998,
    "y": 46.66555555555556
}