{
    "id": "Cm0355",
    "x": 28.647222222222222,
    "y": 46.67388888888889
}