{
    "id": 282,
    "x": 28.474444444444444,
    "y": 45.971111111111114
}