{
    "id": "B0162",
    "x": 28.909444444444443,
    "y": 46.41777777777777
}