{
    "id": "Lv1170",
    "x": 28.520555555555553,
    "y": 46.371944444444445
}