{
    "id": "Lv0961",
    "x": 28.440833333333334,
    "y": 46.43138888888889
}