{
    "id": "Lv1232",
    "x": 28.513333333333332,
    "y": 46.36027777777778
}