{
    "id": "Ch5115",
    "x": 28.483888888888888,
    "y": 46.08222222222223
}