{
    "id": "Cn0296",
    "x": 28.18638888888889,
    "y": 46.12111111111111
}