{
    "id": 966,
    "x": 28.246111111111112,
    "y": 46.09388888888889
}