{
    "id": 1822,
    "x": 28.45638888888889,
    "y": 46.663888888888884
}