{
    "id": "G0800",
    "x": 28.63722222222222,
    "y": 46.21944444444445
}