{
    "id": "Cm0118",
    "x": 28.728055555555553,
    "y": 46.61027777777778
}