{
    "id": "Lv0695",
    "x": 28.32138888888889,
    "y": 46.578611111111115
}