{
    "id": "G5204",
    "x": 28.87388888888889,
    "y": 46.180277777777775
}