{
    "id": "Cm0425",
    "x": 28.693055555555556,
    "y": 46.64972222222222
}