{
    "id": "Cm0997",
    "x": 28.752777777777776,
    "y": 46.443888888888885
}