{
    "id": 720,
    "x": 28.161666666666665,
    "y": 46.00944444444445
}