{
    "id": "Cm0196",
    "x": 28.75777777777778,
    "y": 46.60388888888889
}