{
    "id": 1021,
    "x": 28.213055555555556,
    "y": 46.068333333333335
}