{
    "id": "Cm0752",
    "x": 28.90722222222222,
    "y": 46.57694444444445
}