{
    "id": "Cn0131",
    "x": 28.27583333333333,
    "y": 46.32222222222222
}