{
    "id": "B0194",
    "x": 28.907777777777778,
    "y": 46.42194444444444
}