{
    "id": "G0214",
    "x": 28.659444444444443,
    "y": 45.99916666666667
}