{
    "id": "Cm1392",
    "x": 28.990000000000002,
    "y": 46.577222222222225
}