{
    "id": "Cm0388",
    "x": 28.679444444444446,
    "y": 46.65611111111111
}