{
    "id": "Cn0715",
    "x": 28.410277777777775,
    "y": 46.35111111111111
}