{
    "id": "Cn1224",
    "x": 28.273888888888887,
    "y": 46.16694444444444
}