{
    "id": "G1638",
    "x": 28.834444444444443,
    "y": 46.044999999999995
}