{
    "id": "G5445",
    "x": 28.66444444444444,
    "y": 46.10138888888889
}