{
    "id": "G1454",
    "x": 28.561111111111114,
    "y": 46.327222222222225
}