{
    "id": "Ch0124",
    "x": 28.24638888888889,
    "y": 46.00333333333333
}