{
    "id": 1193,
    "x": 28.351111111111113,
    "y": 45.95305555555556
}