{
    "id": "B0207",
    "x": 28.90611111111111,
    "y": 46.39083333333333
}