{
    "id": "Cm1562",
    "x": 28.798611111111114,
    "y": 46.53611111111111
}