{
    "id": "Lv1072",
    "x": 28.480833333333333,
    "y": 46.46277777777778
}