{
    "id": "Lv0866",
    "x": 28.32361111111111,
    "y": 46.56666666666667
}