{
    "id": "G0790",
    "x": 28.635555555555555,
    "y": 46.224444444444444
}