{
    "id": "Cm0713",
    "x": 28.631944444444446,
    "y": 46.70333333333333
}