{
    "id": "Cm0889",
    "x": 28.903888888888886,
    "y": 46.61138888888889
}