{
    "id": "Cn0377",
    "x": 28.342777777777776,
    "y": 46.24333333333333
}