{
    "id": "Cn0308",
    "x": 28.18027777777778,
    "y": 46.12777777777778
}