{
    "id": "Cm0976",
    "x": 28.608333333333334,
    "y": 46.54194444444444
}