{
    "id": 310,
    "x": 28.47111111111111,
    "y": 45.974722222222226
}