{
    "id": "B0318",
    "x": 28.99388888888889,
    "y": 46.33305555555556
}