{
    "id": "G1060",
    "x": 28.60027777777778,
    "y": 46.428888888888885
}