{
    "id": "G5165",
    "x": 28.762777777777778,
    "y": 46.17944444444444
}