{
    "id": 185,
    "x": 28.56416666666667,
    "y": 45.78861111111111
}