{
    "id": "G0946",
    "x": 28.640555555555554,
    "y": 46.159166666666664
}