{
    "id": "Ch5170",
    "x": 28.491944444444446,
    "y": 46.097500000000004
}