{
    "id": "G0413",
    "x": 28.60027777777778,
    "y": 46.11888888888889
}