{
    "id": "Cm0876",
    "x": 28.904166666666665,
    "y": 46.62083333333334
}