{
    "id": "Cn0868",
    "x": 28.41444444444444,
    "y": 46.362500000000004
}