{
    "id": "G1342",
    "x": 28.65583333333333,
    "y": 46.28777777777778
}