{
    "id": "Lv0773",
    "x": 28.314722222222223,
    "y": 46.56527777777777
}