{
    "id": "G1581",
    "x": 28.804166666666667,
    "y": 46.08777777777778
}