{
    "id": "Cm1221",
    "x": 28.64611111111111,
    "y": 46.47027777777778
}