{
    "id": "Cn0274",
    "x": 28.17027777777778,
    "y": 46.14944444444444
}