{
    "id": "G0382",
    "x": 28.60388888888889,
    "y": 46.121944444444445
}