{
    "id": "Cm0940",
    "x": 28.61888888888889,
    "y": 46.538333333333334
}