{
    "id": "Cm1164",
    "x": 28.749722222222225,
    "y": 46.440555555555555
}