{
    "id": "B0103",
    "x": 28.91916666666667,
    "y": 46.37555555555556
}