{
    "id": "Lv1372",
    "x": 28.24888888888889,
    "y": 46.41166666666666
}