{
    "id": "G5105",
    "x": 28.830555555555556,
    "y": 46.25972222222222
}