{
    "id": "G0740",
    "x": 28.604166666666668,
    "y": 46.10444444444445
}