{
    "id": "Ch5036",
    "x": 28.183611111111112,
    "y": 45.81111111111111
}