{
    "id": "Cm1074",
    "x": 28.851944444444445,
    "y": 46.65611111111111
}