{
    "id": "G0953",
    "x": 28.64361111111111,
    "y": 46.159166666666664
}