{
    "id": "G5853",
    "x": 28.878611111111113,
    "y": 46.12083333333334
}