{
    "id": 425,
    "x": 28.623333333333335,
    "y": 45.77777777777778
}