{
    "id": "B0271",
    "x": 28.780833333333334,
    "y": 46.31472222222222
}