{
    "id": "Lv0850",
    "x": 28.325833333333332,
    "y": 46.57527777777778
}