{
    "id": "Cn0311",
    "x": 28.168055555555558,
    "y": 46.14083333333333
}