{
    "id": "G0105",
    "x": 28.660833333333333,
    "y": 46.013888888888886
}