{
    "id": "Lv1623",
    "x": 28.36861111111111,
    "y": 46.38166666666667
}