{
    "id": "Lv0926",
    "x": 28.426944444444445,
    "y": 46.42527777777777
}