{
    "id": "Cn1062",
    "x": 28.40888888888889,
    "y": 46.10583333333334
}