{
    "id": "Lv0672",
    "x": 28.328611111111112,
    "y": 46.583333333333336
}