{
    "id": "Cm0070",
    "x": 28.709166666666665,
    "y": 46.67805555555555
}