{
    "id": "Cn0693",
    "x": 28.479999999999997,
    "y": 46.141666666666666
}