{
    "id": "G0970",
    "x": 28.649166666666666,
    "y": 46.169444444444444
}