{
    "id": "Cm1215",
    "x": 28.641666666666666,
    "y": 46.475833333333334
}