{
    "id": "Cn0258",
    "x": 28.162777777777777,
    "y": 46.16166666666666
}