{
    "id": "Lv1154",
    "x": 28.52583333333333,
    "y": 46.37416666666667
}