{
    "id": "Ch5102",
    "x": 28.377222222222223,
    "y": 45.75472222222222
}