{
    "id": "G0277",
    "x": 28.566111111111113,
    "y": 46.01166666666666
}