{
    "id": "G0028",
    "x": 28.66472222222222,
    "y": 45.99944444444444
}