{
    "id": "G0388",
    "x": 28.602500000000003,
    "y": 46.12138888888889
}