{
    "id": "Cm1447",
    "x": 28.820833333333333,
    "y": 46.48222222222223
}