{
    "id": "B0012",
    "x": 28.866388888888892,
    "y": 46.455555555555556
}