{
    "id": "Cm0641",
    "x": 28.921666666666667,
    "y": 46.55277777777778
}