{
    "id": "Cm1155",
    "x": 28.747777777777777,
    "y": 46.44444444444444
}