{
    "id": "G0535",
    "x": 28.598333333333333,
    "y": 46.10666666666667
}