{
    "id": "Cm0077",
    "x": 28.704722222222223,
    "y": 46.692499999999995
}