{
    "id": "Cm0640",
    "x": 28.923333333333336,
    "y": 46.551944444444445
}