{
    "id": 371,
    "x": 28.73222222222222,
    "y": 46.00333333333333
}