{
    "id": "Cm0027",
    "x": 28.704722222222223,
    "y": 46.711666666666666
}