{
    "id": "B0302",
    "x": 28.780277777777776,
    "y": 46.30416666666667
}