{
    "id": "Lv1000",
    "x": 28.447222222222223,
    "y": 46.433055555555555
}