{
    "id": "G5155",
    "x": 28.764722222222222,
    "y": 46.18333333333333
}