{
    "id": "Lv0519",
    "x": 28.38722222222222,
    "y": 46.49138888888889
}