{
    "id": "Cn0481",
    "x": 28.340833333333332,
    "y": 46.362500000000004
}