{
    "id": "Lv1686",
    "x": 28.249722222222225,
    "y": 46.48916666666667
}