{
    "id": "Cm0654",
    "x": 28.92777777777778,
    "y": 46.54333333333333
}