{
    "id": "G1540",
    "x": 28.81527777777778,
    "y": 46.06083333333333
}