{
    "id": 785,
    "x": 28.233611111111113,
    "y": 46.03055555555555
}