{
    "id": 401,
    "x": 28.47083333333333,
    "y": 45.84388888888889
}