{
    "id": "Cm0075",
    "x": 28.70638888888889,
    "y": 46.69166666666666
}