{
    "id": "G5786",
    "x": 28.691388888888888,
    "y": 45.83722222222222
}