{
    "id": "G5748",
    "x": 28.685277777777777,
    "y": 45.85805555555556
}