{
    "id": "Ch5004",
    "x": 28.17361111111111,
    "y": 45.66888888888889
}