{
    "id": "Cm1080",
    "x": 28.840277777777775,
    "y": 46.66083333333333
}