{
    "id": "Cn0654",
    "x": 28.43722222222222,
    "y": 46.175555555555555
}