{
    "id": "T0342",
    "x": 28.729166666666664,
    "y": 46.015277777777776
}