{
    "id": "Lv0809",
    "x": 28.318055555555556,
    "y": 46.573055555555555
}