{
    "id": "Lv0972",
    "x": 28.435555555555556,
    "y": 46.43555555555555
}