{
    "id": "G0083",
    "x": 28.654722222222222,
    "y": 46.01611111111111
}