{
    "id": "G0502",
    "x": 28.589444444444442,
    "y": 46.11611111111111
}