{
    "id": "Lv0988",
    "x": 28.467499999999998,
    "y": 46.43888888888888
}