{
    "id": "G1631",
    "x": 28.828611111111112,
    "y": 46.04888888888889
}