{
    "id": "G0287",
    "x": 28.57138888888889,
    "y": 46.02444444444444
}