{
    "id": "Cm1209",
    "x": 28.641111111111112,
    "y": 46.47666666666667
}