{
    "id": 346,
    "x": 28.736666666666668,
    "y": 46.007222222222225
}