{
    "id": "Lv1137",
    "x": 28.532777777777778,
    "y": 46.36972222222222
}