{
    "id": "Lv0328",
    "x": 28.412499999999998,
    "y": 46.66555555555556
}