{
    "id": 805,
    "x": 28.25138888888889,
    "y": 46.04333333333333
}