{
    "id": "G5749",
    "x": 28.684722222222224,
    "y": 45.856944444444444
}