{
    "id": "Ch0710",
    "x": 28.334722222222222,
    "y": 45.81666666666667
}