{
    "id": "Cm0348",
    "x": 28.653055555555554,
    "y": 46.67027777777778
}