{
    "id": 84,
    "x": 28.59361111111111,
    "y": 45.89888888888889
}