{
    "id": "Lv0552",
    "x": 28.35666666666667,
    "y": 46.519999999999996
}