{
    "id": "G1401",
    "x": 28.56833333333333,
    "y": 46.32611111111112
}