{
    "id": 938,
    "x": 28.273333333333333,
    "y": 46.093611111111116
}