{
    "id": "Lv0616",
    "x": 28.361111111111114,
    "y": 46.51166666666666
}