{
    "id": "Lv1657",
    "x": 28.256944444444443,
    "y": 46.48861111111111
}