{
    "id": "G0825",
    "x": 28.64611111111111,
    "y": 46.23305555555556
}