{
    "id": "Cm0504",
    "x": 28.802777777777777,
    "y": 46.61666666666667
}