{
    "id": "G1795",
    "x": 28.834999999999997,
    "y": 46.040277777777774
}