{
    "id": 1200,
    "x": 28.360555555555557,
    "y": 45.91722222222222
}