{
    "id": "Cn1003",
    "x": 28.521944444444443,
    "y": 46.26861111111111
}