{
    "id": "Cn0983",
    "x": 28.52111111111111,
    "y": 46.26611111111111
}