{
    "id": "Cm1547",
    "x": 28.81416666666667,
    "y": 46.52444444444444
}