{
    "id": 1417,
    "x": 28.198333333333334,
    "y": 45.92972222222222
}