{
    "id": "G1192",
    "x": 28.63138888888889,
    "y": 46.422777777777775
}