{
    "id": "Ch0149",
    "x": 28.153055555555554,
    "y": 46.035555555555554
}