{
    "id": "Ch5088",
    "x": 28.384999999999998,
    "y": 45.77111111111111
}