{
    "id": "Cm0281",
    "x": 28.801666666666666,
    "y": 46.617222222222225
}