{
    "id": "Cn0072",
    "x": 28.199722222222224,
    "y": 46.26583333333333
}