{
    "id": "Cn0775",
    "x": 28.44611111111111,
    "y": 46.32972222222222
}