{
    "id": "G0857",
    "x": 28.65138888888889,
    "y": 46.23833333333334
}