{
    "id": 705,
    "x": 28.150555555555552,
    "y": 46.03777777777778
}