{
    "id": "Lv1252",
    "x": 28.509722222222223,
    "y": 46.37166666666667
}