{
    "id": "Cn0234",
    "x": 28.162777777777777,
    "y": 46.198055555555555
}