{
    "id": 1176,
    "x": 28.363611111111112,
    "y": 45.91861111111111
}