{
    "id": "Cm0472",
    "x": 28.622777777777777,
    "y": 46.530277777777776
}