{
    "id": "Cn0483",
    "x": 28.34361111111111,
    "y": 46.364444444444445
}