{
    "id": 22,
    "x": 28.58138888888889,
    "y": 45.92861111111111
}