{
    "id": "Ch0804",
    "x": 28.449166666666667,
    "y": 45.58972222222222
}