{
    "id": 1714,
    "x": 28.422777777777778,
    "y": 46.656388888888884
}