{
    "id": "Cm0207",
    "x": 28.759166666666665,
    "y": 46.60055555555556
}