{
    "id": "Lv0176",
    "x": 28.503611111111113,
    "y": 46.63194444444444
}