{
    "id": "Cm1130",
    "x": 28.88138888888889,
    "y": 46.67583333333333
}