{
    "id": "Ch0562",
    "x": 28.406388888888888,
    "y": 46.05138888888889
}