{
    "id": "Lv0602",
    "x": 28.35527777777778,
    "y": 46.51638888888889
}