{
    "id": "Cn0247",
    "x": 28.16361111111111,
    "y": 46.19361111111111
}