{
    "id": "Lv1021",
    "x": 28.418333333333333,
    "y": 46.41694444444444
}