{
    "id": "Cn0449",
    "x": 28.317777777777778,
    "y": 46.35305555555556
}