{
    "id": "G5060",
    "x": 28.868055555555557,
    "y": 46.25055555555556
}