{
    "id": "Lv0570",
    "x": 28.351111111111113,
    "y": 46.525277777777774
}