{
    "id": 686,
    "x": 28.249444444444446,
    "y": 46.00555555555555
}