{
    "id": 1720,
    "x": 28.421944444444446,
    "y": 46.65555555555555
}