{
    "id": "G1154",
    "x": 28.616388888888892,
    "y": 46.433611111111105
}