{
    "id": "B0027",
    "x": 28.87138888888889,
    "y": 46.45666666666667
}