{
    "id": "Cm0730",
    "x": 28.642777777777777,
    "y": 46.680277777777775
}