{
    "id": "G1028",
    "x": 28.511388888888888,
    "y": 46.08361111111111
}