{
    "id": "Cm1382",
    "x": 28.99888888888889,
    "y": 46.571111111111115
}