{
    "id": 1114,
    "x": 28.393333333333334,
    "y": 46.055277777777775
}