{
    "id": "G0418",
    "x": 28.599166666666665,
    "y": 46.12138888888889
}