{
    "id": "G5672",
    "x": 28.693333333333335,
    "y": 45.855555555555554
}