{
    "id": "Ch0814",
    "x": 28.448888888888888,
    "y": 45.59638888888889
}