{
    "id": "Cm0787",
    "x": 28.91638888888889,
    "y": 46.57833333333333
}