{
    "id": "Ch0781",
    "x": 28.44472222222222,
    "y": 45.573888888888895
}