{
    "id": "Lv0837",
    "x": 28.319166666666668,
    "y": 46.56944444444445
}