{
    "id": "G0809",
    "x": 28.641388888888887,
    "y": 46.22916666666667
}