{
    "id": "Cn0323",
    "x": 28.224444444444444,
    "y": 46.221111111111114
}