{
    "id": "Ch5085",
    "x": 28.388333333333332,
    "y": 45.76888888888889
}