{
    "id": "Cn0998",
    "x": 28.519166666666667,
    "y": 46.27111111111111
}