{
    "id": "Cm0533",
    "x": 28.78666666666667,
    "y": 46.72638888888889
}