{
    "id": "G0870",
    "x": 28.640833333333333,
    "y": 46.21361111111111
}