{
    "id": "Ch0872",
    "x": 28.180833333333336,
    "y": 46.08861111111111
}