{
    "id": "G5739",
    "x": 28.683888888888887,
    "y": 45.85333333333333
}