{
    "id": 972,
    "x": 28.244444444444447,
    "y": 46.09666666666667
}