{
    "id": 920,
    "x": 28.328888888888887,
    "y": 46.11555555555556
}