{
    "id": "Cm0362",
    "x": 28.641388888888887,
    "y": 46.67833333333333
}