{
    "id": "Cm0842",
    "x": 28.910555555555554,
    "y": 46.62222222222222
}