{
    "id": "Cn0550",
    "x": 28.32027777777778,
    "y": 46.24527777777778
}