{
    "id": "T0052",
    "x": 28.601944444444445,
    "y": 45.89722222222222
}