{
    "id": "Cm1645",
    "x": 28.75111111111111,
    "y": 46.525277777777774
}