{
    "id": 1470,
    "x": 28.46638888888889,
    "y": 46.58444444444444
}