{
    "id": "G0814",
    "x": 28.64388888888889,
    "y": 46.23888888888889
}