{
    "id": "T0525",
    "x": 28.648611111111112,
    "y": 45.88444444444444
}