{
    "id": "G5113",
    "x": 28.836388888888887,
    "y": 46.256388888888885
}