{
    "id": "T0467",
    "x": 28.959166666666665,
    "y": 46.16416666666667
}