{
    "id": 74,
    "x": 28.59361111111111,
    "y": 45.900277777777774
}