{
    "id": "G0245",
    "x": 28.651666666666664,
    "y": 46.00138888888889
}