{
    "id": "G5717",
    "x": 28.699444444444445,
    "y": 45.83777777777778
}