{
    "id": "G0082",
    "x": 28.654999999999998,
    "y": 46.01583333333333
}