{
    "id": 666,
    "x": 28.25027777777778,
    "y": 46.00888888888889
}