{
    "id": "Lv1625",
    "x": 28.365555555555556,
    "y": 46.384166666666665
}