{
    "id": "B0233",
    "x": 28.95638888888889,
    "y": 46.47805555555556
}