{
    "id": "Cn0023",
    "x": 28.235555555555557,
    "y": 46.288888888888884
}