{
    "id": "G0002",
    "x": 28.668055555555558,
    "y": 46.01027777777778
}