{
    "id": "Lv0769",
    "x": 28.316944444444445,
    "y": 46.56472222222222
}