{
    "id": "G1081",
    "x": 28.628055555555555,
    "y": 46.404444444444444
}