{
    "id": "Lv1648",
    "x": 28.266944444444444,
    "y": 46.48555555555556
}