{
    "id": "Lv0615",
    "x": 28.363333333333333,
    "y": 46.51222222222222
}