{
    "id": "G0630",
    "x": 28.587777777777777,
    "y": 46.10333333333333
}