{
    "id": "Cn0639",
    "x": 28.418333333333333,
    "y": 46.19583333333333
}