{
    "id": "G0153",
    "x": 28.65611111111111,
    "y": 46.007777777777775
}