{
    "id": 1359,
    "x": 28.44388888888889,
    "y": 45.580555555555556
}