{
    "id": "Lv0462",
    "x": 28.540833333333335,
    "y": 46.57194444444445
}