{
    "id": "G0030",
    "x": 28.66472222222222,
    "y": 46.00194444444445
}