{
    "id": "Cm0784",
    "x": 28.91777777777778,
    "y": 46.573055555555555
}