{
    "id": "Lv1076",
    "x": 28.481111111111108,
    "y": 46.46472222222223
}