{
    "id": "Cn0748",
    "x": 28.41472222222222,
    "y": 46.349722222222226
}