{
    "id": "Cn0729",
    "x": 28.40694444444444,
    "y": 46.36027777777778
}