{
    "id": "G1237",
    "x": 28.646666666666665,
    "y": 46.28333333333333
}