{
    "id": "G0098",
    "x": 28.65861111111111,
    "y": 46.01555555555556
}