{
    "id": "Lv0827",
    "x": 28.32138888888889,
    "y": 46.573888888888895
}