{
    "id": "Cm1572",
    "x": 28.809444444444445,
    "y": 46.527499999999996
}