{
    "id": "Lv1456",
    "x": 28.243055555555557,
    "y": 46.580555555555556
}