{
    "id": "G0798",
    "x": 28.637777777777778,
    "y": 46.223055555555554
}