{
    "id": "Cn0093",
    "x": 28.156666666666666,
    "y": 46.24638888888889
}