{
    "id": "Cn1028",
    "x": 28.40861111111111,
    "y": 46.23388888888889
}