{
    "id": "T0110",
    "x": 28.58361111111111,
    "y": 45.86472222222223
}