{
    "id": "G1077",
    "x": 28.625833333333333,
    "y": 46.407222222222224
}