{
    "id": "Cn0653",
    "x": 28.43638888888889,
    "y": 46.17583333333333
}