{
    "id": 55,
    "x": 28.59722222222222,
    "y": 45.90333333333333
}