{
    "id": 1017,
    "x": 28.21833333333333,
    "y": 46.06583333333333
}