{
    "id": "Cm1333",
    "x": 28.760555555555555,
    "y": 46.66638888888889
}