{
    "id": "Cm0999",
    "x": 28.753333333333334,
    "y": 46.441111111111105
}