{
    "id": "G1262",
    "x": 28.639166666666664,
    "y": 46.29361111111111
}