{
    "id": "Cn0503",
    "x": 28.322499999999998,
    "y": 46.20805555555556
}