{
    "id": 884,
    "x": 28.349166666666665,
    "y": 46.030277777777776
}