{
    "id": "Lv1254",
    "x": 28.511944444444445,
    "y": 46.37166666666667
}