{
    "id": "Lv1515",
    "x": 28.25583333333333,
    "y": 46.62972222222222
}