{
    "id": 343,
    "x": 28.55638888888889,
    "y": 45.97666666666667
}