{
    "id": "Ch5100",
    "x": 28.375833333333333,
    "y": 45.75833333333333
}