{
    "id": "Cm0771",
    "x": 28.91888888888889,
    "y": 46.575833333333335
}