{
    "id": "G1281",
    "x": 28.64388888888889,
    "y": 46.29944444444444
}