{
    "id": 1094,
    "x": 28.416666666666668,
    "y": 46.05166666666666
}