{
    "id": "Cm1353",
    "x": 29.00027777777778,
    "y": 46.56666666666667
}