{
    "id": "Lv0682",
    "x": 28.326944444444443,
    "y": 46.57944444444445
}