{
    "id": "B0044",
    "x": 28.875555555555557,
    "y": 46.45416666666667
}