{
    "id": 1461,
    "x": 28.467499999999998,
    "y": 46.58444444444444
}