{
    "id": "Lv1688",
    "x": 28.249444444444446,
    "y": 46.490833333333335
}