{
    "id": "Lv0958",
    "x": 28.43861111111111,
    "y": 46.43194444444444
}