{
    "id": "Cm0659",
    "x": 28.697777777777777,
    "y": 46.64861111111111
}