{
    "id": "Cn0875",
    "x": 28.420555555555556,
    "y": 46.36194444444445
}