{
    "id": "Cm0455",
    "x": 28.618333333333332,
    "y": 46.580000000000005
}