{
    "id": "Cm0510",
    "x": 28.803333333333335,
    "y": 46.62083333333334
}