{
    "id": "Lv0619",
    "x": 28.360000000000003,
    "y": 46.513888888888886
}