{
    "id": "Cn0563",
    "x": 28.21638888888889,
    "y": 46.336666666666666
}