{
    "id": "Cn0967",
    "x": 28.506944444444443,
    "y": 46.27638888888889
}