{
    "id": "Lv0919",
    "x": 28.411944444444444,
    "y": 46.47138888888889
}