{
    "id": "G5282",
    "x": 28.766666666666666,
    "y": 46.11333333333334
}