{
    "id": "B0221",
    "x": 28.947222222222223,
    "y": 46.50694444444444
}