{
    "id": "G1827",
    "x": 28.839444444444442,
    "y": 46.331388888888895
}