{
    "id": "Cm0430",
    "x": 28.92638888888889,
    "y": 46.533055555555556
}