{
    "id": "Lv1318",
    "x": 28.31972222222222,
    "y": 46.43277777777777
}