{
    "id": "Cn0900",
    "x": 28.423055555555557,
    "y": 46.35722222222223
}