{
    "id": "G0658",
    "x": 28.58722222222222,
    "y": 46.100833333333334
}