{
    "id": "G0252",
    "x": 28.672777777777778,
    "y": 46.02361111111111
}