{
    "id": 1459,
    "x": 28.46833333333333,
    "y": 46.58388888888889
}