{
    "id": "Cn0321",
    "x": 28.21972222222222,
    "y": 46.222500000000004
}