{
    "id": 373,
    "x": 28.733611111111113,
    "y": 46.00388888888889
}