{
    "id": "Cm0381",
    "x": 28.692222222222224,
    "y": 46.64888888888889
}