{
    "id": "G0701",
    "x": 28.58611111111111,
    "y": 46.09583333333334
}