{
    "id": "Cn1168",
    "x": 28.24527777777778,
    "y": 46.149166666666666
}