{
    "id": "Cm1466",
    "x": 29.03111111111111,
    "y": 46.505833333333335
}