{
    "id": 626,
    "x": 28.21472222222222,
    "y": 45.977222222222224
}