{
    "id": "G1128",
    "x": 28.621111111111112,
    "y": 46.41222222222222
}