{
    "id": "Cn0808",
    "x": 28.401944444444442,
    "y": 46.32916666666667
}