{
    "id": "Cm0926",
    "x": 28.62027777777778,
    "y": 46.583333333333336
}