{
    "id": "Cn0172",
    "x": 28.30138888888889,
    "y": 46.342222222222226
}