{
    "id": "Cm0387",
    "x": 28.681944444444447,
    "y": 46.653888888888886
}