{
    "id": "G0303",
    "x": 28.591388888888886,
    "y": 46.088055555555556
}