{
    "id": "Cm0184",
    "x": 28.75638888888889,
    "y": 46.59722222222222
}