{
    "id": "G1448",
    "x": 28.559722222222224,
    "y": 46.33222222222223
}