{
    "id": "Cn0043",
    "x": 28.220555555555553,
    "y": 46.27833333333333
}