{
    "id": "G0703",
    "x": 28.585833333333333,
    "y": 46.094722222222224
}