{
    "id": "Cm0499",
    "x": 28.916666666666668,
    "y": 46.564166666666665
}