{
    "id": "G5323",
    "x": 28.67666666666667,
    "y": 46.081944444444446
}