{
    "id": "G1591",
    "x": 28.656388888888888,
    "y": 46.243611111111115
}