{
    "id": "G1567",
    "x": 28.811666666666667,
    "y": 46.05416666666667
}