{
    "id": "Cn0112",
    "x": 28.159166666666664,
    "y": 46.22694444444445
}