{
    "id": "Lv1160",
    "x": 28.524444444444445,
    "y": 46.37222222222222
}