{
    "id": "Cn0229",
    "x": 28.171111111111113,
    "y": 46.20666666666667
}