{
    "id": "G5132",
    "x": 28.76638888888889,
    "y": 46.17805555555555
}