{
    "id": "G0616",
    "x": 28.59638888888889,
    "y": 46.10333333333333
}