{
    "id": "G5152",
    "x": 28.76527777777778,
    "y": 46.19083333333333
}