{
    "id": 753,
    "x": 28.170833333333334,
    "y": 46.059999999999995
}