{
    "id": "G0192",
    "x": 28.656388888888888,
    "y": 46.00388888888889
}