{
    "id": "Cn0191",
    "x": 28.31138888888889,
    "y": 46.30416666666667
}