{
    "id": "G5840",
    "x": 28.444166666666668,
    "y": 45.53972222222222
}