{
    "id": "G5451",
    "x": 28.66583333333333,
    "y": 46.10138888888889
}