{
    "id": "Cn0649",
    "x": 28.434722222222224,
    "y": 46.17861111111111
}