{
    "id": "Lv0295",
    "x": 28.421111111111113,
    "y": 46.656666666666666
}