{
    "id": "Cm1206",
    "x": 28.640555555555554,
    "y": 46.47805555555556
}