{
    "id": "Cm1586",
    "x": 28.796944444444446,
    "y": 46.52833333333333
}