{
    "id": 27,
    "x": 28.58111111111111,
    "y": 45.92638888888889
}