{
    "id": "G0561",
    "x": 28.587777777777777,
    "y": 46.10805555555556
}