{
    "id": "Lv0541",
    "x": 28.353055555555557,
    "y": 46.52583333333333
}