{
    "id": "G5698",
    "x": 28.692777777777778,
    "y": 45.84777777777778
}