{
    "id": 767,
    "x": 28.204722222222223,
    "y": 46.025277777777774
}