{
    "id": 203,
    "x": 28.56833333333333,
    "y": 45.77722222222222
}