{
    "id": "Lv1741",
    "x": 28.255277777777778,
    "y": 46.471111111111114
}