{
    "id": "G5722",
    "x": 28.689444444444444,
    "y": 45.86138888888889
}