{
    "id": "Cn0074",
    "x": 28.21638888888889,
    "y": 46.26222222222222
}