{
    "id": "G1141",
    "x": 28.614722222222223,
    "y": 46.419999999999995
}