{
    "id": 1340,
    "x": 28.448333333333334,
    "y": 45.58888888888889
}