{
    "id": "G0932",
    "x": 28.64638888888889,
    "y": 46.21555555555556
}