{
    "id": 313,
    "x": 28.46833333333333,
    "y": 45.972500000000004
}