{
    "id": "Ch0867",
    "x": 28.301111111111112,
    "y": 45.852222222222224
}