{
    "id": "G1356",
    "x": 28.66777777777778,
    "y": 46.31194444444444
}