{
    "id": "Ch0753",
    "x": 28.352777777777778,
    "y": 45.802499999999995
}