{
    "id": "Cn0430",
    "x": 28.31138888888889,
    "y": 46.34666666666667
}