{
    "id": "G1809",
    "x": 28.85388888888889,
    "y": 46.093611111111116
}