{
    "id": "G0552",
    "x": 28.585833333333333,
    "y": 46.113055555555555
}