{
    "id": "G1406",
    "x": 28.568055555555556,
    "y": 46.330555555555556
}