{
    "id": "Cm1644",
    "x": 28.780833333333334,
    "y": 46.53472222222222
}