{
    "id": 1394,
    "x": 28.450277777777778,
    "y": 45.617777777777775
}