{
    "id": 1011,
    "x": 28.21722222222222,
    "y": 46.064166666666665
}