{
    "id": "G5450",
    "x": 28.66583333333333,
    "y": 46.100833333333334
}