{
    "id": "Cm1022",
    "x": 28.75638888888889,
    "y": 46.44499999999999
}