{
    "id": "B0123",
    "x": 28.953333333333333,
    "y": 46.353611111111114
}