{
    "id": "G1116",
    "x": 28.605833333333333,
    "y": 46.422777777777775
}