{
    "id": "Lv1026",
    "x": 28.419444444444444,
    "y": 46.41611111111111
}