{
    "id": 1724,
    "x": 28.424166666666668,
    "y": 46.65277777777778
}