{
    "id": "G1255",
    "x": 28.621111111111112,
    "y": 46.30638888888888
}