{
    "id": "Cm0596",
    "x": 28.91444444444444,
    "y": 46.591944444444444
}