{
    "id": "G5837",
    "x": 28.44361111111111,
    "y": 45.538333333333334
}