{
    "id": "G5784",
    "x": 28.684166666666666,
    "y": 45.83722222222222
}