{
    "id": "G1126",
    "x": 28.615000000000002,
    "y": 46.41027777777778
}