{
    "id": "Cm1544",
    "x": 28.816666666666666,
    "y": 46.522777777777776
}