{
    "id": "B0278",
    "x": 28.784166666666668,
    "y": 46.31027777777778
}