{
    "id": 294,
    "x": 28.47611111111111,
    "y": 45.961111111111116
}