{
    "id": "G5863",
    "x": 28.861944444444447,
    "y": 46.11833333333333
}