{
    "id": "G0518",
    "x": 28.598333333333333,
    "y": 46.10861111111111
}