{
    "id": "Cm0673",
    "x": 28.587777777777777,
    "y": 46.64666666666667
}