{
    "id": "G1714",
    "x": 28.842777777777776,
    "y": 46.06222222222222
}