{
    "id": "Cn0304",
    "x": 28.184166666666666,
    "y": 46.11805555555556
}