{
    "id": "G5129",
    "x": 28.768055555555556,
    "y": 46.19611111111111
}