{
    "id": 667,
    "x": 28.248611111111114,
    "y": 46.00833333333333
}