{
    "id": "Cm0650",
    "x": 28.92138888888889,
    "y": 46.55083333333333
}