{
    "id": "G5838",
    "x": 28.443333333333335,
    "y": 45.53777777777778
}