{
    "id": "Cn0910",
    "x": 28.412777777777777,
    "y": 46.35805555555556
}