{
    "id": "G1541",
    "x": 28.81222222222222,
    "y": 46.05888888888889
}