{
    "id": 1087,
    "x": 28.41222222222222,
    "y": 46.001666666666665
}