{
    "id": "Lv1084",
    "x": 28.488611111111112,
    "y": 46.456944444444446
}