{
    "id": "G0640",
    "x": 28.596666666666664,
    "y": 46.100833333333334
}