{
    "id": "B0036",
    "x": 28.873333333333335,
    "y": 46.45444444444445
}