{
    "id": "Cn0318",
    "x": 28.17777777777778,
    "y": 46.12555555555556
}