{
    "id": "G0139",
    "x": 28.65111111111111,
    "y": 46.006388888888885
}