{
    "id": "Cn0396",
    "x": 28.340555555555554,
    "y": 46.25527777777778
}