{
    "id": "G5759",
    "x": 28.685277777777777,
    "y": 45.83916666666667
}