{
    "id": "Cm1157",
    "x": 28.752222222222223,
    "y": 46.44499999999999
}