{
    "id": 437,
    "x": 28.96722222222222,
    "y": 46.16555555555556
}