{
    "id": 261,
    "x": 28.47611111111111,
    "y": 46.03138888888889
}