{
    "id": "Cm1169",
    "x": 28.75111111111111,
    "y": 46.42833333333333
}