{
    "id": 631,
    "x": 28.216944444444444,
    "y": 45.97888888888889
}