{
    "id": "Lv1210",
    "x": 28.523888888888887,
    "y": 46.367222222222225
}