{
    "id": "G0627",
    "x": 28.586666666666666,
    "y": 46.10527777777778
}