{
    "id": "Cn1030",
    "x": 28.41722222222222,
    "y": 46.23027777777778
}