{
    "id": 782,
    "x": 28.22722222222222,
    "y": 46.02861111111111
}