{
    "id": "Cn0187",
    "x": 28.31222222222222,
    "y": 46.308055555555555
}