{
    "id": 241,
    "x": 28.487222222222222,
    "y": 45.92722222222222
}