{
    "id": 976,
    "x": 28.249444444444446,
    "y": 46.09638888888889
}