{
    "id": 1519,
    "x": 28.394444444444446,
    "y": 46.60722222222223
}