{
    "id": "G0484",
    "x": 28.583888888888886,
    "y": 46.117777777777775
}