{
    "id": "Lv1325",
    "x": 28.317777777777778,
    "y": 46.43083333333333
}