{
    "id": "G1430",
    "x": 28.563333333333333,
    "y": 46.32638888888889
}