{
    "id": "Cm0930",
    "x": 28.624166666666667,
    "y": 46.57416666666667
}