{
    "id": "Cn1116",
    "x": 28.34472222222222,
    "y": 46.16166666666666
}