{
    "id": "G1516",
    "x": 28.45138888888889,
    "y": 45.871944444444445
}