{
    "id": "G0753",
    "x": 28.610000000000003,
    "y": 46.111111111111114
}