{
    "id": "G5629",
    "x": 28.692777777777778,
    "y": 45.864444444444445
}