{
    "id": "G5565",
    "x": 28.824166666666667,
    "y": 46.361111111111114
}