{
    "id": "Lv1176",
    "x": 28.52361111111111,
    "y": 46.38027777777778
}