{
    "id": "Cm1175",
    "x": 28.678055555555556,
    "y": 46.461666666666666
}