{
    "id": "Lv1040",
    "x": 28.43027777777778,
    "y": 46.43833333333333
}