{
    "id": "G5334",
    "x": 28.676111111111112,
    "y": 46.08861111111111
}