{
    "id": "Lv1209",
    "x": 28.52638888888889,
    "y": 46.36638888888889
}