{
    "id": "Cn1078",
    "x": 28.391666666666666,
    "y": 46.105000000000004
}