{
    "id": "Cn0228",
    "x": 28.160833333333333,
    "y": 46.21805555555556
}