{
    "id": "Lv0051",
    "x": 28.467777777777776,
    "y": 46.581388888888895
}