{
    "id": 1558,
    "x": 28.40722222222222,
    "y": 46.58444444444444
}