{
    "id": "Ch5186",
    "x": 28.503888888888888,
    "y": 46.06527777777777
}