{
    "id": "G1374",
    "x": 28.666666666666668,
    "y": 46.280277777777776
}