{
    "id": "G0781",
    "x": 28.650277777777777,
    "y": 46.23888888888889
}