{
    "id": "Cm0716",
    "x": 28.630833333333335,
    "y": 46.71416666666667
}