{
    "id": 823,
    "x": 28.241111111111113,
    "y": 45.941111111111105
}