{
    "id": "Cn0466",
    "x": 28.335555555555555,
    "y": 46.35638888888889
}