{
    "id": "G0170",
    "x": 28.661666666666665,
    "y": 46.005833333333335
}