{
    "id": "Cm1502",
    "x": 28.802222222222223,
    "y": 46.50861111111111
}