{
    "id": "Lv1543",
    "x": 28.26361111111111,
    "y": 46.62555555555556
}