{
    "id": "Cm1629",
    "x": 28.751666666666665,
    "y": 46.51972222222222
}