{
    "id": "Cm0491",
    "x": 28.93138888888889,
    "y": 46.55638888888888
}