{
    "id": "B0059",
    "x": 28.87666666666667,
    "y": 46.45583333333334
}