{
    "id": "G1698",
    "x": 28.84111111111111,
    "y": 46.05777777777777
}