{
    "id": "G1779",
    "x": 28.816944444444445,
    "y": 46.06583333333333
}