{
    "id": "Cn0474",
    "x": 28.346944444444443,
    "y": 46.362500000000004
}