{
    "id": "Lv0331",
    "x": 28.411388888888887,
    "y": 46.66777777777777
}