{
    "id": "G5820",
    "x": 28.429722222222225,
    "y": 45.549166666666665
}