{
    "id": "G1087",
    "x": 28.598055555555554,
    "y": 46.428888888888885
}