{
    "id": "Cm0123",
    "x": 28.727777777777778,
    "y": 46.612500000000004
}