{
    "id": "Cn0538",
    "x": 28.325277777777778,
    "y": 46.220555555555556
}