{
    "id": "Cm0337",
    "x": 28.64361111111111,
    "y": 46.677499999999995
}