{
    "id": 283,
    "x": 28.474444444444444,
    "y": 45.97083333333334
}