{
    "id": "Cm0601",
    "x": 28.927500000000002,
    "y": 46.56805555555556
}