{
    "id": "Cm0373",
    "x": 28.701666666666664,
    "y": 46.64666666666667
}