{
    "id": "Ch0774",
    "x": 28.500833333333333,
    "y": 45.769444444444446
}