{
    "id": "Cm0938",
    "x": 28.59472222222222,
    "y": 46.57333333333334
}