{
    "id": 1123,
    "x": 28.379166666666666,
    "y": 46.03583333333333
}