{
    "id": "G0907",
    "x": 28.655555555555555,
    "y": 46.24305555555556
}