{
    "id": "G0131",
    "x": 28.65111111111111,
    "y": 46.01361111111111
}