{
    "id": "Lv0766",
    "x": 28.323055555555555,
    "y": 46.57222222222222
}