{
    "id": 249,
    "x": 28.46638888888889,
    "y": 45.92166666666667
}