{
    "id": "Lv0200",
    "x": 28.522777777777776,
    "y": 46.65416666666667
}