{
    "id": "G5616",
    "x": 28.814722222222223,
    "y": 46.36555555555556
}