{
    "id": "Cn0070",
    "x": 28.21333333333333,
    "y": 46.26444444444444
}