{
    "id": 1155,
    "x": 28.412499999999998,
    "y": 45.92527777777777
}