{
    "id": "G1350",
    "x": 28.668055555555558,
    "y": 46.30277777777778
}