{
    "id": "G1043",
    "x": 28.608055555555556,
    "y": 46.437777777777775
}