{
    "id": "Ch0107",
    "x": 28.25111111111111,
    "y": 46.01027777777778
}