{
    "id": "Cn0025",
    "x": 28.236944444444447,
    "y": 46.290277777777774
}