{
    "id": "Lv0933",
    "x": 28.42527777777778,
    "y": 46.422777777777775
}