{
    "id": "Lv0544",
    "x": 28.354166666666668,
    "y": 46.52388888888889
}