{
    "id": "Lv1390",
    "x": 28.241944444444446,
    "y": 46.52333333333333
}