{
    "id": "Cm1627",
    "x": 28.75111111111111,
    "y": 46.526666666666664
}