{
    "id": 173,
    "x": 28.566111111111113,
    "y": 45.77916666666667
}