{
    "id": "G0057",
    "x": 28.67027777777778,
    "y": 46.01611111111111
}