{
    "id": "Cn0789",
    "x": 28.404166666666665,
    "y": 46.318333333333335
}