{
    "id": "Cm0726",
    "x": 28.63861111111111,
    "y": 46.70916666666667
}