{
    "id": "G5489",
    "x": 28.66722222222222,
    "y": 46.090833333333336
}