{
    "id": "Cn0616",
    "x": 28.392222222222223,
    "y": 46.189722222222215
}