{
    "id": "Ch0439",
    "x": 28.22611111111111,
    "y": 46.07555555555556
}