{
    "id": "Cm0575",
    "x": 28.919444444444444,
    "y": 46.586666666666666
}