{
    "id": "Cm0623",
    "x": 28.921111111111113,
    "y": 46.54722222222222
}