{
    "id": 1462,
    "x": 28.466666666666665,
    "y": 46.586111111111116
}