{
    "id": "G5331",
    "x": 28.676111111111112,
    "y": 46.08583333333333
}