{
    "id": "Lv0349",
    "x": 28.409444444444443,
    "y": 46.66611111111111
}