{
    "id": "Lv0721",
    "x": 28.330555555555556,
    "y": 46.57222222222222
}