{
    "id": "G5422",
    "x": 28.67388888888889,
    "y": 46.098333333333336
}