{
    "id": "Cm0052",
    "x": 28.708055555555553,
    "y": 46.68277777777777
}