{
    "id": "Cm0108",
    "x": 28.760555555555555,
    "y": 46.73388888888889
}