{
    "id": "G1527",
    "x": 28.804722222222225,
    "y": 46.06527777777777
}