{
    "id": "Lv0517",
    "x": 28.383333333333333,
    "y": 46.48777777777778
}