{
    "id": "Cm0851",
    "x": 28.910277777777775,
    "y": 46.62083333333334
}