{
    "id": "Lv0910",
    "x": 28.421666666666667,
    "y": 46.42472222222222
}