{
    "id": "Cm1340",
    "x": 28.766944444444444,
    "y": 46.66888888888889
}