{
    "id": "Cm0973",
    "x": 28.609722222222224,
    "y": 46.53944444444444
}