{
    "id": "Cm1352",
    "x": 29.000833333333333,
    "y": 46.565555555555555
}