{
    "id": "G0590",
    "x": 28.598055555555554,
    "y": 46.10277777777778
}