{
    "id": "Cm1113",
    "x": 28.834444444444443,
    "y": 46.66222222222222
}