{
    "id": 1429,
    "x": 28.46833333333333,
    "y": 46.58833333333334
}