{
    "id": "B0307",
    "x": 28.77611111111111,
    "y": 46.306666666666665
}