{
    "id": "G1155",
    "x": 28.616944444444446,
    "y": 46.43527777777778
}