{
    "id": "G1673",
    "x": 28.843888888888888,
    "y": 46.05222222222222
}