{
    "id": "G1442",
    "x": 28.559722222222224,
    "y": 46.340833333333336
}