{
    "id": "Lv1760",
    "x": 28.45638888888889,
    "y": 46.41638888888889
}