{
    "id": "Cm0610",
    "x": 28.929444444444446,
    "y": 46.56111111111111
}