{
    "id": "Lv0862",
    "x": 28.323333333333334,
    "y": 46.56944444444445
}