{
    "id": "Cm0132",
    "x": 28.72083333333333,
    "y": 46.62361111111111
}