{
    "id": "G5671",
    "x": 28.691111111111113,
    "y": 45.85527777777778
}