{
    "id": "Lv0858",
    "x": 28.323055555555555,
    "y": 46.573055555555555
}