{
    "id": "G5518",
    "x": 28.671944444444446,
    "y": 46.08583333333333
}