{
    "id": "Cm0230",
    "x": 28.76527777777778,
    "y": 46.61805555555556
}