{
    "id": 982,
    "x": 28.256666666666668,
    "y": 46.09583333333334
}