{
    "id": 315,
    "x": 28.46527777777778,
    "y": 45.98083333333334
}