{
    "id": "Cm0117",
    "x": 28.749166666666667,
    "y": 46.728611111111114
}