{
    "id": "Lv1539",
    "x": 28.267777777777777,
    "y": 46.60805555555556
}