{
    "id": "Cn0743",
    "x": 28.41472222222222,
    "y": 46.36055555555556
}