{
    "id": "B0303",
    "x": 28.779166666666665,
    "y": 46.30722222222222
}