{
    "id": "Lv1375",
    "x": 28.246944444444445,
    "y": 46.409166666666664
}