{
    "id": "Cn0754",
    "x": 28.44388888888889,
    "y": 46.336111111111116
}