{
    "id": 1301,
    "x": 28.328333333333333,
    "y": 45.816944444444445
}