{
    "id": "Cm1522",
    "x": 28.784444444444446,
    "y": 46.51111111111111
}