{
    "id": "G1316",
    "x": 28.65083333333333,
    "y": 46.31333333333333
}