{
    "id": "Lv1024",
    "x": 28.418333333333333,
    "y": 46.41638888888889
}