{
    "id": "Ch0797",
    "x": 28.44638888888889,
    "y": 45.61027777777778
}