{
    "id": 1104,
    "x": 28.408055555555553,
    "y": 46.04833333333333
}