{
    "id": "Lv1693",
    "x": 28.248333333333335,
    "y": 46.49111111111111
}