{
    "id": "G1703",
    "x": 28.848888888888887,
    "y": 46.06083333333333
}