{
    "id": "Lv1419",
    "x": 28.25861111111111,
    "y": 46.52611111111111
}