{
    "id": "Lv0604",
    "x": 28.358333333333334,
    "y": 46.51972222222222
}