{
    "id": "G0644",
    "x": 28.593055555555555,
    "y": 46.098888888888894
}