{
    "id": "G0678",
    "x": 28.584722222222222,
    "y": 46.09777777777778
}