{
    "id": "Ch0825",
    "x": 28.447777777777777,
    "y": 45.61277777777778
}