{
    "id": "G5790",
    "x": 28.689166666666665,
    "y": 45.84166666666667
}