{
    "id": "G1295",
    "x": 28.638055555555557,
    "y": 46.30583333333333
}