{
    "id": "Cm1402",
    "x": 28.999722222222225,
    "y": 46.58527777777778
}