{
    "id": "Cn0594",
    "x": 28.253333333333334,
    "y": 46.38194444444444
}