{
    "id": "Cn0459",
    "x": 28.323333333333334,
    "y": 46.348333333333336
}