{
    "id": 535,
    "x": 28.660833333333333,
    "y": 45.89388888888889
}