{
    "id": "G5605",
    "x": 28.81222222222222,
    "y": 46.37305555555555
}