{
    "id": "Lv0950",
    "x": 28.433611111111112,
    "y": 46.42972222222222
}