{
    "id": "G0155",
    "x": 28.65611111111111,
    "y": 46.007222222222225
}