{
    "id": "Lv1669",
    "x": 28.253888888888888,
    "y": 46.490833333333335
}