{
    "id": "Cn0615",
    "x": 28.391111111111112,
    "y": 46.19083333333333
}