{
    "id": "Lv1415",
    "x": 28.25138888888889,
    "y": 46.52611111111111
}