{
    "id": 1141,
    "x": 28.33611111111111,
    "y": 45.98583333333333
}