{
    "id": "Cn0767",
    "x": 28.451666666666664,
    "y": 46.32805555555556
}