{
    "id": "G1635",
    "x": 28.384999999999998,
    "y": 45.545833333333334
}