{
    "id": "Lv0812",
    "x": 28.31888888888889,
    "y": 46.57416666666667
}