{
    "id": "G0454",
    "x": 28.590833333333332,
    "y": 46.117222222222225
}