{
    "id": "Lv0297",
    "x": 28.422777777777778,
    "y": 46.654444444444444
}