{
    "id": "Ch0453",
    "x": 28.22083333333333,
    "y": 46.06805555555556
}