{
    "id": "G5644",
    "x": 28.697777777777777,
    "y": 45.863055555555555
}