{
    "id": "G1626",
    "x": 28.828333333333333,
    "y": 46.051111111111105
}