{
    "id": "Cm0871",
    "x": 28.90222222222222,
    "y": 46.62305555555555
}