{
    "id": "G5284",
    "x": 28.76722222222222,
    "y": 46.11472222222223
}