{
    "id": "Cm0831",
    "x": 28.90722222222222,
    "y": 46.62305555555555
}