{
    "id": "Cn1214",
    "x": 28.283333333333335,
    "y": 46.16694444444444
}