{
    "id": "G0676",
    "x": 28.584999999999997,
    "y": 46.098888888888894
}