{
    "id": 61,
    "x": 28.59611111111111,
    "y": 45.89611111111111
}