{
    "id": "G0795",
    "x": 28.638055555555557,
    "y": 46.22555555555556
}