{
    "id": "B0237",
    "x": 28.95583333333333,
    "y": 46.480000000000004
}