{
    "id": "Lv1571",
    "x": 28.383055555555558,
    "y": 46.388888888888886
}