{
    "id": 330,
    "x": 28.554166666666667,
    "y": 45.99527777777778
}