{
    "id": "B0316",
    "x": 28.989722222222223,
    "y": 46.33416666666667
}