{
    "id": 1052,
    "x": 28.40138888888889,
    "y": 45.95138888888889
}