{
    "id": "G1577",
    "x": 28.811666666666667,
    "y": 46.05361111111111
}