{
    "id": "B0298",
    "x": 28.782777777777778,
    "y": 46.30694444444444
}