{
    "id": "Ch5023",
    "x": 28.184166666666666,
    "y": 45.772777777777776
}