{
    "id": "B0289",
    "x": 28.79361111111111,
    "y": 46.30777777777777
}