{
    "id": "Ch0477",
    "x": 28.239444444444445,
    "y": 46.07138888888889
}