{
    "id": "Lv1049",
    "x": 28.47611111111111,
    "y": 46.45583333333334
}