{
    "id": "Cm0749",
    "x": 28.615555555555556,
    "y": 46.61555555555556
}