{
    "id": "Cm0725",
    "x": 28.63611111111111,
    "y": 46.71027777777778
}