{
    "id": "Cn0502",
    "x": 28.31861111111111,
    "y": 46.20611111111111
}