{
    "id": "Cn0078",
    "x": 28.22222222222222,
    "y": 46.261944444444445
}