{
    "id": "G1524",
    "x": 28.45583333333333,
    "y": 45.86833333333333
}