{
    "id": 87,
    "x": 28.593888888888888,
    "y": 45.89972222222222
}