{
    "id": "Cn0833",
    "x": 28.389166666666664,
    "y": 46.33027777777778
}