{
    "id": "Cm0666",
    "x": 28.58722222222222,
    "y": 46.65277777777778
}