{
    "id": "Lv1286",
    "x": 28.329166666666666,
    "y": 46.441111111111105
}