{
    "id": "Cn0158",
    "x": 28.279444444444444,
    "y": 46.31333333333333
}