{
    "id": "G5607",
    "x": 28.81222222222222,
    "y": 46.37388888888889
}