{
    "id": "Cm1337",
    "x": 28.767777777777777,
    "y": 46.670833333333334
}