{
    "id": "Lv0518",
    "x": 28.38722222222222,
    "y": 46.49027777777778
}