{
    "id": "G1614",
    "x": 28.82138888888889,
    "y": 46.05583333333333
}