{
    "id": 450,
    "x": 28.96861111111111,
    "y": 46.159444444444446
}