{
    "id": "G0745",
    "x": 28.608055555555556,
    "y": 46.10805555555556
}