{
    "id": "G0580",
    "x": 28.597777777777775,
    "y": 46.105555555555554
}