{
    "id": "G0076",
    "x": 28.659444444444443,
    "y": 46.020833333333336
}