{
    "id": "T0443",
    "x": 28.97111111111111,
    "y": 46.16222222222222
}