{
    "id": "G5254",
    "x": 28.76527777777778,
    "y": 46.10305555555556
}