{
    "id": "Lv0892",
    "x": 28.429444444444446,
    "y": 46.42361111111111
}