{
    "id": 1397,
    "x": 28.448055555555555,
    "y": 45.619166666666665
}