{
    "id": 1377,
    "x": 28.450277777777778,
    "y": 45.60527777777778
}