{
    "id": "Cm1414",
    "x": 29.013055555555557,
    "y": 46.57416666666667
}