{
    "id": "Lv0041",
    "x": 28.472777777777775,
    "y": 46.57888888888889
}