{
    "id": "Cn0888",
    "x": 28.427500000000002,
    "y": 46.35388888888889
}