{
    "id": "Cm0528",
    "x": 28.758055555555554,
    "y": 46.73583333333333
}