{
    "id": "G1288",
    "x": 28.648611111111112,
    "y": 46.297777777777775
}