{
    "id": "Cn0687",
    "x": 28.474999999999998,
    "y": 46.13916666666667
}