{
    "id": "Cm1462",
    "x": 29.02138888888889,
    "y": 46.513888888888886
}