{
    "id": "Lv1748",
    "x": 28.264444444444443,
    "y": 46.47888888888889
}