{
    "id": 1647,
    "x": 28.547222222222224,
    "y": 46.61194444444445
}