{
    "id": "G0503",
    "x": 28.58833333333333,
    "y": 46.11638888888889
}