{
    "id": 204,
    "x": 28.56888888888889,
    "y": 45.77722222222222
}