{
    "id": "Lv1642",
    "x": 28.26888888888889,
    "y": 46.486666666666665
}