{
    "id": "Cn0652",
    "x": 28.43611111111111,
    "y": 46.17638888888889
}