{
    "id": "G1457",
    "x": 28.38111111111111,
    "y": 45.532222222222224
}