{
    "id": "Ch0617",
    "x": 28.37611111111111,
    "y": 45.907222222222224
}