{
    "id": "Lv1526",
    "x": 28.26388888888889,
    "y": 46.605000000000004
}