{
    "id": "B0338",
    "x": 28.97583333333333,
    "y": 46.32944444444445
}