{
    "id": "T0186",
    "x": 28.56416666666667,
    "y": 45.786944444444444
}