{
    "id": "Cn0646",
    "x": 28.43027777777778,
    "y": 46.18138888888889
}