{
    "id": "Lv1321",
    "x": 28.330833333333334,
    "y": 46.44777777777777
}