{
    "id": "Cn0144",
    "x": 28.27111111111111,
    "y": 46.31638888888889
}