{
    "id": "B0203",
    "x": 28.91361111111111,
    "y": 46.42027777777778
}