{
    "id": "Cm0335",
    "x": 28.642777777777777,
    "y": 46.67805555555555
}