{
    "id": 912,
    "x": 28.323888888888888,
    "y": 46.11527777777778
}