{
    "id": "B0164",
    "x": 28.90833333333333,
    "y": 46.41916666666666
}