{
    "id": "B0301",
    "x": 28.779166666666665,
    "y": 46.30027777777777
}