{
    "id": "Cm0680",
    "x": 28.66722222222222,
    "y": 46.65472222222222
}