{
    "id": "Cm0038",
    "x": 28.709166666666665,
    "y": 46.69361111111111
}