{
    "id": "G1042",
    "x": 28.60638888888889,
    "y": 46.437777777777775
}