{
    "id": "Cm1085",
    "x": 28.840833333333332,
    "y": 46.66305555555555
}