{
    "id": 1031,
    "x": 28.235277777777778,
    "y": 46.07138888888889
}