{
    "id": 702,
    "x": 28.174444444444447,
    "y": 46.00555555555555
}