{
    "id": "Cn1018",
    "x": 28.45861111111111,
    "y": 46.223055555555554
}