{
    "id": "B0003",
    "x": 28.871944444444445,
    "y": 46.447222222222216
}