{
    "id": "Cm0608",
    "x": 28.929444444444446,
    "y": 46.57194444444445
}