{
    "id": "G0352",
    "x": 28.602500000000003,
    "y": 46.11194444444445
}