{
    "id": "B0057",
    "x": 28.87472222222222,
    "y": 46.45722222222223
}