{
    "id": "Cm0459",
    "x": 28.622222222222224,
    "y": 46.57027777777778
}