{
    "id": "G1075",
    "x": 28.625555555555557,
    "y": 46.407777777777774
}