{
    "id": "G5815",
    "x": 28.433333333333334,
    "y": 45.524166666666666
}