{
    "id": "Ch5175",
    "x": 28.49638888888889,
    "y": 46.09388888888889
}