{
    "id": "Lv0566",
    "x": 28.353055555555557,
    "y": 46.52222222222222
}