{
    "id": "T0028",
    "x": 28.579444444444444,
    "y": 45.92805555555555
}