{
    "id": 643,
    "x": 28.22138888888889,
    "y": 45.990833333333335
}