{
    "id": "Lv1553",
    "x": 28.271944444444443,
    "y": 46.59916666666667
}