{
    "id": "Lv0146",
    "x": 28.405277777777776,
    "y": 46.58388888888889
}