{
    "id": "Cm0390",
    "x": 28.681944444444447,
    "y": 46.655277777777776
}