{
    "id": "Lv1267",
    "x": 28.51638888888889,
    "y": 46.37111111111111
}