{
    "id": "G1548",
    "x": 28.809444444444445,
    "y": 46.05472222222222
}