{
    "id": "Cm0916",
    "x": 28.62638888888889,
    "y": 46.57361111111111
}