{
    "id": "Cn0092",
    "x": 28.15694444444444,
    "y": 46.24944444444444
}