{
    "id": "Lv1614",
    "x": 28.373333333333335,
    "y": 46.37833333333333
}