{
    "id": "Cm0794",
    "x": 28.915555555555553,
    "y": 46.58444444444444
}