{
    "id": "G5707",
    "x": 28.696666666666665,
    "y": 45.842222222222226
}