{
    "id": "Cm0789",
    "x": 28.915555555555553,
    "y": 46.57833333333333
}