{
    "id": "Cn0514",
    "x": 28.31361111111111,
    "y": 46.200833333333335
}