{
    "id": "G5600",
    "x": 28.81277777777778,
    "y": 46.376111111111115
}