{
    "id": "Lv1446",
    "x": 28.24416666666667,
    "y": 46.52861111111111
}