{
    "id": 1412,
    "x": 28.178333333333335,
    "y": 45.89611111111111
}