{
    "id": "Cm1613",
    "x": 28.76388888888889,
    "y": 46.530833333333334
}