{
    "id": "Cm0034",
    "x": 28.708333333333332,
    "y": 46.697222222222216
}