{
    "id": "Cn0570",
    "x": 28.208055555555553,
    "y": 46.31361111111111
}