{
    "id": "Lv0941",
    "x": 28.430555555555557,
    "y": 46.42638888888889
}