{
    "id": "G0067",
    "x": 28.663888888888888,
    "y": 46.011944444444445
}