{
    "id": "G0086",
    "x": 28.65083333333333,
    "y": 46.016666666666666
}