{
    "id": "Cn0589",
    "x": 28.21944444444444,
    "y": 46.370555555555555
}