{
    "id": "G5390",
    "x": 28.681944444444447,
    "y": 46.10194444444445
}