{
    "id": "Cn0997",
    "x": 28.516944444444444,
    "y": 46.27055555555555
}