{
    "id": "Cn0310",
    "x": 28.177222222222223,
    "y": 46.13444444444444
}