{
    "id": "Cm0568",
    "x": 28.929166666666667,
    "y": 46.58972222222222
}