{
    "id": "G0977",
    "x": 28.65361111111111,
    "y": 46.17444444444444
}