{
    "id": "T0160",
    "x": 28.580555555555556,
    "y": 45.73638888888889
}