{
    "id": "Lv0995",
    "x": 28.456666666666667,
    "y": 46.433055555555555
}