{
    "id": "G5175",
    "x": 28.76527777777778,
    "y": 46.17194444444444
}