{
    "id": 1303,
    "x": 28.323055555555555,
    "y": 45.82138888888889
}