{
    "id": 1569,
    "x": 28.405277777777776,
    "y": 46.58388888888889
}