{
    "id": "Cm0803",
    "x": 28.919722222222223,
    "y": 46.60777777777778
}