{
    "id": "Cn0300",
    "x": 28.18305555555556,
    "y": 46.129444444444445
}