{
    "id": "Lv0890",
    "x": 28.34861111111111,
    "y": 46.45888888888889
}