{
    "id": "B0334",
    "x": 28.979999999999997,
    "y": 46.32527777777778
}