{
    "id": 539,
    "x": 28.671944444444446,
    "y": 45.90833333333333
}