{
    "id": "G1452",
    "x": 28.56277777777778,
    "y": 46.32416666666667
}