{
    "id": "Cn0053",
    "x": 28.22833333333333,
    "y": 46.26583333333333
}