{
    "id": "Cm0128",
    "x": 28.72694444444444,
    "y": 46.61555555555556
}