{
    "id": "G0925",
    "x": 28.649166666666666,
    "y": 46.22222222222222
}