{
    "id": "Cn0368",
    "x": 28.335833333333333,
    "y": 46.26222222222222
}