{
    "id": "G0440",
    "x": 28.59722222222222,
    "y": 46.11694444444444
}