{
    "id": 386,
    "x": 28.493055555555557,
    "y": 45.82833333333333
}