{
    "id": "G0709",
    "x": 28.586666666666666,
    "y": 46.093611111111116
}