{
    "id": "Lv1697",
    "x": 28.248055555555556,
    "y": 46.48777777777778
}