{
    "id": 969,
    "x": 28.240277777777777,
    "y": 46.09305555555556
}