{
    "id": "Lv1266",
    "x": 28.516666666666666,
    "y": 46.37138888888889
}