{
    "id": "Cn0198",
    "x": 28.313055555555557,
    "y": 46.30416666666667
}