{
    "id": "G0115",
    "x": 28.65833333333333,
    "y": 46.011944444444445
}