{
    "id": "B0311",
    "x": 28.959166666666665,
    "y": 46.32888888888889
}