{
    "id": 1180,
    "x": 28.355833333333333,
    "y": 45.93083333333333
}