{
    "id": "G1278",
    "x": 28.642222222222223,
    "y": 46.302499999999995
}