{
    "id": "Cn0539",
    "x": 28.325555555555557,
    "y": 46.22416666666667
}