{
    "id": 105,
    "x": 28.58138888888889,
    "y": 45.86361111111111
}