{
    "id": "Cn0842",
    "x": 28.39527777777778,
    "y": 46.32888888888889
}