{
    "id": "G5003",
    "x": 28.94472222222222,
    "y": 46.21555555555556
}