{
    "id": 1496,
    "x": 28.46472222222222,
    "y": 46.56111111111111
}