{
    "id": "G0047",
    "x": 28.670833333333334,
    "y": 46.01444444444444
}