{
    "id": 826,
    "x": 28.240555555555556,
    "y": 45.93833333333333
}