{
    "id": "Cn1163",
    "x": 28.40583333333333,
    "y": 46.14083333333333
}