{
    "id": "G1231",
    "x": 28.646666666666665,
    "y": 46.281666666666666
}