{
    "id": 349,
    "x": 28.73638888888889,
    "y": 46.00277777777778
}