{
    "id": "G0568",
    "x": 28.589166666666664,
    "y": 46.10666666666667
}