{
    "id": "G0581",
    "x": 28.59638888888889,
    "y": 46.10583333333334
}