{
    "id": "Ch0211",
    "x": 28.202777777777776,
    "y": 46.022777777777776
}