{
    "id": "Cm1150",
    "x": 28.746666666666666,
    "y": 46.448055555555555
}