{
    "id": "Lv1196",
    "x": 28.519166666666667,
    "y": 46.37972222222222
}