{
    "id": "Cm0304",
    "x": 28.699722222222224,
    "y": 46.743611111111115
}