{
    "id": 543,
    "x": 28.671666666666667,
    "y": 45.902499999999996
}