{
    "id": "Lv1452",
    "x": 28.24277777777778,
    "y": 46.58444444444444
}