{
    "id": "Lv0820",
    "x": 28.32472222222222,
    "y": 46.57472222222223
}