{
    "id": 790,
    "x": 28.235555555555557,
    "y": 46.03527777777778
}