{
    "id": "G0994",
    "x": 28.646666666666665,
    "y": 46.18138888888889
}