{
    "id": "Lv0654",
    "x": 28.33277777777778,
    "y": 46.58222222222223
}