{
    "id": "Cn0080",
    "x": 28.227777777777778,
    "y": 46.26694444444444
}