{
    "id": "Cm1451",
    "x": 28.822777777777777,
    "y": 46.47666666666667
}