{
    "id": "G0133",
    "x": 28.65083333333333,
    "y": 46.01166666666666
}