{
    "id": "Cm0968",
    "x": 28.614722222222223,
    "y": 46.53361111111111
}