{
    "id": "G1213",
    "x": 28.624166666666667,
    "y": 46.41611111111111
}