{
    "id": "Cm0349",
    "x": 28.65222222222222,
    "y": 46.67055555555555
}