{
    "id": "G5315",
    "x": 28.766666666666666,
    "y": 46.10166666666667
}