{
    "id": "Lv0770",
    "x": 28.31638888888889,
    "y": 46.56388888888888
}