{
    "id": "G5826",
    "x": 28.426944444444445,
    "y": 45.54055555555556
}