{
    "id": "G5603",
    "x": 28.81416666666667,
    "y": 46.37111111111111
}