{
    "id": "Ch0572",
    "x": 28.334166666666665,
    "y": 45.98583333333333
}