{
    "id": "Cm1409",
    "x": 29.00583333333333,
    "y": 46.57611111111112
}