{
    "id": "Cn0498",
    "x": 28.313055555555557,
    "y": 46.20138888888889
}