{
    "id": "Lv0390",
    "x": 28.45777777777778,
    "y": 46.66027777777778
}