{
    "id": "G5608",
    "x": 28.811944444444446,
    "y": 46.37444444444444
}