{
    "id": "Cm0086",
    "x": 28.695833333333333,
    "y": 46.696666666666665
}