{
    "id": "G5107",
    "x": 28.83138888888889,
    "y": 46.25805555555556
}