{
    "id": 1600,
    "x": 28.504444444444445,
    "y": 46.63138888888889
}