{
    "id": "Cm1371",
    "x": 28.991111111111113,
    "y": 46.57138888888889
}