{
    "id": "Lv0387",
    "x": 28.459722222222222,
    "y": 46.66361111111111
}