{
    "id": "Lv0637",
    "x": 28.35888888888889,
    "y": 46.51138888888889
}