{
    "id": "Cm0045",
    "x": 28.708055555555553,
    "y": 46.689166666666665
}