{
    "id": 403,
    "x": 28.460277777777776,
    "y": 45.849722222222226
}