{
    "id": "T0515",
    "x": 28.924722222222222,
    "y": 46.021388888888886
}