{
    "id": 1469,
    "x": 28.466944444444444,
    "y": 46.58361111111111
}