{
    "id": "G5124",
    "x": 28.841666666666665,
    "y": 46.255833333333335
}