{
    "id": "Cm0538",
    "x": 28.784722222222225,
    "y": 46.728611111111114
}