{
    "id": "G1132",
    "x": 28.609722222222224,
    "y": 46.42527777777777
}