{
    "id": 553,
    "x": 28.648611111111112,
    "y": 45.92472222222222
}