{
    "id": "G0444",
    "x": 28.598888888888887,
    "y": 46.11472222222223
}