{
    "id": "Lv1025",
    "x": 28.41916666666667,
    "y": 46.41611111111111
}