{
    "id": "Ch0027",
    "x": 28.199444444444445,
    "y": 45.955555555555556
}