{
    "id": "B0021",
    "x": 28.86861111111111,
    "y": 46.463055555555556
}