{
    "id": "G5221",
    "x": 28.871111111111112,
    "y": 46.17944444444444
}