{
    "id": "Cm0578",
    "x": 28.919722222222223,
    "y": 46.58888888888889
}