{
    "id": "G5647",
    "x": 28.697222222222223,
    "y": 45.86055555555556
}