{
    "id": "G1653",
    "x": 28.839166666666664,
    "y": 46.04861111111111
}