{
    "id": "G0538",
    "x": 28.59583333333333,
    "y": 46.10777777777778
}