{
    "id": "Lv0098",
    "x": 28.395833333333332,
    "y": 46.605555555555554
}