{
    "id": "G0804",
    "x": 28.640277777777776,
    "y": 46.22166666666667
}