{
    "id": "Cm0393",
    "x": 28.684444444444445,
    "y": 46.651666666666664
}