{
    "id": 447,
    "x": 28.972777777777775,
    "y": 46.159444444444446
}