{
    "id": "G5523",
    "x": 28.670833333333334,
    "y": 46.08166666666667
}