{
    "id": "Cm1609",
    "x": 28.779166666666665,
    "y": 46.52472222222222
}