{
    "id": "G0096",
    "x": 28.65861111111111,
    "y": 46.01444444444444
}