{
    "id": "Cn1175",
    "x": 28.251666666666665,
    "y": 46.151666666666664
}