{
    "id": "G5213",
    "x": 28.87777777777778,
    "y": 46.178888888888885
}