{
    "id": 594,
    "x": 28.196944444444444,
    "y": 45.94555555555555
}