{
    "id": "Cm0882",
    "x": 28.908055555555553,
    "y": 46.61055555555556
}