{
    "id": "Lv0451",
    "x": 28.546944444444446,
    "y": 46.57333333333334
}