{
    "id": "Cm1184",
    "x": 28.671111111111113,
    "y": 46.46611111111111
}