{
    "id": 1055,
    "x": 28.401944444444442,
    "y": 45.961111111111116
}