{
    "id": "Lv0886",
    "x": 28.35666666666667,
    "y": 46.459722222222226
}