{
    "id": "Cn0735",
    "x": 28.410555555555554,
    "y": 46.35944444444445
}