{
    "id": "Lv1502",
    "x": 28.26361111111111,
    "y": 46.61805555555556
}