{
    "id": "Cm0201",
    "x": 28.74527777777778,
    "y": 46.72972222222222
}