{
    "id": "Cn0050",
    "x": 28.22722222222222,
    "y": 46.26722222222222
}