{
    "id": "Cn0959",
    "x": 28.50777777777778,
    "y": 46.26555555555556
}