{
    "id": "Cm0894",
    "x": 28.901666666666664,
    "y": 46.61472222222223
}