{
    "id": 171,
    "x": 28.565555555555555,
    "y": 45.778888888888886
}