{
    "id": "Cn1216",
    "x": 28.283611111111114,
    "y": 46.164722222222224
}