{
    "id": "G5560",
    "x": 28.82611111111111,
    "y": 46.35527777777778
}