{
    "id": "Lv0860",
    "x": 28.323888888888888,
    "y": 46.57277777777778
}