{
    "id": "Cn0921",
    "x": 28.373055555555556,
    "y": 46.285555555555554
}