{
    "id": 574,
    "x": 28.191388888888888,
    "y": 45.955555555555556
}