{
    "id": "Cm0980",
    "x": 28.608333333333334,
    "y": 46.544999999999995
}