{
    "id": 576,
    "x": 28.199166666666667,
    "y": 45.95666666666667
}