{
    "id": "G0564",
    "x": 28.584999999999997,
    "y": 46.108333333333334
}