{
    "id": "Cm1156",
    "x": 28.749166666666667,
    "y": 46.44416666666666
}