{
    "id": "G5230",
    "x": 28.845277777777778,
    "y": 46.26111111111111
}