{
    "id": "Cm0525",
    "x": 28.760277777777777,
    "y": 46.736111111111114
}