{
    "id": "Lv1512",
    "x": 28.255555555555556,
    "y": 46.63138888888889
}