{
    "id": "G5534",
    "x": 28.673333333333336,
    "y": 46.09055555555556
}