{
    "id": "Lv1260",
    "x": 28.51388888888889,
    "y": 46.376666666666665
}