{
    "id": 390,
    "x": 28.490555555555556,
    "y": 45.82666666666667
}