{
    "id": "Cm1176",
    "x": 28.67361111111111,
    "y": 46.462500000000006
}