{
    "id": 1494,
    "x": 28.46388888888889,
    "y": 46.56444444444444
}