{
    "id": "B0054",
    "x": 28.873333333333335,
    "y": 46.45861111111111
}