{
    "id": "Ch5012",
    "x": 28.182222222222222,
    "y": 45.716944444444444
}