{
    "id": "Lv0187",
    "x": 28.522777777777776,
    "y": 46.650277777777774
}