{
    "id": 1688,
    "x": 28.467777777777776,
    "y": 46.613055555555555
}