{
    "id": "G1432",
    "x": 28.561944444444446,
    "y": 46.33027777777778
}