{
    "id": "B0094",
    "x": 28.927500000000002,
    "y": 46.36416666666667
}