{
    "id": "Lv1439",
    "x": 28.241666666666667,
    "y": 46.529444444444444
}