{
    "id": "G1743",
    "x": 28.841388888888886,
    "y": 46.066111111111105
}