{
    "id": "Ch0565",
    "x": 28.378055555555555,
    "y": 46.032777777777774
}