{
    "id": 617,
    "x": 28.221666666666664,
    "y": 45.98861111111111
}