{
    "id": "G0864",
    "x": 28.64472222222222,
    "y": 46.22166666666667
}