{
    "id": "Lv1098",
    "x": 28.483611111111113,
    "y": 46.458333333333336
}