{
    "id": "Cm0816",
    "x": 28.91777777777778,
    "y": 46.614444444444445
}