{
    "id": "G0426",
    "x": 28.593888888888888,
    "y": 46.12138888888889
}