{
    "id": 1801,
    "x": 28.466944444444444,
    "y": 46.663333333333334
}