{
    "id": "Cm0165",
    "x": 28.74888888888889,
    "y": 46.58722222222222
}