{
    "id": "Cm0264",
    "x": 28.748611111111114,
    "y": 46.611111111111114
}