{
    "id": 1585,
    "x": 28.485555555555557,
    "y": 46.635555555555555
}