{
    "id": 1649,
    "x": 28.548333333333336,
    "y": 46.617222222222225
}