{
    "id": 894,
    "x": 28.33111111111111,
    "y": 46.11472222222223
}