{
    "id": "Cm1278",
    "x": 28.884444444444444,
    "y": 46.675555555555555
}