{
    "id": 1694,
    "x": 28.46972222222222,
    "y": 46.611666666666665
}