{
    "id": "Cm0212",
    "x": 28.761666666666667,
    "y": 46.603611111111114
}