{
    "id": "G0578",
    "x": 28.599444444444444,
    "y": 46.10472222222222
}