{
    "id": "Lv0815",
    "x": 28.320833333333333,
    "y": 46.57611111111112
}