{
    "id": "Cn0142",
    "x": 28.27111111111111,
    "y": 46.31777777777778
}