{
    "id": "Lv0885",
    "x": 28.35611111111111,
    "y": 46.45944444444445
}