{
    "id": "G5733",
    "x": 28.68861111111111,
    "y": 45.85111111111111
}