{
    "id": "Lv0487",
    "x": 28.513333333333332,
    "y": 46.56361111111111
}