{
    "id": "G1301",
    "x": 28.643333333333334,
    "y": 46.30472222222222
}