{
    "id": "Cn1041",
    "x": 28.399444444444445,
    "y": 46.13333333333333
}