{
    "id": "G1000",
    "x": 28.642222222222223,
    "y": 46.176944444444445
}