{
    "id": 544,
    "x": 28.678333333333335,
    "y": 45.905277777777776
}