{
    "id": "Cn0588",
    "x": 28.216666666666665,
    "y": 46.36027777777778
}