{
    "id": 1607,
    "x": 28.516666666666666,
    "y": 46.652499999999996
}