{
    "id": 520,
    "x": 28.925555555555558,
    "y": 46.021388888888886
}