{
    "id": "Cm0622",
    "x": 28.922777777777778,
    "y": 46.54416666666666
}