{
    "id": "G5411",
    "x": 28.672222222222224,
    "y": 46.10388888888889
}