{
    "id": "G5462",
    "x": 28.66916666666667,
    "y": 46.09722222222222
}