{
    "id": "G0073",
    "x": 28.662777777777777,
    "y": 46.019999999999996
}