{
    "id": 350,
    "x": 28.73638888888889,
    "y": 46.01694444444444
}