{
    "id": "G0269",
    "x": 28.571944444444444,
    "y": 46.013333333333335
}