{
    "id": "G0111",
    "x": 28.66111111111111,
    "y": 46.011944444444445
}