{
    "id": "Ch0800",
    "x": 28.444444444444446,
    "y": 45.58555555555556
}