{
    "id": "Cm0928",
    "x": 28.621111111111112,
    "y": 46.58111111111111
}