{
    "id": "G5364",
    "x": 28.68638888888889,
    "y": 46.10055555555556
}