{
    "id": 1593,
    "x": 28.501944444444444,
    "y": 46.634166666666665
}