{
    "id": "Lv1418",
    "x": 28.253055555555555,
    "y": 46.52583333333333
}