{
    "id": "G5581",
    "x": 28.819166666666668,
    "y": 46.36972222222222
}