{
    "id": 1846,
    "x": 28.529166666666665,
    "y": 46.53111111111111
}