{
    "id": "Lv1207",
    "x": 28.52777777777778,
    "y": 46.36416666666667
}