{
    "id": "G0236",
    "x": 28.66222222222222,
    "y": 45.99944444444444
}