{
    "id": "G1352",
    "x": 28.672777777777778,
    "y": 46.30555555555555
}