{
    "id": "G1644",
    "x": 28.834999999999997,
    "y": 46.04833333333333
}