{
    "id": "Cm1203",
    "x": 28.636388888888888,
    "y": 46.47944444444445
}