{
    "id": "G0323",
    "x": 28.604166666666668,
    "y": 46.10861111111111
}