{
    "id": "T0520",
    "x": 28.923333333333336,
    "y": 46.01305555555555
}