{
    "id": "G0119",
    "x": 28.65611111111111,
    "y": 46.013333333333335
}