{
    "id": "Lv0105",
    "x": 28.39527777777778,
    "y": 46.60111111111111
}