{
    "id": "G1764",
    "x": 28.844444444444445,
    "y": 46.06666666666667
}