{
    "id": "Cm0751",
    "x": 28.915277777777778,
    "y": 46.593333333333334
}