{
    "id": 213,
    "x": 28.56888888888889,
    "y": 45.78361111111111
}