{
    "id": "Cm0890",
    "x": 28.902777777777775,
    "y": 46.61222222222222
}