{
    "id": "T0423",
    "x": 28.621111111111112,
    "y": 45.775277777777774
}