{
    "id": 1392,
    "x": 28.449166666666667,
    "y": 45.61611111111111
}