{
    "id": "Lv1189",
    "x": 28.52111111111111,
    "y": 46.38361111111111
}