{
    "id": "Cm0953",
    "x": 28.613333333333333,
    "y": 46.544999999999995
}