{
    "id": "Ch5113",
    "x": 28.479999999999997,
    "y": 46.083333333333336
}