{
    "id": "Ch5084",
    "x": 28.385833333333334,
    "y": 45.768055555555556
}