{
    "id": "Ch5157",
    "x": 28.49361111111111,
    "y": 46.093611111111116
}