{
    "id": 1391,
    "x": 28.450833333333332,
    "y": 45.61361111111111
}