{
    "id": "Cm0633",
    "x": 28.922222222222224,
    "y": 46.558055555555555
}