{
    "id": 102,
    "x": 28.596666666666664,
    "y": 45.89527777777778
}