{
    "id": "Lv1441",
    "x": 28.240833333333335,
    "y": 46.52861111111111
}