{
    "id": "Cm1452",
    "x": 29.021944444444443,
    "y": 46.520833333333336
}