{
    "id": "T0436",
    "x": 28.969166666666666,
    "y": 46.16777777777777
}