{
    "id": "Cn0707",
    "x": 28.40583333333333,
    "y": 46.35305555555556
}