{
    "id": "G5110",
    "x": 28.836388888888887,
    "y": 46.25888888888889
}