{
    "id": 1058,
    "x": 28.401944444444442,
    "y": 45.963055555555556
}