{
    "id": "B0119",
    "x": 28.952777777777776,
    "y": 46.35055555555556
}