{
    "id": "G1751",
    "x": 28.84583333333333,
    "y": 46.06666666666667
}