{
    "id": "Lv1726",
    "x": 28.247222222222224,
    "y": 46.483333333333334
}