{
    "id": "Cm0983",
    "x": 28.60611111111111,
    "y": 46.54472222222222
}