{
    "id": "Ch0152",
    "x": 28.16888888888889,
    "y": 46.01222222222222
}