{
    "id": "G5452",
    "x": 28.665555555555553,
    "y": 46.102222222222224
}