{
    "id": 1586,
    "x": 28.486666666666668,
    "y": 46.63527777777778
}