{
    "id": "Cm1457",
    "x": 29.02472222222222,
    "y": 46.51583333333333
}