{
    "id": 456,
    "x": 28.971944444444443,
    "y": 46.13583333333333
}