{
    "id": "Ch0458",
    "x": 28.217777777777776,
    "y": 46.06666666666667
}