{
    "id": "Lv1467",
    "x": 28.246666666666666,
    "y": 46.57416666666667
}