{
    "id": "Lv0598",
    "x": 28.35527777777778,
    "y": 46.50861111111111
}