{
    "id": "Cm0359",
    "x": 28.644166666666667,
    "y": 46.67638888888889
}