{
    "id": 393,
    "x": 28.495833333333334,
    "y": 45.82194444444445
}