{
    "id": 717,
    "x": 28.165277777777778,
    "y": 46.007222222222225
}