{
    "id": "Lv1668",
    "x": 28.254166666666666,
    "y": 46.48972222222222
}