{
    "id": "G1183",
    "x": 28.623333333333335,
    "y": 46.42166666666667
}