{
    "id": "Cm0203",
    "x": 28.756944444444443,
    "y": 46.59805555555556
}