{
    "id": "Lv0669",
    "x": 28.324444444444445,
    "y": 46.58416666666667
}