{
    "id": "Lv1703",
    "x": 28.246666666666666,
    "y": 46.488055555555555
}