{
    "id": "Ch0702",
    "x": 28.310000000000002,
    "y": 45.83166666666667
}