{
    "id": "G0648",
    "x": 28.592222222222222,
    "y": 46.10055555555556
}