{
    "id": "Ch5146",
    "x": 28.467499999999998,
    "y": 46.07833333333333
}