{
    "id": "Cm0023",
    "x": 28.705277777777777,
    "y": 46.70388888888889
}