{
    "id": "G0812",
    "x": 28.64388888888889,
    "y": 46.234722222222224
}