{
    "id": "Cm0523",
    "x": 28.744722222222222,
    "y": 46.73277777777778
}