{
    "id": "Cn0527",
    "x": 28.324166666666667,
    "y": 46.21416666666667
}