{
    "id": "Cm0319",
    "x": 28.67527777777778,
    "y": 46.69138888888889
}