{
    "id": 1006,
    "x": 28.228888888888886,
    "y": 46.07805555555556
}