{
    "id": 1089,
    "x": 28.410833333333333,
    "y": 45.99861111111111
}