{
    "id": "Cm0848",
    "x": 28.907777777777778,
    "y": 46.61805555555556
}