{
    "id": "Ch5010",
    "x": 28.171944444444446,
    "y": 45.69277777777778
}