{
    "id": "Lv0796",
    "x": 28.31277777777778,
    "y": 46.573888888888895
}