{
    "id": 151,
    "x": 28.573888888888888,
    "y": 45.80888888888889
}