{
    "id": "G1556",
    "x": 28.81361111111111,
    "y": 46.05777777777777
}