{
    "id": "Lv0147",
    "x": 28.403888888888886,
    "y": 46.58583333333333
}