{
    "id": "G5117",
    "x": 28.839444444444442,
    "y": 46.257777777777775
}