{
    "id": "G0291",
    "x": 28.56861111111111,
    "y": 46.030277777777776
}