{
    "id": "Ch0853",
    "x": 28.20888888888889,
    "y": 45.90972222222222
}