{
    "id": "Lv0539",
    "x": 28.350833333333334,
    "y": 46.52611111111111
}