{
    "id": "Cm1464",
    "x": 29.029166666666665,
    "y": 46.505833333333335
}