{
    "id": "Ch5059",
    "x": 28.17666666666667,
    "y": 45.63666666666666
}