{
    "id": "Lv0110",
    "x": 28.398888888888887,
    "y": 46.59583333333334
}