{
    "id": "Cm1087",
    "x": 28.84111111111111,
    "y": 46.66444444444444
}