{
    "id": "Cm0167",
    "x": 28.749722222222225,
    "y": 46.586111111111116
}