{
    "id": "B0157",
    "x": 28.91916666666667,
    "y": 46.40611111111111
}