{
    "id": 304,
    "x": 28.47694444444444,
    "y": 45.974722222222226
}