{
    "id": "G0608",
    "x": 28.59111111111111,
    "y": 46.092222222222226
}