{
    "id": "G0983",
    "x": 28.654722222222222,
    "y": 46.168055555555554
}