{
    "id": "Lv1378",
    "x": 28.25111111111111,
    "y": 46.40861111111111
}