{
    "id": "G0597",
    "x": 28.594444444444445,
    "y": 46.09777777777778
}