{
    "id": "Cm0955",
    "x": 28.611111111111114,
    "y": 46.54833333333333
}