{
    "id": "Cn0918",
    "x": 28.374444444444446,
    "y": 46.294444444444444
}