{
    "id": "Lv1269",
    "x": 28.51527777777778,
    "y": 46.37138888888889
}