{
    "id": "Ch5121",
    "x": 28.485555555555557,
    "y": 46.08027777777778
}