{
    "id": "G0902",
    "x": 28.653055555555554,
    "y": 46.23916666666667
}