{
    "id": "Cm0090",
    "x": 28.71361111111111,
    "y": 46.68694444444444
}