{
    "id": "Cm1592",
    "x": 28.794444444444448,
    "y": 46.530277777777776
}