{
    "id": "Cm1554",
    "x": 28.808055555555555,
    "y": 46.529444444444444
}