{
    "id": 581,
    "x": 28.202222222222222,
    "y": 45.95805555555556
}