{
    "id": "G0992",
    "x": 28.654444444444444,
    "y": 46.18138888888889
}