{
    "id": "Cn1156",
    "x": 28.406388888888888,
    "y": 46.14388888888889
}