{
    "id": "Cn0524",
    "x": 28.324444444444445,
    "y": 46.20416666666667
}