{
    "id": "Cn0386",
    "x": 28.34361111111111,
    "y": 46.25805555555556
}