{
    "id": "Cm0860",
    "x": 28.910277777777775,
    "y": 46.61083333333333
}