{
    "id": "Cm0064",
    "x": 28.709722222222222,
    "y": 46.67861111111111
}