{
    "id": "Cm0396",
    "x": 28.690833333333334,
    "y": 46.64888888888889
}