{
    "id": "Lv1190",
    "x": 28.519444444444442,
    "y": 46.38361111111111
}