{
    "id": "Cm1129",
    "x": 28.881666666666668,
    "y": 46.67472222222222
}