{
    "id": "Lv0474",
    "x": 28.55527777777778,
    "y": 46.573055555555555
}