{
    "id": "Lv1530",
    "x": 28.26833333333333,
    "y": 46.600833333333334
}