{
    "id": 200,
    "x": 28.568055555555556,
    "y": 45.778055555555554
}