{
    "id": 399,
    "x": 28.472499999999997,
    "y": 45.841944444444444
}