{
    "id": "Cn0956",
    "x": 28.510555555555555,
    "y": 46.26611111111111
}