{
    "id": "G5410",
    "x": 28.672222222222224,
    "y": 46.10527777777778
}