{
    "id": "Cm0496",
    "x": 28.930833333333336,
    "y": 46.56583333333333
}