{
    "id": "Lv0916",
    "x": 28.427222222222223,
    "y": 46.42916666666667
}