{
    "id": "Lv1150",
    "x": 28.528888888888886,
    "y": 46.37027777777778
}