{
    "id": "G1370",
    "x": 28.66472222222222,
    "y": 46.28194444444444
}