{
    "id": "Cm0421",
    "x": 28.686666666666667,
    "y": 46.65277777777778
}