{
    "id": "Cn0213",
    "x": 28.31833333333333,
    "y": 46.300555555555555
}