{
    "id": 646,
    "x": 28.248333333333335,
    "y": 46.00694444444444
}