{
    "id": "G1307",
    "x": 28.648611111111112,
    "y": 46.30472222222222
}