{
    "id": "B0257",
    "x": 28.895833333333332,
    "y": 46.437777777777775
}