{
    "id": "Cm1177",
    "x": 28.674722222222222,
    "y": 46.46805555555556
}