{
    "id": "Cm1137",
    "x": 28.759444444444444,
    "y": 46.44083333333333
}