{
    "id": "Ch0694",
    "x": 28.324444444444445,
    "y": 45.82222222222222
}