{
    "id": "Lv1736",
    "x": 28.250833333333333,
    "y": 46.474722222222226
}