{
    "id": "Cn0453",
    "x": 28.320833333333333,
    "y": 46.355555555555554
}