{
    "id": 1559,
    "x": 28.408055555555553,
    "y": 46.58361111111111
}