{
    "id": "Cm1486",
    "x": 28.802222222222223,
    "y": 46.51111111111111
}