{
    "id": "G1627",
    "x": 28.828055555555554,
    "y": 46.04972222222222
}