{
    "id": "Lv1294",
    "x": 28.323055555555555,
    "y": 46.441111111111105
}