{
    "id": "G1347",
    "x": 28.670555555555556,
    "y": 46.301944444444445
}