{
    "id": "G1706",
    "x": 28.842777777777776,
    "y": 46.05972222222222
}