{
    "id": "G0016",
    "x": 28.666944444444447,
    "y": 45.99333333333333
}