{
    "id": 1121,
    "x": 28.378055555555555,
    "y": 46.03333333333333
}