{
    "id": "Ch5196",
    "x": 28.52027777777778,
    "y": 46.05361111111111
}