{
    "id": "G0838",
    "x": 28.64361111111111,
    "y": 46.23027777777778
}