{
    "id": "Cm0321",
    "x": 28.646666666666665,
    "y": 46.705000000000005
}