{
    "id": 851,
    "x": 28.345555555555553,
    "y": 46.03388888888889
}