{
    "id": "Cn0972",
    "x": 28.50777777777778,
    "y": 46.27916666666667
}