{
    "id": "Cn0061",
    "x": 28.231388888888887,
    "y": 46.264722222222225
}