{
    "id": "Lv1297",
    "x": 28.325833333333332,
    "y": 46.442499999999995
}