{
    "id": "Cn0251",
    "x": 28.16222222222222,
    "y": 46.16694444444444
}