{
    "id": "G5669",
    "x": 28.690833333333334,
    "y": 45.85722222222223
}