{
    "id": "Cm1589",
    "x": 28.795555555555556,
    "y": 46.531666666666666
}