{
    "id": 527,
    "x": 28.66583333333333,
    "y": 45.89416666666666
}