{
    "id": "Cm0810",
    "x": 28.920555555555556,
    "y": 46.60888888888889
}