{
    "id": "Lv1020",
    "x": 28.421944444444446,
    "y": 46.41777777777777
}