{
    "id": "Lv0340",
    "x": 28.401944444444442,
    "y": 46.67611111111111
}