{
    "id": 1102,
    "x": 28.41777777777778,
    "y": 46.04222222222222
}