{
    "id": "Cn0599",
    "x": 28.256944444444443,
    "y": 46.37861111111111
}