{
    "id": "G5780",
    "x": 28.686944444444446,
    "y": 45.841944444444444
}