{
    "id": "Ch5132",
    "x": 28.46388888888889,
    "y": 46.08777777777778
}