{
    "id": 572,
    "x": 28.18888888888889,
    "y": 45.96027777777778
}