{
    "id": "Cm0005",
    "x": 28.68611111111111,
    "y": 46.70916666666667
}