{
    "id": "Lv0899",
    "x": 28.41611111111111,
    "y": 46.41916666666666
}