{
    "id": "G5448",
    "x": 28.665555555555553,
    "y": 46.098333333333336
}