{
    "id": "G5764",
    "x": 28.682222222222222,
    "y": 45.843611111111116
}