{
    "id": "Cn0935",
    "x": 28.43166666666667,
    "y": 46.27194444444444
}