{
    "id": "Cm0385",
    "x": 28.685277777777777,
    "y": 46.652499999999996
}