{
    "id": "G0985",
    "x": 28.65222222222222,
    "y": 46.17583333333333
}