{
    "id": "Cm1441",
    "x": 28.828611111111112,
    "y": 46.47027777777778
}