{
    "id": "Cn0587",
    "x": 28.224444444444444,
    "y": 46.36666666666667
}