{
    "id": "Lv0778",
    "x": 28.327222222222222,
    "y": 46.58277777777778
}