{
    "id": "G5620",
    "x": 28.81222222222222,
    "y": 46.367777777777775
}