{
    "id": "Cm0629",
    "x": 28.923333333333336,
    "y": 46.56027777777778
}