{
    "id": "B0076",
    "x": 28.922222222222224,
    "y": 46.376111111111115
}