{
    "id": "G0908",
    "x": 28.654444444444444,
    "y": 46.23833333333334
}