{
    "id": "G5502",
    "x": 28.668333333333333,
    "y": 46.087500000000006
}