{
    "id": "G5177",
    "x": 28.767777777777777,
    "y": 46.17361111111111
}