{
    "id": "Lv0632",
    "x": 28.358055555555556,
    "y": 46.50888888888889
}