{
    "id": "Lv1518",
    "x": 28.264444444444443,
    "y": 46.614444444444445
}