{
    "id": "Cm0782",
    "x": 28.919722222222223,
    "y": 46.56916666666667
}