{
    "id": 651,
    "x": 28.249166666666667,
    "y": 46.01083333333333
}