{
    "id": "G5044",
    "x": 28.935555555555556,
    "y": 46.19916666666666
}