{
    "id": "G5075",
    "x": 28.83111111111111,
    "y": 46.246944444444445
}