{
    "id": "Lv1104",
    "x": 28.471666666666664,
    "y": 46.44083333333333
}