{
    "id": "G5219",
    "x": 28.872222222222224,
    "y": 46.177499999999995
}