{
    "id": 1652,
    "x": 28.54388888888889,
    "y": 46.61527777777778
}