{
    "id": "G0490",
    "x": 28.583888888888886,
    "y": 46.120555555555555
}