{
    "id": "Lv1708",
    "x": 28.240833333333335,
    "y": 46.48888888888889
}