{
    "id": "Lv1485",
    "x": 28.25027777777778,
    "y": 46.57055555555556
}