{
    "id": "Cn0159",
    "x": 28.27861111111111,
    "y": 46.31333333333333
}