{
    "id": "Ch0441",
    "x": 28.225277777777777,
    "y": 46.07361111111111
}