{
    "id": "Cn0458",
    "x": 28.323888888888888,
    "y": 46.34777777777778
}