{
    "id": 416,
    "x": 28.529166666666665,
    "y": 45.907777777777774
}