{
    "id": "G5216",
    "x": 28.86722222222222,
    "y": 46.181666666666665
}