{
    "id": "Cm0718",
    "x": 28.63611111111111,
    "y": 46.705555555555556
}