{
    "id": "Cm0639",
    "x": 28.923333333333336,
    "y": 46.55222222222222
}