{
    "id": "Cm0213",
    "x": 28.76222222222222,
    "y": 46.60444444444445
}