{
    "id": "Lv0486",
    "x": 28.512777777777778,
    "y": 46.56333333333333
}