{
    "id": 1667,
    "x": 28.46222222222222,
    "y": 46.606944444444444
}