{
    "id": 1353,
    "x": 28.445833333333333,
    "y": 45.612500000000004
}