{
    "id": "Lv1426",
    "x": 28.253611111111113,
    "y": 46.528055555555554
}