{
    "id": "G0509",
    "x": 28.590277777777775,
    "y": 46.11277777777778
}