{
    "id": 1352,
    "x": 28.446944444444444,
    "y": 45.61638888888889
}