{
    "id": "G5767",
    "x": 28.680555555555557,
    "y": 45.84138888888889
}