{
    "id": "Cm0369",
    "x": 28.706944444444442,
    "y": 46.64472222222222
}