{
    "id": "Cm0312",
    "x": 28.666666666666668,
    "y": 46.69583333333333
}