{
    "id": "G0820",
    "x": 28.647777777777776,
    "y": 46.23722222222222
}