{
    "id": "Lv1055",
    "x": 28.474444444444444,
    "y": 46.45111111111111
}