{
    "id": "G5479",
    "x": 28.67666666666667,
    "y": 46.10805555555556
}