{
    "id": "Cm0032",
    "x": 28.71611111111111,
    "y": 46.70055555555556
}