{
    "id": "G0420",
    "x": 28.598055555555554,
    "y": 46.121944444444445
}