{
    "id": "G5430",
    "x": 28.669722222222223,
    "y": 46.106944444444444
}