{
    "id": 415,
    "x": 28.51361111111111,
    "y": 45.876111111111115
}