{
    "id": "Lv0996",
    "x": 28.45583333333333,
    "y": 46.43277777777777
}