{
    "id": "T0523",
    "x": 28.66583333333333,
    "y": 45.89416666666666
}