{
    "id": "Cm0422",
    "x": 28.688333333333333,
    "y": 46.651944444444446
}