{
    "id": "Cm0386",
    "x": 28.683888888888887,
    "y": 46.65361111111111
}