{
    "id": "Cn0952",
    "x": 28.511111111111113,
    "y": 46.26083333333333
}