{
    "id": 1613,
    "x": 28.52861111111111,
    "y": 46.64527777777778
}