{
    "id": "Cn1021",
    "x": 28.45583333333333,
    "y": 46.22888888888889
}