{
    "id": 385,
    "x": 28.500833333333333,
    "y": 45.82083333333334
}