{
    "id": "Cm0054",
    "x": 28.70888888888889,
    "y": 46.68083333333333
}