{
    "id": 759,
    "x": 28.174722222222222,
    "y": 46.08888888888889
}