{
    "id": "Cn0830",
    "x": 28.391944444444444,
    "y": 46.32916666666667
}