{
    "id": "Lv1373",
    "x": 28.248333333333335,
    "y": 46.409444444444446
}