{
    "id": "Lv1696",
    "x": 28.247500000000002,
    "y": 46.48916666666667
}