{
    "id": 1072,
    "x": 28.40722222222222,
    "y": 45.96472222222223
}