{
    "id": "Lv1632",
    "x": 28.365000000000002,
    "y": 46.382222222222225
}