{
    "id": "Cm0970",
    "x": 28.613333333333333,
    "y": 46.535555555555554
}