{
    "id": "G0688",
    "x": 28.585555555555555,
    "y": 46.09722222222222
}