{
    "id": "Cn0576",
    "x": 28.20638888888889,
    "y": 46.30888888888889
}