{
    "id": 194,
    "x": 28.56722222222222,
    "y": 45.780833333333334
}