{
    "id": "G0114",
    "x": 28.65861111111111,
    "y": 46.01111111111111
}