{
    "id": "Cm0148",
    "x": 28.747222222222224,
    "y": 46.58555555555556
}