{
    "id": "Lv1412",
    "x": 28.247222222222224,
    "y": 46.526666666666664
}