{
    "id": "Cn0041",
    "x": 28.223611111111108,
    "y": 46.27861111111111
}