{
    "id": "Ch0488",
    "x": 28.244444444444447,
    "y": 46.066944444444445
}