{
    "id": "Ch0462",
    "x": 28.214444444444442,
    "y": 46.06805555555556
}