{
    "id": 1229,
    "x": 28.31361111111111,
    "y": 45.859722222222224
}