{
    "id": "Cn0552",
    "x": 28.31972222222222,
    "y": 46.234722222222224
}