{
    "id": "Cm0986",
    "x": 28.58972222222222,
    "y": 46.59444444444445
}