{
    "id": "G1156",
    "x": 28.61861111111111,
    "y": 46.43583333333333
}