{
    "id": "T0119",
    "x": 28.584722222222222,
    "y": 45.86194444444445
}