{
    "id": "G1332",
    "x": 28.659444444444443,
    "y": 46.284166666666664
}