{
    "id": "Cm0146",
    "x": 28.749166666666667,
    "y": 46.581388888888895
}