{
    "id": "Cn0441",
    "x": 28.31972222222222,
    "y": 46.35166666666667
}