{
    "id": "Ch5116",
    "x": 28.484722222222224,
    "y": 46.081944444444446
}