{
    "id": "G0544",
    "x": 28.590833333333332,
    "y": 46.10944444444445
}