{
    "id": "G1201",
    "x": 28.628888888888888,
    "y": 46.40833333333333
}