{
    "id": "Cm0116",
    "x": 28.759444444444444,
    "y": 46.70194444444445
}