{
    "id": "Lv0680",
    "x": 28.329444444444444,
    "y": 46.580555555555556
}