{
    "id": "Lv0456",
    "x": 28.540277777777778,
    "y": 46.56944444444445
}