{
    "id": 1691,
    "x": 28.467777777777776,
    "y": 46.61138888888889
}