{
    "id": 1020,
    "x": 28.214444444444442,
    "y": 46.066944444444445
}