{
    "id": "Lv0689",
    "x": 28.324166666666667,
    "y": 46.58222222222223
}