{
    "id": "G5017",
    "x": 28.94388888888889,
    "y": 46.21083333333333
}