{
    "id": "Lv1584",
    "x": 28.371944444444445,
    "y": 46.382777777777775
}