{
    "id": "Lv0772",
    "x": 28.314444444444444,
    "y": 46.56333333333333
}