{
    "id": "Lv0826",
    "x": 28.321666666666665,
    "y": 46.574444444444445
}