{
    "id": "G0495",
    "x": 28.594166666666666,
    "y": 46.114444444444445
}