{
    "id": "Lv1624",
    "x": 28.364722222222223,
    "y": 46.38361111111111
}