{
    "id": "G1606",
    "x": 28.81527777777778,
    "y": 46.05555555555555
}