{
    "id": "Lv0329",
    "x": 28.41361111111111,
    "y": 46.66555555555556
}