{
    "id": "Cn0723",
    "x": 28.404166666666665,
    "y": 46.36027777777778
}