{
    "id": "Cn0688",
    "x": 28.488055555555558,
    "y": 46.13027777777778
}