{
    "id": "G0872",
    "x": 28.642222222222223,
    "y": 46.21333333333334
}