{
    "id": "G0557",
    "x": 28.58833333333333,
    "y": 46.10944444444445
}