{
    "id": "G5737",
    "x": 28.68777777777778,
    "y": 45.850833333333334
}