{
    "id": "Lv1436",
    "x": 28.246666666666666,
    "y": 46.52861111111111
}