{
    "id": "Cm1396",
    "x": 29.00138888888889,
    "y": 46.58277777777778
}