{
    "id": "Cn0861",
    "x": 28.413888888888888,
    "y": 46.361666666666665
}