{
    "id": "Lv0137",
    "x": 28.409444444444443,
    "y": 46.58222222222223
}