{
    "id": "G5580",
    "x": 28.81861111111111,
    "y": 46.37083333333334
}