{
    "id": 917,
    "x": 28.325833333333332,
    "y": 46.11277777777778
}