{
    "id": "Cm0303",
    "x": 28.69611111111111,
    "y": 46.74805555555556
}