{
    "id": "Lv1704",
    "x": 28.24416666666667,
    "y": 46.49277777777778
}