{
    "id": "Lv0537",
    "x": 28.352500000000003,
    "y": 46.526666666666664
}