{
    "id": "Lv1457",
    "x": 28.243055555555557,
    "y": 46.57833333333333
}