{
    "id": "Lv0658",
    "x": 28.33722222222222,
    "y": 46.58555555555556
}