{
    "id": "Cn0040",
    "x": 28.224999999999998,
    "y": 46.28055555555555
}