{
    "id": "Cm0541",
    "x": 28.761666666666667,
    "y": 46.70305555555556
}