{
    "id": 1082,
    "x": 28.415555555555553,
    "y": 46.000277777777775
}