{
    "id": "Cn0672",
    "x": 28.48222222222222,
    "y": 46.13527777777778
}