{
    "id": "Cm0874",
    "x": 28.902777777777775,
    "y": 46.62166666666667
}