{
    "id": 1140,
    "x": 28.325277777777778,
    "y": 45.99166666666667
}