{
    "id": "Lv1152",
    "x": 28.52861111111111,
    "y": 46.373333333333335
}