{
    "id": "Cn0488",
    "x": 28.334999999999997,
    "y": 46.36333333333334
}