{
    "id": 1023,
    "x": 28.212777777777777,
    "y": 46.06638888888889
}