{
    "id": "Cn1087",
    "x": 28.363611111111112,
    "y": 46.12277777777778
}