{
    "id": "Cn0541",
    "x": 28.324444444444445,
    "y": 46.22694444444445
}