{
    "id": "Cm1465",
    "x": 29.033055555555556,
    "y": 46.50416666666667
}