{
    "id": "Cn0708",
    "x": 28.40694444444444,
    "y": 46.352222222222224
}