{
    "id": "Cn0569",
    "x": 28.214444444444442,
    "y": 46.32472222222223
}