{
    "id": 703,
    "x": 28.170833333333334,
    "y": 46.00805555555556
}