{
    "id": "Lv0063",
    "x": 28.46361111111111,
    "y": 46.56916666666667
}