{
    "id": "G0093",
    "x": 28.65583333333333,
    "y": 46.015277777777776
}