{
    "id": 1808,
    "x": 28.459722222222222,
    "y": 46.66722222222222
}