{
    "id": "Lv0341",
    "x": 28.40361111111111,
    "y": 46.67444444444444
}