{
    "id": "G1191",
    "x": 28.630277777777778,
    "y": 46.419444444444444
}