{
    "id": "Lv1410",
    "x": 28.245555555555555,
    "y": 46.52583333333333
}