{
    "id": "Ch0342",
    "x": 28.32777777777778,
    "y": 46.11611111111111
}