{
    "id": "Cn0787",
    "x": 28.402777777777775,
    "y": 46.32083333333334
}