{
    "id": "Cm1187",
    "x": 28.67777777777778,
    "y": 46.45861111111111
}