{
    "id": 552,
    "x": 28.645833333333332,
    "y": 45.895833333333336
}