{
    "id": "G5551",
    "x": 28.823888888888888,
    "y": 46.36833333333333
}