{
    "id": 331,
    "x": 28.56833333333333,
    "y": 45.976111111111116
}