{
    "id": "Cn1090",
    "x": 28.35611111111111,
    "y": 46.125277777777775
}