{
    "id": "Lv1635",
    "x": 28.35611111111111,
    "y": 46.37138888888889
}