{
    "id": "G5683",
    "x": 28.699722222222224,
    "y": 45.852222222222224
}