{
    "id": "G1687",
    "x": 28.836666666666666,
    "y": 46.05166666666666
}