{
    "id": "Ch5128",
    "x": 28.46972222222222,
    "y": 46.08444444444444
}