{
    "id": "G1239",
    "x": 28.641111111111112,
    "y": 46.284166666666664
}