{
    "id": "Ch5109",
    "x": 28.373055555555556,
    "y": 45.75694444444444
}