{
    "id": "Lv0278",
    "x": 28.41611111111111,
    "y": 46.61527777777778
}