{
    "id": "Cn0810",
    "x": 28.404166666666665,
    "y": 46.330000000000005
}