{
    "id": 1235,
    "x": 28.31527777777778,
    "y": 45.85138888888889
}