{
    "id": "Cm0028",
    "x": 28.705277777777777,
    "y": 46.70861111111111
}