{
    "id": "Ch5171",
    "x": 28.493055555555557,
    "y": 46.09666666666667
}