{
    "id": "G0865",
    "x": 28.644166666666667,
    "y": 46.22083333333334
}