{
    "id": "Cm0868",
    "x": 28.905277777777776,
    "y": 46.618611111111115
}