{
    "id": "G0393",
    "x": 28.601944444444445,
    "y": 46.11833333333333
}