{
    "id": "Cn1012",
    "x": 28.460277777777776,
    "y": 46.22361111111111
}