{
    "id": "Cm0233",
    "x": 28.760555555555555,
    "y": 46.61611111111111
}