{
    "id": "G5591",
    "x": 28.81888888888889,
    "y": 46.363055555555555
}