{
    "id": "G5066",
    "x": 28.836666666666666,
    "y": 46.250277777777775
}