{
    "id": "B0239",
    "x": 28.953611111111112,
    "y": 46.490833333333335
}