{
    "id": "Lv1723",
    "x": 28.24361111111111,
    "y": 46.48361111111111
}