{
    "id": "Cn0436",
    "x": 28.325555555555557,
    "y": 46.35416666666667
}