{
    "id": 1434,
    "x": 28.468055555555555,
    "y": 46.58722222222222
}