{
    "id": "Ch0365",
    "x": 28.305555555555557,
    "y": 46.14111111111111
}