{
    "id": 9,
    "x": 28.576944444444443,
    "y": 45.93222222222222
}