{
    "id": "Lv1163",
    "x": 28.52611111111111,
    "y": 46.37027777777778
}