{
    "id": "Cn0511",
    "x": 28.310833333333335,
    "y": 46.19888888888889
}