{
    "id": "Cm1146",
    "x": 28.748333333333335,
    "y": 46.43527777777778
}