{
    "id": "G5051",
    "x": 28.83972222222222,
    "y": 46.24888888888889
}