{
    "id": "B0273",
    "x": 28.781388888888888,
    "y": 46.31222222222222
}