{
    "id": "G5854",
    "x": 28.88138888888889,
    "y": 46.12138888888889
}