{
    "id": "Cn0797",
    "x": 28.406388888888888,
    "y": 46.330000000000005
}