{
    "id": "Cm1019",
    "x": 28.756944444444443,
    "y": 46.44222222222222
}