{
    "id": "B0062",
    "x": 28.878888888888888,
    "y": 46.45416666666667
}