{
    "id": "Cn1146",
    "x": 28.282777777777778,
    "y": 46.176944444444445
}