{
    "id": 1110,
    "x": 28.40361111111111,
    "y": 46.05583333333333
}