{
    "id": "Lv0611",
    "x": 28.360277777777778,
    "y": 46.51638888888889
}