{
    "id": "G0229",
    "x": 28.662499999999998,
    "y": 45.99611111111111
}