{
    "id": "Lv1009",
    "x": 28.444444444444446,
    "y": 46.431666666666665
}