{
    "id": "Lv0244",
    "x": 28.46527777777778,
    "y": 46.60611111111111
}