{
    "id": "Cn0677",
    "x": 28.481388888888887,
    "y": 46.13361111111111
}