{
    "id": "Cm1102",
    "x": 28.83888888888889,
    "y": 46.66027777777778
}