{
    "id": "Cm1626",
    "x": 28.753611111111113,
    "y": 46.526666666666664
}