{
    "id": "Cm1317",
    "x": 28.813055555555557,
    "y": 46.689166666666665
}