{
    "id": "G1704",
    "x": 28.849166666666665,
    "y": 46.06194444444444
}