{
    "id": "Ch0383",
    "x": 28.271666666666665,
    "y": 46.09388888888889
}