{
    "id": "G1258",
    "x": 28.63611111111111,
    "y": 46.29527777777778
}