{
    "id": 91,
    "x": 28.591388888888886,
    "y": 45.90277777777778
}