{
    "id": "Cm1582",
    "x": 28.801111111111112,
    "y": 46.52916666666667
}