{
    "id": "Lv0617",
    "x": 28.35666666666667,
    "y": 46.51694444444444
}