{
    "id": "Cn1205",
    "x": 28.20611111111111,
    "y": 46.11027777777778
}