{
    "id": "G5026",
    "x": 28.948888888888888,
    "y": 46.208333333333336
}