{
    "id": 1150,
    "x": 28.412499999999998,
    "y": 45.92916666666667
}