{
    "id": "G1223",
    "x": 28.603333333333335,
    "y": 46.43527777777778
}