{
    "id": "G1044",
    "x": 28.60666666666667,
    "y": 46.43833333333333
}