{
    "id": "G5015",
    "x": 28.950555555555553,
    "y": 46.214444444444446
}