{
    "id": "Cn0202",
    "x": 28.310000000000002,
    "y": 46.30166666666666
}