{
    "id": "G0844",
    "x": 28.641388888888887,
    "y": 46.22527777777778
}