{
    "id": "Ch5207",
    "x": 28.533333333333335,
    "y": 46.04611111111111
}