{
    "id": "Lv1243",
    "x": 28.511111111111113,
    "y": 46.36833333333333
}