{
    "id": "Cn0565",
    "x": 28.21611111111111,
    "y": 46.330000000000005
}