{
    "id": "B0023",
    "x": 28.869444444444444,
    "y": 46.45916666666667
}