{
    "id": "G5357",
    "x": 28.691666666666666,
    "y": 46.097500000000004
}