{
    "id": "G0391",
    "x": 28.601111111111113,
    "y": 46.11972222222222
}