{
    "id": "Ch0771",
    "x": 28.361111111111114,
    "y": 45.796388888888885
}