{
    "id": "B0109",
    "x": 28.931944444444447,
    "y": 46.36694444444444
}