{
    "id": "B0009",
    "x": 28.866111111111113,
    "y": 46.45416666666667
}