{
    "id": "G1294",
    "x": 28.63861111111111,
    "y": 46.30472222222222
}