{
    "id": "Cm0223",
    "x": 28.763055555555557,
    "y": 46.613055555555555
}