{
    "id": "Cn1000",
    "x": 28.525277777777777,
    "y": 46.271388888888886
}