{
    "id": "Cm0066",
    "x": 28.711388888888887,
    "y": 46.67527777777777
}