{
    "id": "Lv1200",
    "x": 28.519444444444442,
    "y": 46.37833333333333
}