{
    "id": "Lv0974",
    "x": 28.446666666666665,
    "y": 46.43416666666666
}