{
    "id": "Cn1149",
    "x": 28.28777777777778,
    "y": 46.17722222222222
}