{
    "id": 1014,
    "x": 28.22222222222222,
    "y": 46.06888888888889
}