{
    "id": "Cn1145",
    "x": 28.283611111111114,
    "y": 46.180277777777775
}