{
    "id": "G5443",
    "x": 28.66361111111111,
    "y": 46.10388888888889
}