{
    "id": "Cm0484",
    "x": 28.934722222222224,
    "y": 46.53972222222222
}