{
    "id": 697,
    "x": 28.177222222222223,
    "y": 46.01083333333333
}