{
    "id": "Cm0114",
    "x": 28.75888888888889,
    "y": 46.70194444444445
}