{
    "id": "Lv1667",
    "x": 28.254166666666666,
    "y": 46.489444444444445
}