{
    "id": "Cm1134",
    "x": 28.763333333333332,
    "y": 46.442499999999995
}