{
    "id": "G0260",
    "x": 28.57111111111111,
    "y": 46.01111111111111
}