{
    "id": "Lv0930",
    "x": 28.423055555555557,
    "y": 46.42333333333333
}