{
    "id": "G5661",
    "x": 28.690555555555555,
    "y": 45.85861111111111
}