{
    "id": "G1317",
    "x": 28.65583333333333,
    "y": 46.31333333333333
}