{
    "id": "Cn1154",
    "x": 28.40583333333333,
    "y": 46.14666666666667
}