{
    "id": "G5149",
    "x": 28.760555555555555,
    "y": 46.191111111111105
}