{
    "id": "G0314",
    "x": 28.599166666666665,
    "y": 46.100833333333334
}