{
    "id": "Lv1514",
    "x": 28.25638888888889,
    "y": 46.630833333333335
}