{
    "id": "Cm1587",
    "x": 28.796666666666667,
    "y": 46.52833333333333
}