{
    "id": "G0602",
    "x": 28.592777777777776,
    "y": 46.09527777777778
}