{
    "id": 1372,
    "x": 28.449166666666667,
    "y": 45.598333333333336
}