{
    "id": "Cn0210",
    "x": 28.321666666666665,
    "y": 46.30333333333333
}