{
    "id": "Cm0501",
    "x": 28.802777777777777,
    "y": 46.61472222222223
}