{
    "id": "Cm0158",
    "x": 28.745833333333334,
    "y": 46.584722222222226
}