{
    "id": "Cn0702",
    "x": 28.40222222222222,
    "y": 46.35638888888889
}