{
    "id": "G1470",
    "x": 28.51388888888889,
    "y": 46.16777777777777
}