{
    "id": "G1269",
    "x": 28.648055555555555,
    "y": 46.29333333333333
}