{
    "id": "Ch0568",
    "x": 28.375555555555557,
    "y": 46.03583333333333
}