{
    "id": "Cm1373",
    "x": 29.01722222222222,
    "y": 46.56083333333333
}