{
    "id": "Cm0745",
    "x": 28.61388888888889,
    "y": 46.605555555555554
}