{
    "id": "G5030",
    "x": 28.940277777777776,
    "y": 46.20472222222222
}