{
    "id": "G0939",
    "x": 28.648611111111112,
    "y": 46.223888888888894
}