{
    "id": "Cn0536",
    "x": 28.323333333333334,
    "y": 46.22416666666667
}