{
    "id": "Cn1029",
    "x": 28.41611111111111,
    "y": 46.225833333333334
}