{
    "id": "Cm1060",
    "x": 28.871666666666666,
    "y": 46.63055555555555
}