{
    "id": "B0324",
    "x": 28.981666666666666,
    "y": 46.336111111111116
}