{
    "id": "Lv1005",
    "x": 28.44527777777778,
    "y": 46.43222222222222
}