{
    "id": "Lv1043",
    "x": 28.402777777777775,
    "y": 46.49027777777778
}