{
    "id": "Lv0755",
    "x": 28.32638888888889,
    "y": 46.57166666666667
}