{
    "id": "Lv1164",
    "x": 28.521944444444443,
    "y": 46.36972222222222
}