{
    "id": "Lv0901",
    "x": 28.41722222222222,
    "y": 46.419444444444444
}