{
    "id": "Cm0403",
    "x": 28.676111111111112,
    "y": 46.653055555555554
}