{
    "id": "Lv1678",
    "x": 28.251666666666665,
    "y": 46.49138888888889
}