{
    "id": "Ch0379",
    "x": 28.27472222222222,
    "y": 46.09305555555556
}