{
    "id": "Cn0712",
    "x": 28.41222222222222,
    "y": 46.348333333333336
}