{
    "id": "G1186",
    "x": 28.625555555555557,
    "y": 46.41638888888889
}