{
    "id": 1780,
    "x": 28.45777777777778,
    "y": 46.66833333333333
}