{
    "id": "Lv1032",
    "x": 28.435277777777777,
    "y": 46.420833333333334
}