{
    "id": 274,
    "x": 28.47138888888889,
    "y": 46.00111111111111
}