{
    "id": 1695,
    "x": 28.455555555555556,
    "y": 46.60805555555556
}