{
    "id": "G0053",
    "x": 28.674444444444447,
    "y": 46.018055555555556
}