{
    "id": "Ch0263",
    "x": 28.244444444444447,
    "y": 45.943888888888885
}