{
    "id": 1591,
    "x": 28.50111111111111,
    "y": 46.63472222222222
}