{
    "id": "Cm0739",
    "x": 28.614444444444445,
    "y": 46.59916666666667
}