{
    "id": "Lv0175",
    "x": 28.503888888888888,
    "y": 46.632222222222225
}