{
    "id": "Lv1279",
    "x": 28.51722222222222,
    "y": 46.37083333333334
}