{
    "id": 850,
    "x": 28.34722222222222,
    "y": 46.026944444444446
}