{
    "id": "G5548",
    "x": 28.821666666666665,
    "y": 46.37305555555555
}