{
    "id": "Cm0683",
    "x": 28.701666666666664,
    "y": 46.64055555555556
}