{
    "id": 1187,
    "x": 28.34722222222222,
    "y": 45.95194444444445
}