{
    "id": "Cn0110",
    "x": 28.160277777777775,
    "y": 46.22527777777778
}