{
    "id": "Cm1297",
    "x": 28.851944444444445,
    "y": 46.69277777777778
}