{
    "id": "Cm1550",
    "x": 28.81222222222222,
    "y": 46.526666666666664
}