{
    "id": "Cm0788",
    "x": 28.91583333333333,
    "y": 46.57805555555556
}