{
    "id": "G5690",
    "x": 28.694444444444446,
    "y": 45.85138888888889
}