{
    "id": "Lv0039",
    "x": 28.466666666666665,
    "y": 46.586111111111116
}