{
    "id": "Cm0584",
    "x": 28.916666666666668,
    "y": 46.59138888888889
}