{
    "id": 115,
    "x": 28.58222222222222,
    "y": 45.85472222222222
}