{
    "id": "Cm0478",
    "x": 28.608611111111113,
    "y": 46.54805555555556
}