{
    "id": "G5752",
    "x": 28.684722222222224,
    "y": 45.844722222222224
}