{
    "id": "Cm0959",
    "x": 28.61722222222222,
    "y": 46.536944444444444
}