{
    "id": "Cm0791",
    "x": 28.91361111111111,
    "y": 46.57916666666667
}