{
    "id": "Lv1398",
    "x": 28.255277777777778,
    "y": 46.524166666666666
}