{
    "id": "Cn0603",
    "x": 28.385833333333334,
    "y": 46.19472222222222
}