{
    "id": "Lv1352",
    "x": 28.31138888888889,
    "y": 46.42444444444444
}