{
    "id": "G0472",
    "x": 28.591666666666665,
    "y": 46.114444444444445
}