{
    "id": "Cm0450",
    "x": 28.615555555555556,
    "y": 46.60166666666667
}