{
    "id": "Lv0419",
    "x": 28.53777777777778,
    "y": 46.526944444444446
}