{
    "id": "Cn0218",
    "x": 28.152777777777775,
    "y": 46.24111111111111
}