{
    "id": "Lv1058",
    "x": 28.473611111111108,
    "y": 46.448611111111106
}