{
    "id": "G1348",
    "x": 28.672777777777778,
    "y": 46.302499999999995
}