{
    "id": "G0783",
    "x": 28.650555555555552,
    "y": 46.24027777777778
}