{
    "id": "G0729",
    "x": 28.590277777777775,
    "y": 46.096111111111114
}