{
    "id": "Ch5190",
    "x": 28.510555555555555,
    "y": 46.059999999999995
}