{
    "id": "G5743",
    "x": 28.684722222222224,
    "y": 45.85611111111111
}