{
    "id": "Cm0948",
    "x": 28.62388888888889,
    "y": 46.532222222222224
}