{
    "id": "Cm1339",
    "x": 28.766111111111112,
    "y": 46.669444444444444
}