{
    "id": "Cn0739",
    "x": 28.41861111111111,
    "y": 46.35805555555556
}