{
    "id": "G1574",
    "x": 28.809722222222224,
    "y": 46.052499999999995
}