{
    "id": "Cn0986",
    "x": 28.52472222222222,
    "y": 46.26638888888889
}