{
    "id": "Cn0045",
    "x": 28.220555555555553,
    "y": 46.275555555555556
}