{
    "id": "G0309",
    "x": 28.596666666666664,
    "y": 46.09666666666667
}