{
    "id": "G0387",
    "x": 28.601111111111113,
    "y": 46.12222222222222
}