{
    "id": "B0259",
    "x": 28.89638888888889,
    "y": 46.43527777777778
}