{
    "id": "Cn1238",
    "x": 28.290833333333335,
    "y": 46.18333333333333
}