{
    "id": "Cm0766",
    "x": 28.91888888888889,
    "y": 46.58305555555556
}