{
    "id": "G0742",
    "x": 28.603611111111114,
    "y": 46.10611111111111
}