{
    "id": "G1023",
    "x": 28.520555555555553,
    "y": 46.08083333333334
}