{
    "id": 1209,
    "x": 28.281666666666666,
    "y": 45.876111111111115
}