{
    "id": "G1648",
    "x": 28.836388888888887,
    "y": 46.04722222222222
}