{
    "id": 1013,
    "x": 28.223055555555554,
    "y": 46.06805555555556
}