{
    "id": "Cm0440",
    "x": 28.93277777777778,
    "y": 46.54194444444444
}