{
    "id": "T0010",
    "x": 28.57361111111111,
    "y": 45.93583333333333
}