{
    "id": "G0743",
    "x": 28.60388888888889,
    "y": 46.106944444444444
}