{
    "id": 82,
    "x": 28.594166666666666,
    "y": 45.89861111111111
}