{
    "id": "G0009",
    "x": 28.671111111111113,
    "y": 46.00527777777778
}