{
    "id": "Lv0162",
    "x": 28.485555555555557,
    "y": 46.635555555555555
}