{
    "id": "Cm0042",
    "x": 28.70888888888889,
    "y": 46.691111111111105
}