{
    "id": "Cm1276",
    "x": 28.880833333333335,
    "y": 46.67388888888889
}