{
    "id": "Cn0058",
    "x": 28.231111111111108,
    "y": 46.26861111111111
}