{
    "id": "Cm1577",
    "x": 28.80611111111111,
    "y": 46.52916666666667
}