{
    "id": "Lv1295",
    "x": 28.324166666666667,
    "y": 46.44083333333333
}