{
    "id": "Cm0443",
    "x": 28.934166666666666,
    "y": 46.53805555555555
}