{
    "id": "Cn0593",
    "x": 28.252777777777776,
    "y": 46.382777777777775
}