{
    "id": 554,
    "x": 28.653888888888886,
    "y": 45.88972222222222
}