{
    "id": "Ch5234",
    "x": 28.18277777777778,
    "y": 45.66111111111111
}