{
    "id": 1198,
    "x": 28.35638888888889,
    "y": 45.94277777777778
}