{
    "id": "G5151",
    "x": 28.76361111111111,
    "y": 46.19138888888889
}