{
    "id": 1839,
    "x": 28.531666666666666,
    "y": 46.52861111111111
}