{
    "id": "G5120",
    "x": 28.843055555555555,
    "y": 46.26083333333333
}