{
    "id": "T0004",
    "x": 28.58111111111111,
    "y": 45.93194444444444
}