{
    "id": "T0189",
    "x": 28.56638888888889,
    "y": 45.78444444444444
}