{
    "id": "Cn0714",
    "x": 28.410833333333333,
    "y": 46.34805555555556
}