{
    "id": "Cm0006",
    "x": 28.686944444444446,
    "y": 46.71361111111111
}