{
    "id": "Lv0532",
    "x": 28.371944444444445,
    "y": 46.507777777777775
}