{
    "id": "Cm1331",
    "x": 28.76638888888889,
    "y": 46.67222222222222
}