{
    "id": "Cm0653",
    "x": 28.920833333333334,
    "y": 46.532777777777774
}