{
    "id": "Cm0371",
    "x": 28.704166666666666,
    "y": 46.645833333333336
}