{
    "id": "Cm0049",
    "x": 28.70722222222222,
    "y": 46.686388888888885
}