{
    "id": 944,
    "x": 28.267777777777777,
    "y": 46.093333333333334
}