{
    "id": "Lv1619",
    "x": 28.373333333333335,
    "y": 46.38138888888889
}