{
    "id": "B0204",
    "x": 28.914166666666667,
    "y": 46.419999999999995
}