{
    "id": "G1655",
    "x": 28.835833333333333,
    "y": 46.04833333333333
}