{
    "id": "Cm1283",
    "x": 28.881666666666668,
    "y": 46.676944444444445
}