{
    "id": "Cm0398",
    "x": 28.69472222222222,
    "y": 46.64944444444444
}