{
    "id": "G0478",
    "x": 28.583333333333332,
    "y": 46.11611111111111
}