{
    "id": "G0976",
    "x": 28.651944444444442,
    "y": 46.17222222222222
}