{
    "id": "G5682",
    "x": 28.698611111111113,
    "y": 45.85277777777778
}