{
    "id": "T0053",
    "x": 28.597777777777775,
    "y": 45.901111111111106
}