{
    "id": "G5800",
    "x": 28.69361111111111,
    "y": 45.84027777777778
}