{
    "id": "G0974",
    "x": 28.653055555555554,
    "y": 46.17222222222222
}