{
    "id": "G0945",
    "x": 28.638333333333332,
    "y": 46.15972222222222
}