{
    "id": "Lv0774",
    "x": 28.307222222222222,
    "y": 46.55555555555555
}