{
    "id": "Cm1646",
    "x": 28.761388888888888,
    "y": 46.52388888888889
}