{
    "id": "Lv0735",
    "x": 28.322777777777777,
    "y": 46.568333333333335
}