{
    "id": "Cm0671",
    "x": 28.587777777777777,
    "y": 46.64805555555556
}