{
    "id": "Cm1219",
    "x": 28.643055555555556,
    "y": 46.473333333333336
}