{
    "id": "Cn0069",
    "x": 28.216666666666665,
    "y": 46.26361111111111
}