{
    "id": "Cn0766",
    "x": 28.451666666666664,
    "y": 46.328611111111115
}