{
    "id": "G0987",
    "x": 28.651944444444442,
    "y": 46.17583333333333
}