{
    "id": "Cm0411",
    "x": 28.679166666666667,
    "y": 46.65416666666667
}