{
    "id": "G1384",
    "x": 28.670833333333334,
    "y": 46.28666666666666
}