{
    "id": "Cm1296",
    "x": 28.89638888888889,
    "y": 46.69444444444444
}