{
    "id": "G5830",
    "x": 28.436666666666667,
    "y": 45.53444444444444
}