{
    "id": "Cm1575",
    "x": 28.805833333333332,
    "y": 46.52833333333333
}