{
    "id": "Cn0267",
    "x": 28.16611111111111,
    "y": 46.155833333333334
}