{
    "id": "Cn0732",
    "x": 28.406666666666666,
    "y": 46.35916666666667
}