{
    "id": 258,
    "x": 28.464166666666667,
    "y": 45.92444444444444
}