{
    "id": "Lv0042",
    "x": 28.47138888888889,
    "y": 46.57944444444445
}