{
    "id": 1563,
    "x": 28.410833333333333,
    "y": 46.58083333333334
}