{
    "id": "Cm1299",
    "x": 28.848333333333333,
    "y": 46.69333333333333
}