{
    "id": "G0324",
    "x": 28.604722222222225,
    "y": 46.10944444444445
}