{
    "id": "Lv0288",
    "x": 28.425833333333333,
    "y": 46.653055555555554
}