{
    "id": "G5106",
    "x": 28.83111111111111,
    "y": 46.25972222222222
}