{
    "id": "B0240",
    "x": 28.99416666666667,
    "y": 46.473888888888894
}