{
    "id": "G0772",
    "x": 28.64638888888889,
    "y": 46.230000000000004
}