{
    "id": 1297,
    "x": 28.33277777777778,
    "y": 45.81388888888888
}