{
    "id": 1504,
    "x": 28.466944444444444,
    "y": 46.558055555555555
}