{
    "id": "G0008",
    "x": 28.670833333333334,
    "y": 46.003055555555555
}