{
    "id": "Lv0524",
    "x": 28.388055555555557,
    "y": 46.49055555555556
}