{
    "id": "Ch5103",
    "x": 28.378333333333334,
    "y": 45.75111111111111
}