{
    "id": "Cm1428",
    "x": 28.82138888888889,
    "y": 46.47361111111111
}