{
    "id": 1160,
    "x": 28.403055555555554,
    "y": 45.88916666666667
}