{
    "id": "Cm1093",
    "x": 28.849166666666665,
    "y": 46.665277777777774
}