{
    "id": "G5522",
    "x": 28.669444444444444,
    "y": 46.08083333333334
}