{
    "id": "Cn0931",
    "x": 28.435555555555556,
    "y": 46.26583333333333
}