{
    "id": "G5394",
    "x": 28.675555555555558,
    "y": 46.10666666666667
}