{
    "id": "G0660",
    "x": 28.585555555555555,
    "y": 46.10277777777778
}