{
    "id": "Cm0040",
    "x": 28.70722222222222,
    "y": 46.69138888888889
}