{
    "id": 822,
    "x": 28.242222222222225,
    "y": 45.94138888888889
}