{
    "id": "Cn0125",
    "x": 28.283055555555556,
    "y": 46.33305555555556
}