{
    "id": "Cn1140",
    "x": 28.28388888888889,
    "y": 46.17333333333333
}