{
    "id": 1659,
    "x": 28.525555555555556,
    "y": 46.60277777777778
}