{
    "id": "Cm1108",
    "x": 28.83888888888889,
    "y": 46.65833333333333
}