{
    "id": "T0163",
    "x": 28.578055555555554,
    "y": 45.73444444444444
}