{
    "id": 1152,
    "x": 28.410277777777775,
    "y": 45.92583333333333
}