{
    "id": "Cm1143",
    "x": 28.75138888888889,
    "y": 46.43472222222222
}