{
    "id": "Cm0966",
    "x": 28.616388888888892,
    "y": 46.53138888888889
}