{
    "id": "G5622",
    "x": 28.697222222222223,
    "y": 45.846111111111114
}