{
    "id": "Cm0141",
    "x": 28.72083333333333,
    "y": 46.62861111111111
}