{
    "id": "Cm0463",
    "x": 28.595555555555553,
    "y": 46.57472222222223
}