{
    "id": "Cn0586",
    "x": 28.214166666666667,
    "y": 46.36388888888889
}