{
    "id": "B0231",
    "x": 28.955277777777777,
    "y": 46.478611111111114
}