{
    "id": "Cn0737",
    "x": 28.416944444444447,
    "y": 46.35611111111111
}