{
    "id": "Cm1307",
    "x": 28.809166666666666,
    "y": 46.68722222222222
}