{
    "id": 1269,
    "x": 28.33833333333333,
    "y": 45.81361111111111
}