{
    "id": "G1404",
    "x": 28.568055555555556,
    "y": 46.328611111111115
}