{
    "id": "Lv1411",
    "x": 28.244722222222222,
    "y": 46.52583333333333
}