{
    "id": 42,
    "x": 28.596944444444443,
    "y": 45.901666666666664
}