{
    "id": "G5041",
    "x": 28.93888888888889,
    "y": 46.20388888888889
}