{
    "id": 238,
    "x": 28.481111111111108,
    "y": 45.939166666666665
}