{
    "id": "Cm0423",
    "x": 28.689444444444444,
    "y": 46.65138888888889
}