{
    "id": "G5274",
    "x": 28.764166666666668,
    "y": 46.112500000000004
}