{
    "id": 607,
    "x": 28.22611111111111,
    "y": 45.99055555555556
}