{
    "id": "G0120",
    "x": 28.65611111111111,
    "y": 46.01277777777778
}