{
    "id": "Cm0763",
    "x": 28.91611111111111,
    "y": 46.58388888888889
}