{
    "id": "Cn0772",
    "x": 28.453611111111112,
    "y": 46.32222222222222
}