{
    "id": "Cm0747",
    "x": 28.61777777777778,
    "y": 46.60527777777778
}