{
    "id": "B0335",
    "x": 28.973611111111108,
    "y": 46.33583333333333
}