{
    "id": "Cm1158",
    "x": 28.75111111111111,
    "y": 46.44333333333333
}