{
    "id": "Cn0757",
    "x": 28.440833333333334,
    "y": 46.34055555555556
}