{
    "id": "Cn1204",
    "x": 28.20777777777778,
    "y": 46.11194444444445
}