{
    "id": "Cm0497",
    "x": 28.931944444444447,
    "y": 46.56638888888889
}