{
    "id": "Lv0895",
    "x": 28.422777777777778,
    "y": 46.42055555555555
}