{
    "id": "G1185",
    "x": 28.624444444444446,
    "y": 46.41833333333333
}