{
    "id": "Cm0089",
    "x": 28.710277777777776,
    "y": 46.69916666666666
}