{
    "id": "Cm0655",
    "x": 28.907777777777778,
    "y": 46.56055555555555
}