{
    "id": "B0111",
    "x": 28.930833333333336,
    "y": 46.37111111111111
}