{
    "id": "Cn1109",
    "x": 28.342777777777776,
    "y": 46.16611111111111
}