{
    "id": "Ch0321",
    "x": 28.349444444444444,
    "y": 46.02361111111111
}