{
    "id": "Lv1359",
    "x": 28.255555555555556,
    "y": 46.41555555555556
}