{
    "id": "G0514",
    "x": 28.595277777777778,
    "y": 46.111111111111114
}