{
    "id": "Cn0955",
    "x": 28.510833333333334,
    "y": 46.26555555555556
}