{
    "id": "Cn0631",
    "x": 28.41444444444444,
    "y": 46.22166666666667
}