{
    "id": "G5776",
    "x": 28.686666666666667,
    "y": 45.84527777777778
}