{
    "id": "Ch5065",
    "x": 28.16361111111111,
    "y": 45.583333333333336
}