{
    "id": "Cn0878",
    "x": 28.42527777777778,
    "y": 46.358333333333334
}