{
    "id": "G1664",
    "x": 28.845555555555553,
    "y": 46.051111111111105
}