{
    "id": "Lv0425",
    "x": 28.530833333333334,
    "y": 46.532777777777774
}