{
    "id": "Cm0818",
    "x": 28.914166666666667,
    "y": 46.61527777777778
}