{
    "id": 236,
    "x": 28.481111111111108,
    "y": 45.939722222222215
}