{
    "id": "G5642",
    "x": 28.698888888888888,
    "y": 45.86388888888889
}