{
    "id": "Cm0416",
    "x": 28.671666666666667,
    "y": 46.653055555555554
}