{
    "id": "G0534",
    "x": 28.600555555555555,
    "y": 46.10666666666667
}