{
    "id": "Cm0328",
    "x": 28.633888888888887,
    "y": 46.70527777777778
}