{
    "id": "Cm0911",
    "x": 28.62638888888889,
    "y": 46.56944444444445
}