{
    "id": "G1096",
    "x": 28.597777777777775,
    "y": 46.42666666666666
}