{
    "id": "G0075",
    "x": 28.65861111111111,
    "y": 46.02305555555555
}