{
    "id": "Cn0760",
    "x": 28.447777777777777,
    "y": 46.33583333333333
}