{
    "id": "G5362",
    "x": 28.679722222222225,
    "y": 46.09666666666667
}