{
    "id": "Cm0353",
    "x": 28.648611111111112,
    "y": 46.67361111111111
}