{
    "id": "Cn0016",
    "x": 28.23222222222222,
    "y": 46.282777777777774
}