{
    "id": "G0656",
    "x": 28.589166666666664,
    "y": 46.10166666666667
}