{
    "id": 731,
    "x": 28.16111111111111,
    "y": 46.01222222222222
}