{
    "id": "Cn1236",
    "x": 28.287222222222223,
    "y": 46.18111111111111
}