{
    "id": "Cn0939",
    "x": 28.433611111111112,
    "y": 46.27111111111111
}