{
    "id": "Lv0936",
    "x": 28.427222222222223,
    "y": 46.42361111111111
}