{
    "id": "Ch5164",
    "x": 28.486666666666668,
    "y": 46.10111111111111
}