{
    "id": 1030,
    "x": 28.233611111111113,
    "y": 46.07166666666667
}