{
    "id": "Ch5158",
    "x": 28.490555555555556,
    "y": 46.10111111111111
}