{
    "id": "Cm1564",
    "x": 28.80138888888889,
    "y": 46.534166666666664
}