{
    "id": "B0211",
    "x": 28.954722222222223,
    "y": 46.49777777777778
}