{
    "id": "G5873",
    "x": 28.472777777777775,
    "y": 45.67638888888889
}