{
    "id": 1748,
    "x": 28.416666666666668,
    "y": 46.66111111111111
}