{
    "id": "Lv0623",
    "x": 28.359722222222224,
    "y": 46.510555555555555
}