{
    "id": "Cn1063",
    "x": 28.409166666666664,
    "y": 46.10444444444445
}