{
    "id": "Lv1478",
    "x": 28.245555555555555,
    "y": 46.559999999999995
}