{
    "id": "Cn0665",
    "x": 28.470555555555553,
    "y": 46.15555555555555
}