{
    "id": "G5637",
    "x": 28.691388888888888,
    "y": 45.86138888888889
}