{
    "id": "Cm0508",
    "x": 28.80388888888889,
    "y": 46.619166666666665
}