{
    "id": "G1510",
    "x": 28.443333333333335,
    "y": 45.87583333333333
}