{
    "id": "Cn0929",
    "x": 28.37777777777778,
    "y": 46.29277777777778
}