{
    "id": "Lv0153",
    "x": 28.479999999999997,
    "y": 46.62416666666667
}