{
    "id": "Cn0582",
    "x": 28.221666666666664,
    "y": 46.368611111111115
}