{
    "id": "Lv0589",
    "x": 28.355833333333333,
    "y": 46.51111111111111
}