{
    "id": "Cn1182",
    "x": 28.255277777777778,
    "y": 46.15472222222222
}