{
    "id": "Cm1595",
    "x": 28.774166666666666,
    "y": 46.540277777777774
}