{
    "id": "Cm0795",
    "x": 28.92527777777778,
    "y": 46.58305555555556
}