{
    "id": "Cn1068",
    "x": 28.38861111111111,
    "y": 46.11138888888889
}