{
    "id": 932,
    "x": 28.28111111111111,
    "y": 46.098888888888894
}