{
    "id": "Cn0765",
    "x": 28.451666666666664,
    "y": 46.32944444444445
}