{
    "id": "Ch5105",
    "x": 28.378333333333334,
    "y": 45.74527777777778
}