{
    "id": 528,
    "x": 28.66472222222222,
    "y": 45.89083333333333
}