{
    "id": "B0325",
    "x": 28.961666666666666,
    "y": 46.33916666666667
}