{
    "id": "Cn0444",
    "x": 28.320555555555554,
    "y": 46.35333333333333
}