{
    "id": "G0124",
    "x": 28.653333333333332,
    "y": 46.01083333333333
}