{
    "id": 1451,
    "x": 28.474999999999998,
    "y": 46.580000000000005
}