{
    "id": "Cm0190",
    "x": 28.759722222222223,
    "y": 46.59861111111111
}