{
    "id": "Ch0858",
    "x": 28.197222222222223,
    "y": 45.92055555555555
}