{
    "id": 233,
    "x": 28.477777777777778,
    "y": 45.948611111111106
}