{
    "id": "Cn1166",
    "x": 28.254722222222224,
    "y": 46.152499999999996
}