{
    "id": "Cm0171",
    "x": 28.750555555555554,
    "y": 46.58444444444444
}