{
    "id": "B0322",
    "x": 28.983888888888888,
    "y": 46.33583333333333
}