{
    "id": "G0364",
    "x": 28.605555555555558,
    "y": 46.115833333333335
}