{
    "id": "Lv0535",
    "x": 28.352500000000003,
    "y": 46.526944444444446
}