{
    "id": 1244,
    "x": 28.31972222222222,
    "y": 45.82805555555556
}