{
    "id": "Cn0227",
    "x": 28.159444444444443,
    "y": 46.22027777777778
}