{
    "id": "G1303",
    "x": 28.645555555555553,
    "y": 46.30305555555555
}