{
    "id": "Cm0887",
    "x": 28.90611111111111,
    "y": 46.60916666666667
}