{
    "id": "Cm1071",
    "x": 28.853055555555557,
    "y": 46.65694444444444
}