{
    "id": "G1230",
    "x": 28.644166666666667,
    "y": 46.282222222222224
}