{
    "id": "G5292",
    "x": 28.76222222222222,
    "y": 46.10944444444445
}