{
    "id": "Cm1565",
    "x": 28.801666666666666,
    "y": 46.534166666666664
}