{
    "id": 518,
    "x": 28.924166666666668,
    "y": 46.021388888888886
}