{
    "id": 1835,
    "x": 28.53111111111111,
    "y": 46.52638888888889
}