{
    "id": "Lv0609",
    "x": 28.360000000000003,
    "y": 46.51694444444444
}