{
    "id": 870,
    "x": 28.342499999999998,
    "y": 46.019999999999996
}