{
    "id": "Ch5135",
    "x": 28.46861111111111,
    "y": 46.08444444444444
}