{
    "id": "G5685",
    "x": 28.705555555555556,
    "y": 45.84916666666667
}