{
    "id": "Cn0985",
    "x": 28.523888888888887,
    "y": 46.283055555555556
}