{
    "id": "G5676",
    "x": 28.69638888888889,
    "y": 45.855555555555554
}