{
    "id": "G5472",
    "x": 28.66583333333333,
    "y": 46.10638888888889
}