{
    "id": 571,
    "x": 28.188055555555557,
    "y": 45.962500000000006
}