{
    "id": "Lv1464",
    "x": 28.242222222222225,
    "y": 46.57611111111112
}