{
    "id": "Cm0624",
    "x": 28.919444444444444,
    "y": 46.54722222222222
}