{
    "id": 1660,
    "x": 28.528055555555554,
    "y": 46.60277777777778
}