{
    "id": "Lv1280",
    "x": 28.509166666666665,
    "y": 46.367222222222225
}