{
    "id": "T0131",
    "x": 28.586666666666666,
    "y": 45.86888888888889
}