{
    "id": "Cm0708",
    "x": 28.636944444444445,
    "y": 46.70305555555556
}