{
    "id": "Lv0718",
    "x": 28.330277777777777,
    "y": 46.57416666666667
}