{
    "id": "Lv1634",
    "x": 28.358055555555556,
    "y": 46.373333333333335
}