{
    "id": "Cm0173",
    "x": 28.749166666666667,
    "y": 46.57972222222222
}