{
    "id": "Lv1354",
    "x": 28.258055555555554,
    "y": 46.421388888888885
}