{
    "id": 1697,
    "x": 28.411666666666665,
    "y": 46.617222222222225
}