{
    "id": 1783,
    "x": 28.459166666666665,
    "y": 46.66861111111111
}