{
    "id": "T0120",
    "x": 28.584444444444443,
    "y": 45.86361111111111
}