{
    "id": "Ch0600",
    "x": 28.41444444444444,
    "y": 45.92166666666667
}