{
    "id": "Cm1065",
    "x": 28.84611111111111,
    "y": 46.653055555555554
}