{
    "id": "Cn0995",
    "x": 28.52611111111111,
    "y": 46.27444444444444
}