{
    "id": "G5241",
    "x": 28.846944444444443,
    "y": 46.25555555555555
}