{
    "id": "Cm1537",
    "x": 28.81277777777778,
    "y": 46.52444444444444
}