{
    "id": 1306,
    "x": 28.314722222222223,
    "y": 45.83583333333333
}