{
    "id": "T0320",
    "x": 28.572777777777777,
    "y": 46.00333333333333
}