{
    "id": "G5356",
    "x": 28.686666666666667,
    "y": 46.097500000000004
}