{
    "id": "Ch5008",
    "x": 28.171944444444446,
    "y": 45.671388888888885
}