{
    "id": "G1390",
    "x": 28.65833333333333,
    "y": 46.31527777777777
}