{
    "id": "G1741",
    "x": 28.839166666666664,
    "y": 46.06944444444445
}