{
    "id": 1745,
    "x": 28.433611111111112,
    "y": 46.64833333333333
}