{
    "id": "Cm1351",
    "x": 29.002777777777776,
    "y": 46.56222222222222
}