{
    "id": "Lv0960",
    "x": 28.438333333333333,
    "y": 46.42916666666667
}