{
    "id": "G5122",
    "x": 28.843055555555555,
    "y": 46.25861111111111
}