{
    "id": "G5380",
    "x": 28.676944444444445,
    "y": 46.10777777777778
}