{
    "id": "G5573",
    "x": 28.821666666666665,
    "y": 46.367222222222225
}