{
    "id": "Cn1155",
    "x": 28.40583333333333,
    "y": 46.14972222222222
}