{
    "id": "Cn0475",
    "x": 28.347777777777775,
    "y": 46.361666666666665
}