{
    "id": 454,
    "x": 28.96861111111111,
    "y": 46.140277777777776
}