{
    "id": 962,
    "x": 28.252222222222223,
    "y": 46.09583333333334
}