{
    "id": "G5782",
    "x": 28.689444444444444,
    "y": 45.83916666666667
}