{
    "id": "Lv0483",
    "x": 28.515833333333333,
    "y": 46.56638888888889
}