{
    "id": "Cn0626",
    "x": 28.415555555555553,
    "y": 46.216944444444444
}