{
    "id": "G0635",
    "x": 28.593055555555555,
    "y": 46.102222222222224
}