{
    "id": "Cn0375",
    "x": 28.338055555555556,
    "y": 46.24527777777778
}