{
    "id": "Cn1060",
    "x": 28.408055555555553,
    "y": 46.10888888888889
}