{
    "id": "Cm0555",
    "x": 28.92361111111111,
    "y": 46.58166666666667
}