{
    "id": "Cn1009",
    "x": 28.456944444444442,
    "y": 46.23083333333334
}