{
    "id": 94,
    "x": 28.59111111111111,
    "y": 45.901666666666664
}