{
    "id": "G0799",
    "x": 28.63722222222222,
    "y": 46.218333333333334
}