{
    "id": "Ch0499",
    "x": 28.401944444444442,
    "y": 45.96083333333333
}