{
    "id": "Ch5204",
    "x": 28.531666666666666,
    "y": 46.050555555555555
}