{
    "id": 184,
    "x": 28.530555555555555,
    "y": 45.79722222222222
}