{
    "id": "G5469",
    "x": 28.666944444444447,
    "y": 46.103611111111114
}