{
    "id": "Ch0123",
    "x": 28.244722222222222,
    "y": 46.00333333333333
}