{
    "id": "G1181",
    "x": 28.621944444444445,
    "y": 46.42222222222222
}