{
    "id": "G5275",
    "x": 28.76361111111111,
    "y": 46.112500000000004
}