{
    "id": "Lv0983",
    "x": 28.46527777777778,
    "y": 46.43833333333333
}