{
    "id": "G0909",
    "x": 28.65361111111111,
    "y": 46.236666666666665
}