{
    "id": "G0906",
    "x": 28.654444444444444,
    "y": 46.24333333333333
}