{
    "id": "Lv0959",
    "x": 28.439722222222223,
    "y": 46.43138888888889
}