{
    "id": "Cm0310",
    "x": 28.66888888888889,
    "y": 46.69472222222222
}