{
    "id": "Ch5077",
    "x": 28.384999999999998,
    "y": 45.74638888888889
}