{
    "id": "G1458",
    "x": 28.380833333333335,
    "y": 45.53611111111111
}