{
    "id": "B0064",
    "x": 28.945833333333333,
    "y": 46.34777777777778
}