{
    "id": "Ch0655",
    "x": 28.29888888888889,
    "y": 45.848333333333336
}