{
    "id": "Cn1006",
    "x": 28.514722222222222,
    "y": 46.26916666666666
}