{
    "id": "Cm1230",
    "x": 28.625555555555557,
    "y": 46.48222222222223
}