{
    "id": "Cn1014",
    "x": 28.46222222222222,
    "y": 46.22083333333334
}