{
    "id": "G5115",
    "x": 28.834722222222222,
    "y": 46.255833333333335
}