{
    "id": "T0449",
    "x": 28.966944444444444,
    "y": 46.14666666666667
}