{
    "id": "Cn0674",
    "x": 28.484444444444446,
    "y": 46.132222222222225
}