{
    "id": "Cn0870",
    "x": 28.41638888888889,
    "y": 46.36361111111111
}