{
    "id": "Cn0099",
    "x": 28.15972222222222,
    "y": 46.23583333333333
}