{
    "id": "G0465",
    "x": 28.591388888888886,
    "y": 46.11361111111111
}