{
    "id": 26,
    "x": 28.579722222222223,
    "y": 45.93055555555555
}