{
    "id": "Lv1547",
    "x": 28.26388888888889,
    "y": 46.62222222222222
}