{
    "id": "B0104",
    "x": 28.923333333333336,
    "y": 46.37694444444445
}