{
    "id": "Cm0031",
    "x": 28.71472222222222,
    "y": 46.69833333333333
}