{
    "id": "Lv1461",
    "x": 28.24388888888889,
    "y": 46.57361111111111
}