{
    "id": "Lv1250",
    "x": 28.509722222222223,
    "y": 46.37361111111111
}