{
    "id": "Lv1662",
    "x": 28.260277777777777,
    "y": 46.48722222222222
}