{
    "id": "G1216",
    "x": 28.66361111111111,
    "y": 46.36194444444445
}