{
    "id": "Cn0961",
    "x": 28.50722222222222,
    "y": 46.26972222222222
}