{
    "id": "Cn0625",
    "x": 28.41722222222222,
    "y": 46.217777777777776
}