{
    "id": "Cm1633",
    "x": 28.68722222222222,
    "y": 46.52055555555555
}