{
    "id": "G0607",
    "x": 28.591388888888886,
    "y": 46.093333333333334
}