{
    "id": "Cm0296",
    "x": 28.802777777777777,
    "y": 46.61555555555556
}