{
    "id": "Cm0960",
    "x": 28.623055555555556,
    "y": 46.52833333333333
}