{
    "id": "Cn0186",
    "x": 28.31388888888889,
    "y": 46.30916666666666
}