{
    "id": "G1084",
    "x": 28.629722222222224,
    "y": 46.401666666666664
}