{
    "id": 181,
    "x": 28.529999999999998,
    "y": 45.80472222222222
}