{
    "id": "Lv1618",
    "x": 28.37361111111111,
    "y": 46.380833333333335
}