{
    "id": 1812,
    "x": 28.45888888888889,
    "y": 46.663333333333334
}