{
    "id": "G0559",
    "x": 28.589444444444442,
    "y": 46.10777777777778
}