{
    "id": "G1572",
    "x": 28.80666666666667,
    "y": 46.051944444444445
}