{
    "id": "Lv0782",
    "x": 28.318055555555556,
    "y": 46.57833333333333
}