{
    "id": "G0430",
    "x": 28.58277777777778,
    "y": 46.121944444444445
}