{
    "id": "Cn1093",
    "x": 28.348888888888887,
    "y": 46.13027777777778
}