{
    "id": "Lv1126",
    "x": 28.46638888888889,
    "y": 46.41861111111111
}