{
    "id": "Cn1113",
    "x": 28.344444444444445,
    "y": 46.16361111111111
}