{
    "id": "G0972",
    "x": 28.655555555555555,
    "y": 46.17166666666667
}