{
    "id": 721,
    "x": 28.160277777777775,
    "y": 46.010555555555555
}