{
    "id": "Cm1257",
    "x": 28.835555555555555,
    "y": 46.50083333333333
}