{
    "id": "G5002",
    "x": 28.94361111111111,
    "y": 46.21416666666667
}