{
    "id": "G5721",
    "x": 28.689722222222223,
    "y": 45.87166666666667
}