{
    "id": "B0250",
    "x": 28.890555555555554,
    "y": 46.44333333333333
}