{
    "id": "Cm0996",
    "x": 28.752777777777776,
    "y": 46.44499999999999
}