{
    "id": "Lv0709",
    "x": 28.335277777777776,
    "y": 46.57888888888889
}