{
    "id": "G1150",
    "x": 28.615000000000002,
    "y": 46.426944444444445
}