{
    "id": 1587,
    "x": 28.486666666666668,
    "y": 46.634166666666665
}