{
    "id": "Cn0804",
    "x": 28.404722222222222,
    "y": 46.333333333333336
}