{
    "id": 501,
    "x": 28.924166666666668,
    "y": 46.03111111111111
}