{
    "id": "B0336",
    "x": 28.97472222222222,
    "y": 46.33388888888889
}