{
    "id": "Lv0526",
    "x": 28.381666666666668,
    "y": 46.48861111111111
}