{
    "id": "Lv1639",
    "x": 28.355833333333333,
    "y": 46.373333333333335
}