{
    "id": "Cn0778",
    "x": 28.443333333333335,
    "y": 46.33361111111111
}