{
    "id": "G0161",
    "x": 28.65888888888889,
    "y": 46.00888888888889
}