{
    "id": "B0172",
    "x": 28.912777777777777,
    "y": 46.40861111111111
}