{
    "id": "G5024",
    "x": 28.946666666666665,
    "y": 46.20916666666667
}