{
    "id": "Cn1161",
    "x": 28.40694444444444,
    "y": 46.13666666666666
}