{
    "id": "Lv0186",
    "x": 28.51722222222222,
    "y": 46.65138888888889
}