{
    "id": "T0407",
    "x": 28.468055555555555,
    "y": 45.84305555555556
}