{
    "id": "Cm0979",
    "x": 28.609722222222224,
    "y": 46.544444444444444
}