{
    "id": "Ch5222",
    "x": 28.511111111111113,
    "y": 46.05555555555555
}