{
    "id": "Cm0577",
    "x": 28.919722222222223,
    "y": 46.588055555555556
}