{
    "id": "Cn0871",
    "x": 28.415277777777778,
    "y": 46.36472222222223
}