{
    "id": "Cn0557",
    "x": 28.30888888888889,
    "y": 46.24888888888889
}