{
    "id": "Cn0337",
    "x": 28.223333333333333,
    "y": 46.19444444444444
}