{
    "id": 828,
    "x": 28.239166666666666,
    "y": 45.93583333333333
}