{
    "id": "Cm1366",
    "x": 28.991666666666667,
    "y": 46.56805555555556
}