{
    "id": 1834,
    "x": 28.53527777777778,
    "y": 46.52444444444444
}