{
    "id": "Lv1700",
    "x": 28.24638888888889,
    "y": 46.49305555555556
}