{
    "id": "Cn0298",
    "x": 28.184166666666666,
    "y": 46.12638888888889
}