{
    "id": "G1439",
    "x": 28.561666666666667,
    "y": 46.33861111111111
}