{
    "id": "G1820",
    "x": 28.842499999999998,
    "y": 46.319722222222225
}