{
    "id": "Cm0838",
    "x": 28.909444444444443,
    "y": 46.623333333333335
}