{
    "id": "Lv1191",
    "x": 28.519444444444442,
    "y": 46.39416666666666
}