{
    "id": "G1016",
    "x": 28.509722222222223,
    "y": 46.08555555555556
}