{
    "id": "G1449",
    "x": 28.559722222222224,
    "y": 46.331388888888895
}