{
    "id": "G5813",
    "x": 28.690555555555555,
    "y": 45.863055555555555
}