{
    "id": 877,
    "x": 28.349722222222223,
    "y": 46.022777777777776
}