{
    "id": 1065,
    "x": 28.41472222222222,
    "y": 45.972500000000004
}