{
    "id": "G0842",
    "x": 28.641944444444444,
    "y": 46.22694444444445
}