{
    "id": "Cn0579",
    "x": 28.209722222222222,
    "y": 46.31472222222222
}