{
    "id": "Ch5165",
    "x": 28.486944444444447,
    "y": 46.100833333333334
}