{
    "id": 678,
    "x": 28.243333333333336,
    "y": 46.00138888888889
}