{
    "id": "G5481",
    "x": 28.67027777777778,
    "y": 46.09388888888889
}