{
    "id": "G0488",
    "x": 28.58361111111111,
    "y": 46.11972222222222
}