{
    "id": "Cm0435",
    "x": 28.931944444444447,
    "y": 46.54611111111111
}