{
    "id": "Lv0696",
    "x": 28.321944444444444,
    "y": 46.57666666666667
}