{
    "id": 1219,
    "x": 28.295833333333334,
    "y": 45.86222222222222
}