{
    "id": "G0926",
    "x": 28.648888888888887,
    "y": 46.22138888888889
}