{
    "id": "Cn0713",
    "x": 28.410277777777775,
    "y": 46.348333333333336
}