{
    "id": "Lv0780",
    "x": 28.319444444444443,
    "y": 46.57777777777778
}