{
    "id": "G5519",
    "x": 28.671944444444446,
    "y": 46.08555555555556
}