{
    "id": "G5007",
    "x": 28.946944444444444,
    "y": 46.21611111111111
}