{
    "id": "Cm0036",
    "x": 28.70777777777778,
    "y": 46.692499999999995
}