{
    "id": "Cn0904",
    "x": 28.422222222222224,
    "y": 46.35444444444445
}