{
    "id": "G5189",
    "x": 28.772499999999997,
    "y": 46.176944444444445
}