{
    "id": "Cm0619",
    "x": 28.92388888888889,
    "y": 46.54722222222222
}