{
    "id": "Ch5011",
    "x": 28.177222222222223,
    "y": 45.711111111111116
}