{
    "id": "Cm1024",
    "x": 28.756666666666668,
    "y": 46.44555555555555
}