{
    "id": "G5313",
    "x": 28.762777777777778,
    "y": 46.10055555555556
}