{
    "id": "Cm0219",
    "x": 28.76222222222222,
    "y": 46.60777777777778
}