{
    "id": 100,
    "x": 28.595277777777778,
    "y": 45.89527777777778
}