{
    "id": "G5861",
    "x": 28.869722222222222,
    "y": 46.10805555555556
}