{
    "id": "B0315",
    "x": 28.966666666666665,
    "y": 46.325833333333335
}