{
    "id": "Cm0581",
    "x": 28.922222222222224,
    "y": 46.59055555555556
}