{
    "id": "G1382",
    "x": 28.663888888888888,
    "y": 46.27722222222222
}