{
    "id": "Lv1595",
    "x": 28.37527777777778,
    "y": 46.39222222222222
}