{
    "id": "G5715",
    "x": 28.70111111111111,
    "y": 45.83777777777778
}