{
    "id": "Cm0990",
    "x": 28.618333333333332,
    "y": 46.58916666666667
}