{
    "id": "Cm0154",
    "x": 28.744444444444447,
    "y": 46.58861111111111
}