{
    "id": "G5723",
    "x": 28.68861111111111,
    "y": 45.85861111111111
}