{
    "id": 1518,
    "x": 28.461666666666666,
    "y": 46.54055555555556
}