{
    "id": "Lv1448",
    "x": 28.244722222222222,
    "y": 46.57972222222222
}