{
    "id": "Lv0781",
    "x": 28.31888888888889,
    "y": 46.57805555555556
}