{
    "id": 1704,
    "x": 28.416944444444447,
    "y": 46.61638888888889
}