{
    "id": 1368,
    "x": 28.448888888888888,
    "y": 45.590833333333336
}