{
    "id": "G0305",
    "x": 28.594444444444445,
    "y": 46.093333333333334
}