{
    "id": "G1101",
    "x": 28.60027777777778,
    "y": 46.426944444444445
}