{
    "id": "Ch5238",
    "x": 28.176111111111112,
    "y": 45.55694444444444
}