{
    "id": "Cm0446",
    "x": 28.616666666666667,
    "y": 46.60111111111111
}