{
    "id": "G0565",
    "x": 28.584722222222222,
    "y": 46.106944444444444
}