{
    "id": "G5099",
    "x": 28.835277777777776,
    "y": 46.25361111111111
}