{
    "id": 885,
    "x": 28.34722222222222,
    "y": 46.02833333333333
}