{
    "id": "G0174",
    "x": 28.661944444444444,
    "y": 46.00333333333333
}