{
    "id": "Ch0576",
    "x": 28.33111111111111,
    "y": 45.98777777777778
}