{
    "id": "Lv1117",
    "x": 28.502777777777776,
    "y": 46.494166666666665
}