{
    "id": "Cm1014",
    "x": 28.763055555555557,
    "y": 46.43444444444444
}