{
    "id": "G5245",
    "x": 28.836944444444445,
    "y": 46.25388888888889
}