{
    "id": "Cm1262",
    "x": 28.82027777777778,
    "y": 46.477222222222224
}