{
    "id": 893,
    "x": 28.333055555555557,
    "y": 46.06527777777777
}