{
    "id": "Ch5155",
    "x": 28.496944444444445,
    "y": 46.096111111111114
}