{
    "id": "G5575",
    "x": 28.820833333333333,
    "y": 46.36944444444445
}