{
    "id": "Lv1756",
    "x": 28.251944444444444,
    "y": 46.47361111111111
}