{
    "id": 1747,
    "x": 28.432222222222222,
    "y": 46.649166666666666
}