{
    "id": "Ch5231",
    "x": 28.204722222222223,
    "y": 45.83888888888889
}