{
    "id": "Cm1499",
    "x": 28.803333333333335,
    "y": 46.50611111111111
}