{
    "id": "Lv0562",
    "x": 28.35777777777778,
    "y": 46.52333333333333
}