{
    "id": "G0228",
    "x": 28.662499999999998,
    "y": 45.99583333333334
}