{
    "id": 436,
    "x": 28.965833333333332,
    "y": 46.16833333333333
}