{
    "id": "G5248",
    "x": 28.77777777777778,
    "y": 46.227222222222224
}