{
    "id": "Cm0801",
    "x": 28.918333333333333,
    "y": 46.605555555555554
}