{
    "id": "Lv1184",
    "x": 28.52138888888889,
    "y": 46.37916666666667
}