{
    "id": 1739,
    "x": 28.435555555555556,
    "y": 46.638888888888886
}