{
    "id": "G0499",
    "x": 28.59111111111111,
    "y": 46.11555555555556
}