{
    "id": "G1251",
    "x": 28.634444444444444,
    "y": 46.294999999999995
}