{
    "id": "Ch0092",
    "x": 28.255555555555556,
    "y": 46.011944444444445
}