{
    "id": 1458,
    "x": 28.468888888888888,
    "y": 46.58361111111111
}