{
    "id": "Cm0950",
    "x": 28.618333333333332,
    "y": 46.54194444444444
}