{
    "id": "Cm1643",
    "x": 28.795555555555556,
    "y": 46.51916666666666
}