{
    "id": "Cn0905",
    "x": 28.420833333333334,
    "y": 46.35666666666667
}