{
    "id": "G0697",
    "x": 28.58861111111111,
    "y": 46.098333333333336
}