{
    "id": 1556,
    "x": 28.405555555555555,
    "y": 46.58583333333333
}