{
    "id": 440,
    "x": 28.973333333333333,
    "y": 46.16972222222222
}