{
    "id": "G5742",
    "x": 28.684444444444445,
    "y": 45.85527777777778
}