{
    "id": "Ch5208",
    "x": 28.52861111111111,
    "y": 46.047777777777775
}