{
    "id": "G0789",
    "x": 28.634999999999998,
    "y": 46.22138888888889
}