{
    "id": "Lv1240",
    "x": 28.515555555555554,
    "y": 46.36833333333333
}