{
    "id": 1709,
    "x": 28.429166666666667,
    "y": 46.64888888888889
}