{
    "id": "G5719",
    "x": 28.698888888888888,
    "y": 45.836666666666666
}