{
    "id": "Lv1660",
    "x": 28.255277777777778,
    "y": 46.49277777777778
}