{
    "id": "Cm0467",
    "x": 28.596666666666664,
    "y": 46.578611111111115
}