{
    "id": "Cn0673",
    "x": 28.482777777777777,
    "y": 46.13333333333333
}