{
    "id": "Cn0644",
    "x": 28.42527777777778,
    "y": 46.18805555555555
}