{
    "id": "B0328",
    "x": 28.955555555555556,
    "y": 46.343333333333334
}