{
    "id": "G5868",
    "x": 28.389444444444443,
    "y": 45.705555555555556
}