{
    "id": "G0617",
    "x": 28.595555555555553,
    "y": 46.10333333333333
}