{
    "id": 509,
    "x": 28.92138888888889,
    "y": 46.020833333333336
}