{
    "id": 1532,
    "x": 28.398333333333333,
    "y": 46.59666666666667
}