{
    "id": "G5634",
    "x": 28.69472222222222,
    "y": 45.86416666666667
}