{
    "id": "Cm1385",
    "x": 28.998055555555556,
    "y": 46.57138888888889
}