{
    "id": 1769,
    "x": 28.408055555555553,
    "y": 46.668055555555554
}