{
    "id": "Lv0533",
    "x": 28.352222222222224,
    "y": 46.527499999999996
}