{
    "id": "Ch0636",
    "x": 28.351111111111113,
    "y": 45.95305555555556
}