{
    "id": 1268,
    "x": 28.335277777777776,
    "y": 45.81638888888889
}