{
    "id": "Cn0506",
    "x": 28.320555555555554,
    "y": 46.20527777777778
}