{
    "id": "G0348",
    "x": 28.598888888888887,
    "y": 46.113055555555555
}