{
    "id": "G0249",
    "x": 28.661388888888887,
    "y": 45.98861111111111
}