{
    "id": "G5080",
    "x": 28.828888888888887,
    "y": 46.24861111111111
}