{
    "id": "G5319",
    "x": 28.771944444444443,
    "y": 46.10333333333333
}