{
    "id": "Cm1251",
    "x": 28.840555555555554,
    "y": 46.49583333333334
}