{
    "id": "G1214",
    "x": 28.66111111111111,
    "y": 46.36833333333333
}