{
    "id": "Cm1213",
    "x": 28.644444444444446,
    "y": 46.475833333333334
}