{
    "id": "B0226",
    "x": 28.95138888888889,
    "y": 46.49111111111111
}