{
    "id": "Lv1350",
    "x": 28.43111111111111,
    "y": 46.526666666666664
}