{
    "id": "Cn0628",
    "x": 28.411944444444444,
    "y": 46.21944444444445
}