{
    "id": "Lv1187",
    "x": 28.521944444444443,
    "y": 46.382222222222225
}