{
    "id": "Cm0582",
    "x": 28.919444444444444,
    "y": 46.59277777777778
}