{
    "id": "Ch0075",
    "x": 28.21861111111111,
    "y": 45.97916666666667
}