{
    "id": "Cm1456",
    "x": 29.025277777777777,
    "y": 46.515277777777776
}