{
    "id": "Cm0137",
    "x": 28.718888888888888,
    "y": 46.63305555555556
}