{
    "id": "G5463",
    "x": 28.66916666666667,
    "y": 46.09861111111111
}