{
    "id": "G5817",
    "x": 28.436944444444446,
    "y": 45.532222222222224
}