{
    "id": "Cm1282",
    "x": 28.883055555555558,
    "y": 46.67611111111111
}