{
    "id": 946,
    "x": 28.266666666666666,
    "y": 46.091944444444444
}