{
    "id": "B0030",
    "x": 28.86888888888889,
    "y": 46.455000000000005
}