{
    "id": "Cm0886",
    "x": 28.90722222222222,
    "y": 46.608333333333334
}