{
    "id": "Cn0226",
    "x": 28.15611111111111,
    "y": 46.227222222222224
}