{
    "id": 1795,
    "x": 28.46638888888889,
    "y": 46.670833333333334
}