{
    "id": "Cm0284",
    "x": 28.801111111111112,
    "y": 46.61888888888889
}