{
    "id": "G5146",
    "x": 28.76527777777778,
    "y": 46.19277777777778
}