{
    "id": "G1217",
    "x": 28.66444444444444,
    "y": 46.36027777777778
}