{
    "id": "G0551",
    "x": 28.585833333333333,
    "y": 46.11222222222222
}