{
    "id": "Cm1546",
    "x": 28.81527777777778,
    "y": 46.524166666666666
}