{
    "id": "Lv1086",
    "x": 28.490555555555556,
    "y": 46.456944444444446
}