{
    "id": "Cm1593",
    "x": 28.793333333333337,
    "y": 46.53194444444444
}