{
    "id": "B0105",
    "x": 28.92527777777778,
    "y": 46.37444444444444
}