{
    "id": "Cn1143",
    "x": 28.28638888888889,
    "y": 46.17861111111111
}