{
    "id": "Cm0895",
    "x": 28.90111111111111,
    "y": 46.61555555555556
}