{
    "id": "Lv0918",
    "x": 28.42888888888889,
    "y": 46.42861111111111
}