{
    "id": "Cm0865",
    "x": 28.90722222222222,
    "y": 46.61555555555556
}