{
    "id": "G5342",
    "x": 28.686944444444446,
    "y": 46.093333333333334
}