{
    "id": "G1412",
    "x": 28.56638888888889,
    "y": 46.33527777777778
}