{
    "id": "Lv0896",
    "x": 28.42138888888889,
    "y": 46.419444444444444
}