{
    "id": "G1639",
    "x": 28.834999999999997,
    "y": 46.044444444444444
}