{
    "id": "Ch0544",
    "x": 28.418055555555558,
    "y": 46.038888888888884
}