{
    "id": 846,
    "x": 28.349444444444444,
    "y": 45.965833333333336
}