{
    "id": 1069,
    "x": 28.412777777777777,
    "y": 45.967777777777776
}