{
    "id": "Cm1567",
    "x": 28.801666666666666,
    "y": 46.533055555555556
}