{
    "id": "Lv1142",
    "x": 28.530833333333334,
    "y": 46.37083333333334
}