{
    "id": "G0122",
    "x": 28.65611111111111,
    "y": 46.010555555555555
}