{
    "id": "B0071",
    "x": 28.927222222222223,
    "y": 46.37111111111111
}