{
    "id": "G5546",
    "x": 28.824444444444445,
    "y": 46.36944444444445
}