{
    "id": "Lv1466",
    "x": 28.244444444444447,
    "y": 46.57416666666667
}