{
    "id": "Cm0014",
    "x": 28.696944444444444,
    "y": 46.70027777777778
}