{
    "id": "G1419",
    "x": 28.56527777777778,
    "y": 46.33305555555556
}