{
    "id": "Lv0731",
    "x": 28.325555555555557,
    "y": 46.56916666666667
}