{
    "id": "Cm1459",
    "x": 29.02638888888889,
    "y": 46.51138888888889
}