{
    "id": "G5827",
    "x": 28.378888888888888,
    "y": 45.68055555555555
}