{
    "id": "G1127",
    "x": 28.621111111111112,
    "y": 46.41305555555555
}