{
    "id": "Lv0059",
    "x": 28.46388888888889,
    "y": 46.57055555555556
}