{
    "id": "Lv0102",
    "x": 28.394166666666667,
    "y": 46.60305555555556
}