{
    "id": "Cn0042",
    "x": 28.224444444444444,
    "y": 46.281666666666666
}