{
    "id": "G0437",
    "x": 28.594444444444445,
    "y": 46.11805555555556
}