{
    "id": "Cn0084",
    "x": 28.17138888888889,
    "y": 46.257222222222225
}