{
    "id": "Lv1692",
    "x": 28.247777777777777,
    "y": 46.49277777777778
}