{
    "id": "Cm1637",
    "x": 28.77138888888889,
    "y": 46.521388888888886
}