{
    "id": "Lv1135",
    "x": 28.530555555555555,
    "y": 46.367777777777775
}