{
    "id": "Lv1304",
    "x": 28.336388888888887,
    "y": 46.446666666666665
}