{
    "id": "G1426",
    "x": 28.56388888888889,
    "y": 46.32888888888889
}