{
    "id": "Lv1528",
    "x": 28.26527777777778,
    "y": 46.60333333333333
}