{
    "id": "Cm0762",
    "x": 28.91583333333333,
    "y": 46.58416666666667
}