{
    "id": "G0344",
    "x": 28.600555555555555,
    "y": 46.11055555555556
}