{
    "id": "Ch5152",
    "x": 28.485555555555557,
    "y": 46.10472222222222
}