{
    "id": 18,
    "x": 28.58277777777778,
    "y": 45.92777777777778
}