{
    "id": "Lv0452",
    "x": 28.546111111111113,
    "y": 46.57277777777778
}