{
    "id": "Cm1399",
    "x": 29.003333333333334,
    "y": 46.57972222222222
}