{
    "id": "B0304",
    "x": 28.77861111111111,
    "y": 46.30416666666667
}