{
    "id": "Lv0503",
    "x": 28.42638888888889,
    "y": 46.55777777777777
}