{
    "id": "Cm0576",
    "x": 28.919722222222223,
    "y": 46.587500000000006
}