{
    "id": "Cm1412",
    "x": 29.01222222222222,
    "y": 46.57166666666667
}