{
    "id": "Cm1596",
    "x": 28.775277777777777,
    "y": 46.53861111111111
}