{
    "id": "Cm0781",
    "x": 28.923333333333336,
    "y": 46.561388888888885
}