{
    "id": "Cm0017",
    "x": 28.703333333333333,
    "y": 46.69833333333333
}