{
    "id": "Cm1018",
    "x": 28.756944444444443,
    "y": 46.44194444444444
}