{
    "id": "Lv0465",
    "x": 28.54638888888889,
    "y": 46.57083333333334
}