{
    "id": 941,
    "x": 28.27027777777778,
    "y": 46.093611111111116
}