{
    "id": "G0749",
    "x": 28.60888888888889,
    "y": 46.109722222222224
}