{
    "id": "Lv1113",
    "x": 28.481666666666666,
    "y": 46.43944444444444
}