{
    "id": "Cm0656",
    "x": 28.94388888888889,
    "y": 46.53805555555555
}