{
    "id": 927,
    "x": 28.282777777777778,
    "y": 46.114444444444445
}