{
    "id": "Cn0884",
    "x": 28.429166666666667,
    "y": 46.35611111111111
}