{
    "id": "Cn1080",
    "x": 28.389166666666664,
    "y": 46.10416666666667
}