{
    "id": "Lv1608",
    "x": 28.37666666666667,
    "y": 46.379444444444445
}