{
    "id": "G0816",
    "x": 28.64638888888889,
    "y": 46.24111111111111
}