{
    "id": "Ch5049",
    "x": 28.18638888888889,
    "y": 45.82277777777778
}