{
    "id": "G0253",
    "x": 28.656388888888888,
    "y": 46.01138888888889
}