{
    "id": "G5586",
    "x": 28.824444444444445,
    "y": 46.35333333333333
}