{
    "id": "B0173",
    "x": 28.91333333333333,
    "y": 46.40833333333333
}