{
    "id": "G5751",
    "x": 28.684722222222224,
    "y": 45.846111111111114
}