{
    "id": "Ch5076",
    "x": 28.384444444444444,
    "y": 45.748333333333335
}