{
    "id": "Cm1573",
    "x": 28.810277777777777,
    "y": 46.526666666666664
}