{
    "id": "G0914",
    "x": 28.65611111111111,
    "y": 46.23916666666667
}