{
    "id": "G0486",
    "x": 28.585833333333333,
    "y": 46.11694444444444
}