{
    "id": "G1145",
    "x": 28.614444444444445,
    "y": 46.43111111111111
}