{
    "id": 1492,
    "x": 28.46611111111111,
    "y": 46.56361111111111
}