{
    "id": "Lv0306",
    "x": 28.429166666666667,
    "y": 46.64722222222222
}