{
    "id": "Lv0242",
    "x": 28.530555555555555,
    "y": 46.59583333333334
}