{
    "id": 1245,
    "x": 28.32027777777778,
    "y": 45.82833333333333
}