{
    "id": 1206,
    "x": 28.28611111111111,
    "y": 45.867777777777775
}