{
    "id": "G0345",
    "x": 28.599166666666665,
    "y": 46.111111111111114
}