{
    "id": "Cn0705",
    "x": 28.403888888888886,
    "y": 46.35472222222222
}