{
    "id": "G5460",
    "x": 28.66861111111111,
    "y": 46.09583333333334
}