{
    "id": "Cn0071",
    "x": 28.211666666666666,
    "y": 46.264722222222225
}