{
    "id": "Cm1161",
    "x": 28.748611111111114,
    "y": 46.442499999999995
}