{
    "id": "Cn0891",
    "x": 28.42361111111111,
    "y": 46.35416666666667
}