{
    "id": "Lv0647",
    "x": 28.329166666666666,
    "y": 46.57805555555556
}