{
    "id": "T0108",
    "x": 28.583888888888886,
    "y": 45.86138888888889
}