{
    "id": "Lv1573",
    "x": 28.379722222222224,
    "y": 46.390277777777776
}