{
    "id": "Cn0135",
    "x": 28.272222222222222,
    "y": 46.321111111111115
}