{
    "id": "G0354",
    "x": 28.603333333333335,
    "y": 46.11361111111111
}