{
    "id": "Cn0865",
    "x": 28.409166666666664,
    "y": 46.36083333333333
}