{
    "id": "G1293",
    "x": 28.63611111111111,
    "y": 46.30638888888888
}