{
    "id": 1528,
    "x": 28.39527777777778,
    "y": 46.60111111111111
}