{
    "id": "Cm0783",
    "x": 28.913055555555555,
    "y": 46.57416666666667
}