{
    "id": "G1399",
    "x": 28.57111111111111,
    "y": 46.31527777777777
}