{
    "id": "Lv0568",
    "x": 28.352500000000003,
    "y": 46.52361111111111
}