{
    "id": 1653,
    "x": 28.533333333333335,
    "y": 46.60305555555556
}