{
    "id": "Cn0809",
    "x": 28.403055555555554,
    "y": 46.32944444444445
}