{
    "id": "Cm1630",
    "x": 28.755555555555556,
    "y": 46.52305555555555
}