{
    "id": "G1760",
    "x": 28.844166666666666,
    "y": 46.06527777777777
}