{
    "id": "G5841",
    "x": 28.445555555555554,
    "y": 45.546388888888885
}