{
    "id": "Lv1153",
    "x": 28.526944444444442,
    "y": 46.37361111111111
}