{
    "id": "G1005",
    "x": 28.644444444444446,
    "y": 46.17861111111111
}