{
    "id": "G5118",
    "x": 28.839166666666664,
    "y": 46.25888888888889
}