{
    "id": "Cn0613",
    "x": 28.38888888888889,
    "y": 46.190555555555555
}