{
    "id": "Cm1122",
    "x": 28.828611111111112,
    "y": 46.668055555555554
}