{
    "id": 1249,
    "x": 28.325833333333332,
    "y": 45.82083333333334
}