{
    "id": "Lv0521",
    "x": 28.392222222222223,
    "y": 46.493611111111115
}