{
    "id": "Lv1424",
    "x": 28.25722222222222,
    "y": 46.526666666666664
}