{
    "id": "G0572",
    "x": 28.590833333333332,
    "y": 46.10611111111111
}