{
    "id": "Lv0944",
    "x": 28.432222222222222,
    "y": 46.42833333333333
}