{
    "id": "Ch0402",
    "x": 28.263333333333332,
    "y": 46.09666666666667
}