{
    "id": "T0244",
    "x": 28.492222222222225,
    "y": 45.91777777777777
}