{
    "id": "G1359",
    "x": 28.66111111111111,
    "y": 46.34805555555556
}