{
    "id": "G0271",
    "x": 28.57027777777778,
    "y": 46.02055555555555
}