{
    "id": "Cn0725",
    "x": 28.40833333333333,
    "y": 46.358333333333334
}