{
    "id": "Cn0027",
    "x": 28.240000000000002,
    "y": 46.29083333333333
}