{
    "id": "Ch0106",
    "x": 28.248055555555556,
    "y": 46.009166666666665
}