{
    "id": "Cm1016",
    "x": 28.759166666666665,
    "y": 46.43388888888889
}