{
    "id": 977,
    "x": 28.249722222222225,
    "y": 46.09777777777778
}