{
    "id": "G1228",
    "x": 28.65111111111111,
    "y": 46.27777777777778
}