{
    "id": 989,
    "x": 28.223611111111108,
    "y": 46.074444444444445
}