{
    "id": "Cm1605",
    "x": 28.778055555555554,
    "y": 46.531666666666666
}