{
    "id": 280,
    "x": 28.472777777777775,
    "y": 45.97222222222222
}