{
    "id": "G1180",
    "x": 28.62138888888889,
    "y": 46.422777777777775
}