{
    "id": "G1249",
    "x": 28.636666666666667,
    "y": 46.29388888888889
}