{
    "id": "Ch0850",
    "x": 28.206944444444442,
    "y": 45.91027777777778
}