{
    "id": "Cm1475",
    "x": 29.029722222222222,
    "y": 46.52305555555555
}