{
    "id": 618,
    "x": 28.223333333333333,
    "y": 45.98861111111111
}