{
    "id": "G5491",
    "x": 28.666944444444447,
    "y": 46.08916666666667
}