{
    "id": "Lv0546",
    "x": 28.354444444444447,
    "y": 46.52333333333333
}