{
    "id": "Cn0581",
    "x": 28.21972222222222,
    "y": 46.369166666666665
}