{
    "id": "Lv0556",
    "x": 28.356944444444444,
    "y": 46.52166666666667
}