{
    "id": "G0680",
    "x": 28.583888888888886,
    "y": 46.096111111111114
}