{
    "id": 1238,
    "x": 28.316111111111113,
    "y": 45.849444444444444
}