{
    "id": "Lv1509",
    "x": 28.254444444444445,
    "y": 46.63305555555556
}