{
    "id": "Cm0466",
    "x": 28.598333333333333,
    "y": 46.562777777777775
}