{
    "id": "Cn0902",
    "x": 28.42138888888889,
    "y": 46.355555555555554
}