{
    "id": "Cm1660",
    "x": 28.698055555555555,
    "y": 46.749722222222225
}