{
    "id": "Lv1710",
    "x": 28.242222222222225,
    "y": 46.488055555555555
}