{
    "id": 561,
    "x": 28.197777777777777,
    "y": 45.95861111111111
}