{
    "id": "G1402",
    "x": 28.56833333333333,
    "y": 46.32666666666667
}