{
    "id": "G0716",
    "x": 28.58888888888889,
    "y": 46.09638888888889
}