{
    "id": "Cn1008",
    "x": 28.45777777777778,
    "y": 46.22944444444445
}