{
    "id": "Lv1731",
    "x": 28.24527777777778,
    "y": 46.48111111111111
}