{
    "id": "G0373",
    "x": 28.604722222222225,
    "y": 46.11694444444444
}