{
    "id": "Cn0913",
    "x": 28.37666666666667,
    "y": 46.286944444444444
}