{
    "id": "Ch0717",
    "x": 28.340277777777775,
    "y": 45.81305555555555
}