{
    "id": "Lv1605",
    "x": 28.37777777777778,
    "y": 46.38305555555556
}