{
    "id": "Cn0682",
    "x": 28.479166666666664,
    "y": 46.13444444444444
}