{
    "id": "Lv0821",
    "x": 28.324444444444445,
    "y": 46.573888888888895
}