{
    "id": "G1309",
    "x": 28.65083333333333,
    "y": 46.30222222222222
}