{
    "id": "G1590",
    "x": 28.606944444444444,
    "y": 46.11944444444445
}