{
    "id": "Lv1433",
    "x": 28.246666666666666,
    "y": 46.528055555555554
}