{
    "id": "Lv0499",
    "x": 28.425555555555558,
    "y": 46.55888888888889
}