{
    "id": "Cm1070",
    "x": 28.851666666666667,
    "y": 46.65694444444444
}