{
    "id": "Ch0479",
    "x": 28.246111111111112,
    "y": 46.071111111111115
}