{
    "id": "G0087",
    "x": 28.648888888888887,
    "y": 46.01777777777777
}