{
    "id": "Cn1221",
    "x": 28.278888888888886,
    "y": 46.16861111111111
}