{
    "id": "G0422",
    "x": 28.596944444444443,
    "y": 46.12083333333334
}