{
    "id": "Lv0355",
    "x": 28.45777777777778,
    "y": 46.66972222222222
}