{
    "id": "Lv0327",
    "x": 28.41333333333333,
    "y": 46.66444444444444
}