{
    "id": "Lv1062",
    "x": 28.470555555555553,
    "y": 46.443888888888885
}