{
    "id": "Lv0625",
    "x": 28.360833333333336,
    "y": 46.50972222222222
}