{
    "id": "Cn1126",
    "x": 28.291944444444447,
    "y": 46.17861111111111
}