{
    "id": "B0100",
    "x": 28.924166666666668,
    "y": 46.37166666666667
}