{
    "id": "Lv1523",
    "x": 28.264722222222222,
    "y": 46.61027777777778
}