{
    "id": "Lv1674",
    "x": 28.253333333333334,
    "y": 46.489444444444445
}