{
    "id": 1770,
    "x": 28.407777777777778,
    "y": 46.66833333333333
}