{
    "id": 491,
    "x": 28.92888888888889,
    "y": 46.043055555555554
}