{
    "id": "Lv0687",
    "x": 28.324166666666667,
    "y": 46.57972222222222
}