{
    "id": "Ch5001",
    "x": 28.17638888888889,
    "y": 45.678888888888885
}