{
    "id": 1473,
    "x": 28.469166666666666,
    "y": 46.58027777777778
}