{
    "id": "Cn0845",
    "x": 28.398611111111112,
    "y": 46.32638888888889
}