{
    "id": "G0563",
    "x": 28.585555555555555,
    "y": 46.108333333333334
}