{
    "id": "G0979",
    "x": 28.654166666666665,
    "y": 46.17611111111111
}