{
    "id": "Cn1042",
    "x": 28.399444444444445,
    "y": 46.13444444444444
}