{
    "id": "G5583",
    "x": 28.820833333333333,
    "y": 46.36472222222223
}