{
    "id": 842,
    "x": 28.33833333333333,
    "y": 45.97027777777778
}