{
    "id": 625,
    "x": 28.21472222222222,
    "y": 45.98305555555556
}