{
    "id": 1700,
    "x": 28.41444444444444,
    "y": 46.61611111111111
}