{
    "id": "G1055",
    "x": 28.610277777777778,
    "y": 46.43416666666666
}