{
    "id": "T0107",
    "x": 28.581944444444446,
    "y": 45.871944444444445
}