{
    "id": "G0682",
    "x": 28.58277777777778,
    "y": 46.093611111111116
}