{
    "id": "Cn0105",
    "x": 28.16111111111111,
    "y": 46.22638888888889
}