{
    "id": "Cn0675",
    "x": 28.484722222222224,
    "y": 46.13194444444444
}