{
    "id": "G0611",
    "x": 28.590555555555554,
    "y": 46.09138888888889
}