{
    "id": "Cm1552",
    "x": 28.80777777777778,
    "y": 46.53111111111111
}