{
    "id": 856,
    "x": 28.339166666666664,
    "y": 46.035555555555554
}