{
    "id": "Ch0534",
    "x": 28.422777777777778,
    "y": 46.007777777777775
}