{
    "id": "G1547",
    "x": 28.80777777777778,
    "y": 46.053888888888885
}