{
    "id": "G0112",
    "x": 28.661388888888887,
    "y": 46.01083333333333
}