{
    "id": "Cn0113",
    "x": 28.15888888888889,
    "y": 46.22833333333333
}