{
    "id": "Lv0855",
    "x": 28.323055555555555,
    "y": 46.57361111111111
}