{
    "id": "G1718",
    "x": 28.83972222222222,
    "y": 46.05916666666666
}