{
    "id": "Lv0504",
    "x": 28.429444444444446,
    "y": 46.553888888888885
}