{
    "id": "Cn0718",
    "x": 28.40583333333333,
    "y": 46.35444444444445
}