{
    "id": 690,
    "x": 28.253888888888888,
    "y": 46.007222222222225
}