{
    "id": "G1580",
    "x": 28.813055555555557,
    "y": 46.061388888888885
}