{
    "id": "Lv1238",
    "x": 28.511111111111113,
    "y": 46.36416666666667
}