{
    "id": "G1654",
    "x": 28.836666666666666,
    "y": 46.04888888888889
}