{
    "id": "Cm0944",
    "x": 28.623333333333335,
    "y": 46.53388888888889
}