{
    "id": "Cn1100",
    "x": 28.328055555555554,
    "y": 46.146388888888886
}