{
    "id": "Lv1682",
    "x": 28.250555555555554,
    "y": 46.49527777777778
}