{
    "id": "G5693",
    "x": 28.702222222222222,
    "y": 45.84583333333334
}