{
    "id": "G1391",
    "x": 28.564444444444444,
    "y": 46.32805555555556
}