{
    "id": 360,
    "x": 28.731388888888887,
    "y": 46.02027777777778
}