{
    "id": "Cn0505",
    "x": 28.32111111111111,
    "y": 46.20527777777778
}