{
    "id": "Cn1123",
    "x": 28.29361111111111,
    "y": 46.18194444444444
}