{
    "id": 86,
    "x": 28.593333333333334,
    "y": 45.899166666666666
}