{
    "id": 226,
    "x": 28.480277777777776,
    "y": 45.94611111111111
}