{
    "id": "Cn0292",
    "x": 28.18611111111111,
    "y": 46.118611111111115
}