{
    "id": "Cm1010",
    "x": 28.755277777777778,
    "y": 46.43888888888888
}