{
    "id": "Cm0710",
    "x": 28.631944444444446,
    "y": 46.700833333333335
}