{
    "id": "Cn1064",
    "x": 28.409444444444443,
    "y": 46.103611111111114
}