{
    "id": "Cn0819",
    "x": 28.399444444444445,
    "y": 46.323055555555555
}