{
    "id": "G0021",
    "x": 28.665277777777778,
    "y": 45.99472222222222
}