{
    "id": "G5530",
    "x": 28.673055555555557,
    "y": 46.08916666666667
}