{
    "id": "G0735",
    "x": 28.597777777777775,
    "y": 46.09638888888889
}