{
    "id": 1029,
    "x": 28.230833333333333,
    "y": 46.07166666666667
}