{
    "id": "G0632",
    "x": 28.58972222222222,
    "y": 46.10305555555556
}