{
    "id": "Cm0489",
    "x": 28.934722222222224,
    "y": 46.55694444444444
}