{
    "id": "Cm0133",
    "x": 28.720555555555553,
    "y": 46.62388888888889
}