{
    "id": "G1072",
    "x": 28.622777777777777,
    "y": 46.413333333333334
}