{
    "id": 1840,
    "x": 28.53527777777778,
    "y": 46.529444444444444
}