{
    "id": "Cn1084",
    "x": 28.383333333333333,
    "y": 46.112500000000004
}