{
    "id": "Cm0814",
    "x": 28.91638888888889,
    "y": 46.61527777777778
}