{
    "id": 192,
    "x": 28.566944444444445,
    "y": 45.783055555555556
}