{
    "id": "G0550",
    "x": 28.585555555555555,
    "y": 46.111666666666665
}