{
    "id": "Lv0929",
    "x": 28.42388888888889,
    "y": 46.42333333333333
}