{
    "id": "Cn0446",
    "x": 28.32138888888889,
    "y": 46.355000000000004
}