{
    "id": "Cn1249",
    "x": 28.385555555555555,
    "y": 46.18805555555555
}