{
    "id": "Cm0347",
    "x": 28.654444444444444,
    "y": 46.669444444444444
}