{
    "id": "Cm0931",
    "x": 28.62472222222222,
    "y": 46.57416666666667
}