{
    "id": "Cn0486",
    "x": 28.33861111111111,
    "y": 46.363055555555555
}