{
    "id": "Cm1574",
    "x": 28.80666666666667,
    "y": 46.527499999999996
}