{
    "id": "Cm0124",
    "x": 28.727777777777778,
    "y": 46.613055555555555
}