{
    "id": "Cm0556",
    "x": 28.922777777777778,
    "y": 46.583333333333336
}