{
    "id": "G1545",
    "x": 28.805833333333332,
    "y": 46.05222222222222
}