{
    "id": 693,
    "x": 28.252222222222223,
    "y": 46.00416666666667
}