{
    "id": 1099,
    "x": 28.416666666666668,
    "y": 46.03944444444444
}