{
    "id": "G0905",
    "x": 28.654166666666665,
    "y": 46.242222222222225
}