{
    "id": "Cm0295",
    "x": 28.801944444444445,
    "y": 46.619166666666665
}