{
    "id": "Lv1489",
    "x": 28.253333333333334,
    "y": 46.56861111111112
}