{
    "id": "G5673",
    "x": 28.694444444444446,
    "y": 45.85388888888889
}