{
    "id": "G5771",
    "x": 28.683333333333334,
    "y": 45.84138888888889
}