{
    "id": "Lv1711",
    "x": 28.243055555555557,
    "y": 46.489444444444445
}