{
    "id": 825,
    "x": 28.241944444444446,
    "y": 45.937777777777775
}