{
    "id": "G5801",
    "x": 28.691944444444445,
    "y": 45.840833333333336
}