{
    "id": 1324,
    "x": 28.435555555555556,
    "y": 45.819722222222225
}