{
    "id": "T0468",
    "x": 28.960277777777776,
    "y": 46.16444444444444
}