{
    "id": "Cm0444",
    "x": 28.619444444444444,
    "y": 46.598333333333336
}