{
    "id": "Lv1004",
    "x": 28.443055555555556,
    "y": 46.42666666666666
}