{
    "id": 818,
    "x": 28.24638888888889,
    "y": 45.943888888888885
}