{
    "id": "G1781",
    "x": 28.81888888888889,
    "y": 46.06166666666666
}