{
    "id": 1084,
    "x": 28.41583333333333,
    "y": 46.00111111111111
}