{
    "id": "G1098",
    "x": 28.601111111111113,
    "y": 46.42805555555555
}