{
    "id": 486,
    "x": 28.927500000000002,
    "y": 46.034166666666664
}