{
    "id": "Cm0024",
    "x": 28.705277777777777,
    "y": 46.70472222222222
}