{
    "id": "G1022",
    "x": 28.521944444444443,
    "y": 46.080555555555556
}