{
    "id": "Cn0469",
    "x": 28.344166666666666,
    "y": 46.363055555555555
}