{
    "id": "G1387",
    "x": 28.674166666666668,
    "y": 46.28444444444444
}