{
    "id": "Cm0091",
    "x": 28.691388888888888,
    "y": 46.71555555555556
}