{
    "id": "G0048",
    "x": 28.671666666666667,
    "y": 46.015277777777776
}