{
    "id": "G0727",
    "x": 28.594166666666666,
    "y": 46.09527777777778
}