{
    "id": "Cm0804",
    "x": 28.91861111111111,
    "y": 46.60916666666667
}