{
    "id": "Cm0877",
    "x": 28.902777777777775,
    "y": 46.62027777777778
}