{
    "id": "G5013",
    "x": 28.975277777777777,
    "y": 46.21416666666667
}