{
    "id": 62,
    "x": 28.595277777777778,
    "y": 45.89972222222222
}