{
    "id": "Lv1545",
    "x": 28.264722222222222,
    "y": 46.618611111111115
}