{
    "id": "Lv1366",
    "x": 28.261666666666667,
    "y": 46.42666666666666
}