{
    "id": "Cm0163",
    "x": 28.748333333333335,
    "y": 46.58833333333334
}