{
    "id": "Cm1496",
    "x": 28.80638888888889,
    "y": 46.50527777777778
}