{
    "id": "Ch5216",
    "x": 28.509722222222223,
    "y": 46.05888888888889
}