{
    "id": "Cm0279",
    "x": 28.801666666666666,
    "y": 46.61527777777778
}