{
    "id": "G0855",
    "x": 28.651944444444442,
    "y": 46.23972222222222
}