{
    "id": "Ch5193",
    "x": 28.517777777777777,
    "y": 46.055277777777775
}