{
    "id": "G5490",
    "x": 28.66722222222222,
    "y": 46.08972222222222
}