{
    "id": 957,
    "x": 28.262777777777778,
    "y": 46.095555555555556
}