{
    "id": "G0027",
    "x": 28.66444444444444,
    "y": 45.998333333333335
}