{
    "id": "G5740",
    "x": 28.684722222222224,
    "y": 45.853611111111114
}