{
    "id": "G5209",
    "x": 28.877222222222223,
    "y": 46.17777777777778
}