{
    "id": "Cn1125",
    "x": 28.29277777777778,
    "y": 46.17972222222222
}