{
    "id": 608,
    "x": 28.224444444444444,
    "y": 45.99055555555556
}