{
    "id": "Cm0736",
    "x": 28.640555555555554,
    "y": 46.67777777777778
}