{
    "id": "Ch0095",
    "x": 28.246944444444445,
    "y": 46.00972222222222
}