{
    "id": "Cm0589",
    "x": 28.91472222222222,
    "y": 46.58583333333333
}