{
    "id": "Cn0077",
    "x": 28.22583333333333,
    "y": 46.266666666666666
}