{
    "id": "Lv1100",
    "x": 28.483333333333334,
    "y": 46.458333333333336
}