{
    "id": "Ch0784",
    "x": 28.447777777777777,
    "y": 45.592222222222226
}