{
    "id": "G5202",
    "x": 28.870833333333334,
    "y": 46.18472222222222
}