{
    "id": "Lv1687",
    "x": 28.249722222222225,
    "y": 46.49055555555556
}