{
    "id": "G0615",
    "x": 28.592222222222222,
    "y": 46.08972222222222
}