{
    "id": 808,
    "x": 28.259444444444444,
    "y": 46.04222222222222
}