{
    "id": "Ch0390",
    "x": 28.266666666666666,
    "y": 46.09444444444445
}