{
    "id": "G5520",
    "x": 28.671666666666667,
    "y": 46.08527777777778
}