{
    "id": "Cn0915",
    "x": 28.37527777777778,
    "y": 46.288333333333334
}