{
    "id": 1648,
    "x": 28.548611111111114,
    "y": 46.617777777777775
}