{
    "id": "Cm0256",
    "x": 28.75638888888889,
    "y": 46.60611111111111
}