{
    "id": "B0116",
    "x": 28.948888888888888,
    "y": 46.355000000000004
}