{
    "id": 1860,
    "x": 28.52861111111111,
    "y": 46.525555555555556
}