{
    "id": "Cm1494",
    "x": 28.80666666666667,
    "y": 46.50416666666667
}