{
    "id": "Ch0682",
    "x": 28.316111111111113,
    "y": 45.84805555555556
}