{
    "id": "Cm1444",
    "x": 28.834166666666665,
    "y": 46.470555555555556
}