{
    "id": "Ch5217",
    "x": 28.50722222222222,
    "y": 46.061388888888885
}