{
    "id": "G0720",
    "x": 28.59111111111111,
    "y": 46.09861111111111
}