{
    "id": "Cm0354",
    "x": 28.647777777777776,
    "y": 46.67361111111111
}