{
    "id": "Cm1295",
    "x": 28.89638888888889,
    "y": 46.69166666666666
}