{
    "id": 1671,
    "x": 28.466666666666665,
    "y": 46.60777777777778
}