{
    "id": "Lv1010",
    "x": 28.44611111111111,
    "y": 46.431666666666665
}