{
    "id": "G1033",
    "x": 28.503055555555555,
    "y": 46.088055555555556
}