{
    "id": "B0077",
    "x": 28.933333333333334,
    "y": 46.36416666666667
}