{
    "id": "G5062",
    "x": 28.849166666666665,
    "y": 46.251666666666665
}