{
    "id": "Cn1059",
    "x": 28.40722222222222,
    "y": 46.11027777777778
}