{
    "id": "Ch0873",
    "x": 28.228055555555553,
    "y": 46.034166666666664
}