{
    "id": "Lv0830",
    "x": 28.320833333333333,
    "y": 46.572500000000005
}