{
    "id": "G1031",
    "x": 28.506944444444443,
    "y": 46.08583333333333
}