{
    "id": "G0417",
    "x": 28.599166666666665,
    "y": 46.12083333333334
}