{
    "id": 113,
    "x": 28.58111111111111,
    "y": 45.85722222222223
}