{
    "id": "Cm0267",
    "x": 28.747222222222224,
    "y": 46.61222222222222
}