{
    "id": "G1521",
    "x": 28.450833333333332,
    "y": 45.86972222222222
}