{
    "id": "Cn0422",
    "x": 28.33111111111111,
    "y": 46.30583333333333
}