{
    "id": "G0731",
    "x": 28.589444444444442,
    "y": 46.08583333333333
}