{
    "id": "B0343",
    "x": 28.949722222222224,
    "y": 46.34138888888889
}