{
    "id": "Ch5045",
    "x": 28.175555555555558,
    "y": 45.80916666666666
}