{
    "id": "Cn0624",
    "x": 28.419722222222223,
    "y": 46.217222222222226
}