{
    "id": 1793,
    "x": 28.46472222222222,
    "y": 46.668055555555554
}