{
    "id": "Ch5052",
    "x": 28.184166666666666,
    "y": 45.823055555555555
}