{
    "id": "Cn0416",
    "x": 28.329722222222223,
    "y": 46.309999999999995
}