{
    "id": "Cn1050",
    "x": 28.408055555555553,
    "y": 46.11222222222222
}