{
    "id": "Cm0729",
    "x": 28.641944444444444,
    "y": 46.70777777777778
}