{
    "id": "Cm1628",
    "x": 28.753611111111113,
    "y": 46.525277777777774
}