{
    "id": "B0167",
    "x": 28.90722222222222,
    "y": 46.418055555555554
}