{
    "id": "Cm1607",
    "x": 28.780833333333334,
    "y": 46.53138888888889
}