{
    "id": "Cn0784",
    "x": 28.40111111111111,
    "y": 46.324444444444445
}