{
    "id": "Lv1661",
    "x": 28.25611111111111,
    "y": 46.49527777777778
}