{
    "id": 859,
    "x": 28.339166666666664,
    "y": 46.02472222222222
}