{
    "id": "Lv1414",
    "x": 28.25027777777778,
    "y": 46.526944444444446
}