{
    "id": "Cm0278",
    "x": 28.802222222222223,
    "y": 46.61388888888889
}