{
    "id": "Cm0844",
    "x": 28.909444444444443,
    "y": 46.62111111111111
}