{
    "id": "Cn0856",
    "x": 28.408055555555553,
    "y": 46.35388888888889
}