{
    "id": "Ch0424",
    "x": 28.253888888888888,
    "y": 46.09722222222222
}