{
    "id": "G0331",
    "x": 28.609722222222224,
    "y": 46.11555555555556
}