{
    "id": "Cm0915",
    "x": 28.628611111111113,
    "y": 46.56527777777777
}