{
    "id": "Lv1357",
    "x": 28.264166666666668,
    "y": 46.426944444444445
}