{
    "id": "Lv0877",
    "x": 28.34583333333333,
    "y": 46.45638888888889
}