{
    "id": "Ch5169",
    "x": 28.490833333333335,
    "y": 46.098333333333336
}