{
    "id": 478,
    "x": 28.971944444444443,
    "y": 46.147777777777776
}