{
    "id": "G0480",
    "x": 28.58222222222222,
    "y": 46.11888888888889
}