{
    "id": "Cm0891",
    "x": 28.90083333333333,
    "y": 46.61361111111111
}