{
    "id": "Ch0042",
    "x": 28.220277777777778,
    "y": 45.987500000000004
}