{
    "id": 1706,
    "x": 28.418055555555558,
    "y": 46.61472222222223
}