{
    "id": "Cn0710",
    "x": 28.410833333333333,
    "y": 46.349444444444444
}