{
    "id": "G1133",
    "x": 28.611666666666668,
    "y": 46.42666666666666
}