{
    "id": "Ch5200",
    "x": 28.52777777777778,
    "y": 46.04972222222222
}