{
    "id": "G5298",
    "x": 28.76222222222222,
    "y": 46.10666666666667
}