{
    "id": "Lv0445",
    "x": 28.544722222222223,
    "y": 46.57527777777778
}