{
    "id": "G0477",
    "x": 28.585277777777776,
    "y": 46.11527777777778
}