{
    "id": "Cm0178",
    "x": 28.759166666666665,
    "y": 46.591944444444444
}