{
    "id": "G1304",
    "x": 28.64527777777778,
    "y": 46.302499999999995
}