{
    "id": "G0296",
    "x": 28.56638888888889,
    "y": 46.03722222222222
}