{
    "id": 683,
    "x": 28.247222222222224,
    "y": 46.00472222222222
}