{
    "id": "Lv1134",
    "x": 28.528888888888886,
    "y": 46.36666666666667
}