{
    "id": "Ch5181",
    "x": 28.487222222222222,
    "y": 46.09861111111111
}