{
    "id": 848,
    "x": 28.349444444444444,
    "y": 45.973888888888894
}