{
    "id": "Lv1341",
    "x": 28.429166666666667,
    "y": 46.52972222222222
}