{
    "id": "G5078",
    "x": 28.831666666666667,
    "y": 46.25083333333333
}