{
    "id": "Cm0357",
    "x": 28.64527777777778,
    "y": 46.67527777777777
}