{
    "id": "G1526",
    "x": 28.563055555555557,
    "y": 46.33777777777778
}