{
    "id": "Cn0360",
    "x": 28.248611111111114,
    "y": 46.23638888888889
}