{
    "id": "Ch0669",
    "x": 28.31416666666667,
    "y": 45.85472222222222
}