{
    "id": "Lv0753",
    "x": 28.32361111111111,
    "y": 46.56916666666667
}