{
    "id": "B0230",
    "x": 28.954444444444444,
    "y": 46.480000000000004
}