{
    "id": "Lv0947",
    "x": 28.43277777777778,
    "y": 46.43055555555555
}