{
    "id": "Cm0723",
    "x": 28.639166666666664,
    "y": 46.706944444444446
}