{
    "id": 1025,
    "x": 28.214444444444442,
    "y": 46.065555555555555
}