{
    "id": "Lv1750",
    "x": 28.263333333333332,
    "y": 46.480555555555554
}