{
    "id": "G0619",
    "x": 28.59361111111111,
    "y": 46.10388888888889
}