{
    "id": "Cn0382",
    "x": 28.340277777777775,
    "y": 46.26111111111111
}