{
    "id": "G5664",
    "x": 28.69527777777778,
    "y": 45.85583333333334
}