{
    "id": "Lv1604",
    "x": 28.378333333333334,
    "y": 46.382222222222225
}