{
    "id": "Lv1701",
    "x": 28.246111111111112,
    "y": 46.494166666666665
}