{
    "id": 954,
    "x": 28.269444444444442,
    "y": 46.09583333333334
}