{
    "id": "G0847",
    "x": 28.638333333333332,
    "y": 46.217777777777776
}