{
    "id": "Cn0773",
    "x": 28.453611111111112,
    "y": 46.32361111111111
}