{
    "id": "Cm0180",
    "x": 28.75777777777778,
    "y": 46.59305555555556
}