{
    "id": "B0313",
    "x": 28.95638888888889,
    "y": 46.33777777777778
}