{
    "id": "Lv0872",
    "x": 28.349722222222223,
    "y": 46.46083333333333
}