{
    "id": "G5831",
    "x": 28.443333333333335,
    "y": 45.55083333333333
}