{
    "id": "G1769",
    "x": 28.84361111111111,
    "y": 46.07027777777778
}