{
    "id": "G0675",
    "x": 28.585277777777776,
    "y": 46.099444444444444
}