{
    "id": "Cm0813",
    "x": 28.91888888888889,
    "y": 46.61527777777778
}