{
    "id": "Cn0222",
    "x": 28.15361111111111,
    "y": 46.23638888888889
}