{
    "id": "Cn0793",
    "x": 28.405555555555555,
    "y": 46.327222222222225
}