{
    "id": "Cn0257",
    "x": 28.161944444444444,
    "y": 46.16222222222222
}