{
    "id": "G1754",
    "x": 28.845277777777778,
    "y": 46.066111111111105
}