{
    "id": "Cn1043",
    "x": 28.404444444444444,
    "y": 46.13861111111111
}