{
    "id": "G5872",
    "x": 28.476388888888888,
    "y": 45.677499999999995
}