{
    "id": "Lv1328",
    "x": 28.316666666666666,
    "y": 46.42944444444444
}