{
    "id": "B0026",
    "x": 28.871111111111112,
    "y": 46.440555555555555
}