{
    "id": "Ch0447",
    "x": 28.228888888888886,
    "y": 46.07694444444445
}