{
    "id": "Lv1638",
    "x": 28.35666666666667,
    "y": 46.37416666666667
}