{
    "id": "Cn0303",
    "x": 28.185277777777777,
    "y": 46.115833333333335
}