{
    "id": "B0066",
    "x": 28.936666666666667,
    "y": 46.355555555555554
}