{
    "id": "G0094",
    "x": 28.65583333333333,
    "y": 46.01416666666667
}