{
    "id": "Ch0627",
    "x": 28.346666666666664,
    "y": 45.94777777777777
}