{
    "id": "B0089",
    "x": 28.931944444444447,
    "y": 46.363055555555555
}