{
    "id": "Ch5189",
    "x": 28.509166666666665,
    "y": 46.06111111111111
}