{
    "id": "B0153",
    "x": 28.906666666666666,
    "y": 46.39388888888889
}