{
    "id": "Cm1355",
    "x": 28.996111111111112,
    "y": 46.583333333333336
}