{
    "id": "Lv0464",
    "x": 28.54138888888889,
    "y": 46.57138888888889
}