{
    "id": 749,
    "x": 28.16861111111111,
    "y": 46.051111111111105
}