{
    "id": "Lv1590",
    "x": 28.375833333333333,
    "y": 46.38805555555555
}