{
    "id": 1853,
    "x": 28.52472222222222,
    "y": 46.530277777777776
}