{
    "id": "Lv1074",
    "x": 28.480277777777776,
    "y": 46.46361111111111
}