{
    "id": "Cn0803",
    "x": 28.404444444444444,
    "y": 46.33388888888889
}