{
    "id": "Lv1549",
    "x": 28.265555555555554,
    "y": 46.60416666666667
}