{
    "id": "Lv1048",
    "x": 28.478888888888886,
    "y": 46.45777777777778
}