{
    "id": "Ch0111",
    "x": 28.247222222222224,
    "y": 46.007777777777775
}