{
    "id": "G0585",
    "x": 28.59472222222222,
    "y": 46.10583333333334
}