{
    "id": "G0918",
    "x": 28.65138888888889,
    "y": 46.227222222222224
}