{
    "id": "Cn0299",
    "x": 28.184166666666666,
    "y": 46.12861111111111
}