{
    "id": "G0217",
    "x": 28.65972222222222,
    "y": 45.99666666666667
}