{
    "id": "Ch5159",
    "x": 28.480833333333333,
    "y": 46.10583333333334
}