{
    "id": "Cn0947",
    "x": 28.509722222222223,
    "y": 46.26111111111111
}