{
    "id": "Ch0195",
    "x": 28.166666666666668,
    "y": 46.05916666666666
}