{
    "id": 129,
    "x": 28.58361111111111,
    "y": 45.86638888888889
}