{
    "id": "Cm0826",
    "x": 28.90722222222222,
    "y": 46.620555555555555
}