{
    "id": "Lv1064",
    "x": 28.477777777777778,
    "y": 46.45472222222222
}