{
    "id": "Cm0936",
    "x": 28.59722222222222,
    "y": 46.57333333333334
}