{
    "id": "Cm1325",
    "x": 28.816666666666666,
    "y": 46.69027777777777
}