{
    "id": "Lv1177",
    "x": 28.518055555555556,
    "y": 46.37166666666667
}