{
    "id": "G5720",
    "x": 28.69527777777778,
    "y": 45.83777777777778
}