{
    "id": "G0357",
    "x": 28.600555555555555,
    "y": 46.114444444444445
}