{
    "id": "Lv0903",
    "x": 28.41722222222222,
    "y": 46.42444444444444
}