{
    "id": "Cn0352",
    "x": 28.25611111111111,
    "y": 46.23416666666667
}