{
    "id": "G1046",
    "x": 28.605555555555558,
    "y": 46.43722222222222
}