{
    "id": 956,
    "x": 28.266111111111112,
    "y": 46.096111111111114
}