{
    "id": "Cm0616",
    "x": 28.930833333333336,
    "y": 46.55333333333333
}