{
    "id": "Lv1015",
    "x": 28.43722222222222,
    "y": 46.425555555555555
}