{
    "id": "Cn0236",
    "x": 28.162499999999998,
    "y": 46.19499999999999
}