{
    "id": "Ch0442",
    "x": 28.224999999999998,
    "y": 46.072500000000005
}