{
    "id": "G5112",
    "x": 28.835833333333333,
    "y": 46.26138888888889
}