{
    "id": 1078,
    "x": 28.41861111111111,
    "y": 46.014722222222225
}