{
    "id": "G1513",
    "x": 28.444444444444446,
    "y": 45.87861111111111
}