{
    "id": "Lv1130",
    "x": 28.52777777777778,
    "y": 46.36638888888889
}