{
    "id": "Lv1102",
    "x": 28.47138888888889,
    "y": 46.44222222222222
}