{
    "id": "Cm1611",
    "x": 28.75888888888889,
    "y": 46.53111111111111
}