{
    "id": 1366,
    "x": 28.449166666666667,
    "y": 45.58388888888889
}