{
    "id": "G5412",
    "x": 28.672222222222224,
    "y": 46.10333333333333
}