{
    "id": "G5085",
    "x": 28.82777777777778,
    "y": 46.25527777777778
}