{
    "id": "G0247",
    "x": 28.65222222222222,
    "y": 45.99944444444444
}