{
    "id": 761,
    "x": 28.176944444444445,
    "y": 46.09166666666667
}