{
    "id": "G5182",
    "x": 28.77138888888889,
    "y": 46.19333333333333
}