{
    "id": "Cn0580",
    "x": 28.209444444444443,
    "y": 46.316944444444445
}