{
    "id": 1806,
    "x": 28.459722222222222,
    "y": 46.66583333333333
}