{
    "id": 1404,
    "x": 28.19472222222222,
    "y": 45.91111111111111
}