{
    "id": 740,
    "x": 28.162777777777777,
    "y": 46.014722222222225
}