{
    "id": "G1362",
    "x": 28.66361111111111,
    "y": 46.35916666666667
}