{
    "id": "Cm1334",
    "x": 28.759444444444444,
    "y": 46.668055555555554
}