{
    "id": 1298,
    "x": 28.33361111111111,
    "y": 45.81305555555555
}