{
    "id": "Lv0829",
    "x": 28.32138888888889,
    "y": 46.572500000000005
}