{
    "id": "Cn0779",
    "x": 28.44388888888889,
    "y": 46.33277777777778
}