{
    "id": "Cm1139",
    "x": 28.760833333333334,
    "y": 46.44027777777777
}