{
    "id": "G5156",
    "x": 28.764444444444443,
    "y": 46.18416666666666
}