{
    "id": "Cm0245",
    "x": 28.759444444444444,
    "y": 46.61472222222223
}