{
    "id": "Cm1342",
    "x": 28.766111111111112,
    "y": 46.66722222222222
}