{
    "id": "Cn0742",
    "x": 28.41638888888889,
    "y": 46.359722222222224
}