{
    "id": 473,
    "x": 28.95777777777778,
    "y": 46.14888888888889
}