{
    "id": 1636,
    "x": 28.551944444444445,
    "y": 46.624722222222225
}