{
    "id": "Cm1416",
    "x": 29.010833333333334,
    "y": 46.577222222222225
}