{
    "id": "Ch5037",
    "x": 28.180833333333336,
    "y": 45.80333333333333
}