{
    "id": "Cm0516",
    "x": 28.747777777777777,
    "y": 46.731388888888894
}