{
    "id": "Lv1012",
    "x": 28.442222222222224,
    "y": 46.42777777777778
}