{
    "id": "G1553",
    "x": 28.81138888888889,
    "y": 46.05694444444444
}