{
    "id": "Lv1397",
    "x": 28.253333333333334,
    "y": 46.52444444444444
}