{
    "id": "Cm0078",
    "x": 28.70111111111111,
    "y": 46.68888888888888
}