{
    "id": "Cm1171",
    "x": 28.753333333333334,
    "y": 46.42861111111111
}