{
    "id": "Cm0379",
    "x": 28.693333333333335,
    "y": 46.64861111111111
}