{
    "id": 306,
    "x": 28.478055555555553,
    "y": 45.97805555555556
}