{
    "id": "Lv0579",
    "x": 28.356944444444444,
    "y": 46.51555555555556
}