{
    "id": "G0822",
    "x": 28.647222222222222,
    "y": 46.23583333333333
}