{
    "id": "Cn0866",
    "x": 28.407777777777778,
    "y": 46.36055555555556
}