{
    "id": 1564,
    "x": 28.410277777777775,
    "y": 46.581388888888895
}