{
    "id": "Cn0824",
    "x": 28.399444444444445,
    "y": 46.32083333333334
}