{
    "id": "Lv0846",
    "x": 28.334999999999997,
    "y": 46.57833333333333
}