{
    "id": "Cm1516",
    "x": 28.79416666666667,
    "y": 46.516666666666666
}