{
    "id": "Lv1203",
    "x": 28.518055555555556,
    "y": 46.38138888888889
}