{
    "id": 1805,
    "x": 28.460555555555555,
    "y": 46.666666666666664
}