{
    "id": 11,
    "x": 28.574166666666667,
    "y": 45.93583333333333
}