{
    "id": "Cn0327",
    "x": 28.224999999999998,
    "y": 46.21888888888889
}