{
    "id": "G5136",
    "x": 28.76527777777778,
    "y": 46.197222222222216
}