{
    "id": "Lv0968",
    "x": 28.441666666666666,
    "y": 46.42972222222222
}