{
    "id": "T0494",
    "x": 28.926944444444445,
    "y": 46.02166666666667
}