{
    "id": "Lv1610",
    "x": 28.380277777777778,
    "y": 46.37777777777778
}