{
    "id": "G5578",
    "x": 28.81722222222222,
    "y": 46.37388888888889
}