{
    "id": "G5299",
    "x": 28.76222222222222,
    "y": 46.105000000000004
}