{
    "id": "Lv0070",
    "x": 28.464166666666667,
    "y": 46.56333333333333
}