{
    "id": "Lv1271",
    "x": 28.514722222222222,
    "y": 46.37027777777778
}