{
    "id": "Cm0404",
    "x": 28.674444444444447,
    "y": 46.65472222222222
}