{
    "id": "Cm1128",
    "x": 28.88222222222222,
    "y": 46.67333333333333
}