{
    "id": "Lv1335",
    "x": 28.31277777777778,
    "y": 46.42388888888889
}