{
    "id": "G5400",
    "x": 28.677222222222223,
    "y": 46.099444444444444
}