{
    "id": "G5789",
    "x": 28.689444444444444,
    "y": 45.84138888888889
}