{
    "id": "G0699",
    "x": 28.586944444444445,
    "y": 46.09666666666667
}