{
    "id": "Cn0066",
    "x": 28.21861111111111,
    "y": 46.261944444444445
}