{
    "id": "Cm0048",
    "x": 28.70611111111111,
    "y": 46.68694444444444
}