{
    "id": "G5140",
    "x": 28.761666666666667,
    "y": 46.198055555555555
}