{
    "id": "Cn0919",
    "x": 28.373333333333335,
    "y": 46.288333333333334
}