{
    "id": "G1621",
    "x": 28.82611111111111,
    "y": 46.050555555555555
}