{
    "id": "B0331",
    "x": 28.954722222222223,
    "y": 46.34305555555556
}