{
    "id": "Lv1567",
    "x": 28.385833333333334,
    "y": 46.394444444444446
}