{
    "id": "Lv0878",
    "x": 28.348888888888887,
    "y": 46.456944444444446
}