{
    "id": "G0482",
    "x": 28.585833333333333,
    "y": 46.11611111111111
}