{
    "id": "G5812",
    "x": 28.689722222222223,
    "y": 45.86083333333333
}