{
    "id": "Cn0989",
    "x": 28.52583333333333,
    "y": 46.269444444444446
}