{
    "id": "Cm0345",
    "x": 28.655277777777776,
    "y": 46.66972222222222
}