{
    "id": "Cn0852",
    "x": 28.409166666666664,
    "y": 46.35333333333333
}