{
    "id": 209,
    "x": 28.56861111111111,
    "y": 45.77472222222222
}