{
    "id": "G1699",
    "x": 28.842777777777776,
    "y": 46.05888888888889
}