{
    "id": "B0102",
    "x": 28.921944444444446,
    "y": 46.374722222222225
}