{
    "id": "Lv1376",
    "x": 28.247500000000002,
    "y": 46.40972222222222
}