{
    "id": "Cm1151",
    "x": 28.748055555555556,
    "y": 46.44833333333333
}