{
    "id": 675,
    "x": 28.24416666666667,
    "y": 46.00527777777778
}