{
    "id": "Cn0427",
    "x": 28.32111111111111,
    "y": 46.29472222222222
}