{
    "id": "Cn1244",
    "x": 28.15111111111111,
    "y": 46.23305555555556
}