{
    "id": "Cm1115",
    "x": 28.835833333333333,
    "y": 46.657222222222224
}