{
    "id": 1630,
    "x": 28.552777777777777,
    "y": 46.63055555555555
}