{
    "id": "Lv1679",
    "x": 28.25111111111111,
    "y": 46.49277777777778
}