{
    "id": "Cn0799",
    "x": 28.40833333333333,
    "y": 46.32944444444445
}