{
    "id": "Lv0656",
    "x": 28.334999999999997,
    "y": 46.58222222222223
}