{
    "id": 674,
    "x": 28.244722222222222,
    "y": 46.00555555555555
}