{
    "id": "Cn0157",
    "x": 28.281944444444445,
    "y": 46.31305555555555
}