{
    "id": "Cn1169",
    "x": 28.24388888888889,
    "y": 46.150555555555556
}