{
    "id": "Cm1293",
    "x": 28.896944444444443,
    "y": 46.69305555555555
}