{
    "id": "G0396",
    "x": 28.600833333333334,
    "y": 46.118611111111115
}