{
    "id": "G5500",
    "x": 28.66861111111111,
    "y": 46.08888888888889
}