{
    "id": "Cm1484",
    "x": 28.799444444444447,
    "y": 46.51416666666667
}