{
    "id": "Cm0248",
    "x": 28.758333333333333,
    "y": 46.61388888888889
}