{
    "id": "G5398",
    "x": 28.676944444444445,
    "y": 46.093611111111116
}