{
    "id": "G1724",
    "x": 28.836666666666666,
    "y": 46.059999999999995
}