{
    "id": "G0755",
    "x": 28.608055555555556,
    "y": 46.11194444444445
}