{
    "id": "G0246",
    "x": 28.651666666666664,
    "y": 46.00055555555556
}