{
    "id": "G1791",
    "x": 28.81861111111111,
    "y": 46.06805555555556
}