{
    "id": "G5570",
    "x": 28.822222222222223,
    "y": 46.36277777777778
}