{
    "id": 355,
    "x": 28.735555555555557,
    "y": 46.028888888888886
}