{
    "id": "B0008",
    "x": 28.866944444444446,
    "y": 46.45166666666667
}