{
    "id": "G0326",
    "x": 28.605833333333333,
    "y": 46.11027777777778
}