{
    "id": "Lv0985",
    "x": 28.46972222222222,
    "y": 46.442499999999995
}