{
    "id": "Cm1227",
    "x": 28.63111111111111,
    "y": 46.48083333333334
}