{
    "id": "G1034",
    "x": 28.502777777777776,
    "y": 46.08833333333334
}