{
    "id": "G1061",
    "x": 28.599444444444444,
    "y": 46.42861111111111
}