{
    "id": "G0353",
    "x": 28.603611111111114,
    "y": 46.11333333333334
}