{
    "id": "G5858",
    "x": 28.880833333333335,
    "y": 46.12583333333333
}