{
    "id": 560,
    "x": 28.19527777777778,
    "y": 45.95666666666667
}