{
    "id": "Lv0628",
    "x": 28.361944444444447,
    "y": 46.50888888888889
}