{
    "id": "Cn0515",
    "x": 28.31388888888889,
    "y": 46.20111111111111
}