{
    "id": "Lv0935",
    "x": 28.42638888888889,
    "y": 46.42333333333333
}