{
    "id": "Cm0674",
    "x": 28.58722222222222,
    "y": 46.64472222222222
}