{
    "id": "T0492",
    "x": 28.93166666666667,
    "y": 46.02333333333333
}