{
    "id": "G5643",
    "x": 28.699166666666667,
    "y": 45.86333333333334
}