{
    "id": "B0024",
    "x": 28.868333333333332,
    "y": 46.45805555555556
}