{
    "id": "T0419",
    "x": 28.630833333333335,
    "y": 45.78388888888889
}