{
    "id": "G5098",
    "x": 28.835555555555555,
    "y": 46.25416666666667
}