{
    "id": "Cm1473",
    "x": 29.026666666666667,
    "y": 46.52361111111111
}