{
    "id": "B0056",
    "x": 28.874166666666667,
    "y": 46.45777777777778
}