{
    "id": 118,
    "x": 28.58277777777778,
    "y": 45.858333333333334
}