{
    "id": "Cn0751",
    "x": 28.441666666666666,
    "y": 46.33638888888889
}