{
    "id": "G5100",
    "x": 28.834999999999997,
    "y": 46.253055555555555
}