{
    "id": "Lv1479",
    "x": 28.245555555555555,
    "y": 46.559444444444445
}