{
    "id": "Lv1175",
    "x": 28.523333333333333,
    "y": 46.37916666666667
}