{
    "id": "Cm1480",
    "x": 28.797500000000003,
    "y": 46.51611111111111
}