{
    "id": "G5161",
    "x": 28.760555555555555,
    "y": 46.18111111111111
}