{
    "id": "Ch0349",
    "x": 28.33138888888889,
    "y": 46.105555555555554
}