{
    "id": "Cm0711",
    "x": 28.630277777777778,
    "y": 46.69972222222222
}