{
    "id": "Cm1604",
    "x": 28.77722222222222,
    "y": 46.533055555555556
}