{
    "id": "G0135",
    "x": 28.65083333333333,
    "y": 46.00944444444445
}