{
    "id": "Lv0633",
    "x": 28.358055555555556,
    "y": 46.51027777777778
}