{
    "id": "Cn0167",
    "x": 28.274166666666666,
    "y": 46.308611111111105
}