{
    "id": "G1107",
    "x": 28.609166666666667,
    "y": 46.42722222222222
}