{
    "id": "G1006",
    "x": 28.64388888888889,
    "y": 46.17944444444444
}