{
    "id": "Cn0822",
    "x": 28.398055555555555,
    "y": 46.323888888888895
}