{
    "id": "G5781",
    "x": 28.68777777777778,
    "y": 45.84027777777778
}