{
    "id": "G0511",
    "x": 28.591944444444444,
    "y": 46.11194444444445
}