{
    "id": "Cm1107",
    "x": 28.83861111111111,
    "y": 46.65861111111111
}