{
    "id": "Cm1207",
    "x": 28.64472222222222,
    "y": 46.47805555555556
}