{
    "id": "Cn1151",
    "x": 28.404722222222222,
    "y": 46.14611111111111
}