{
    "id": "Lv1268",
    "x": 28.515555555555554,
    "y": 46.37138888888889
}