{
    "id": "G0459",
    "x": 28.59611111111111,
    "y": 46.11222222222222
}