{
    "id": 1478,
    "x": 28.464444444444442,
    "y": 46.58527777777778
}