{
    "id": "Lv1174",
    "x": 28.523055555555555,
    "y": 46.378055555555555
}