{
    "id": "T0180",
    "x": 28.531388888888888,
    "y": 45.80444444444444
}