{
    "id": "Lv1685",
    "x": 28.25027777777778,
    "y": 46.49166666666667
}