{
    "id": "Cm1557",
    "x": 28.803611111111113,
    "y": 46.534166666666664
}