{
    "id": "Ch0253",
    "x": 28.255555555555556,
    "y": 46.040277777777774
}