{
    "id": "Cm0636",
    "x": 28.923055555555557,
    "y": 46.55444444444444
}