{
    "id": "G0690",
    "x": 28.58611111111111,
    "y": 46.09805555555556
}