{
    "id": "G1302",
    "x": 28.645555555555553,
    "y": 46.30333333333333
}