{
    "id": 1729,
    "x": 28.428333333333335,
    "y": 46.64833333333333
}