{
    "id": "G0547",
    "x": 28.589444444444442,
    "y": 46.11055555555556
}