{
    "id": "Cm1423",
    "x": 29.011388888888888,
    "y": 46.580000000000005
}