{
    "id": "Lv1699",
    "x": 28.246666666666666,
    "y": 46.49194444444444
}