{
    "id": "Lv1029",
    "x": 28.423333333333336,
    "y": 46.41722222222222
}