{
    "id": "Cm0368",
    "x": 28.708055555555553,
    "y": 46.64416666666666
}