{
    "id": "G1490",
    "x": 28.51388888888889,
    "y": 46.16083333333333
}