{
    "id": "G1532",
    "x": 28.805555555555557,
    "y": 46.05583333333333
}