{
    "id": "Lv1622",
    "x": 28.36888888888889,
    "y": 46.38166666666667
}