{
    "id": "Cm0255",
    "x": 28.755277777777778,
    "y": 46.60472222222222
}