{
    "id": "G5540",
    "x": 28.822499999999998,
    "y": 46.37583333333333
}