{
    "id": 68,
    "x": 28.593055555555555,
    "y": 45.90138888888889
}