{
    "id": "Cn1217",
    "x": 28.279999999999998,
    "y": 46.163888888888884
}