{
    "id": "Cn0188",
    "x": 28.30777777777778,
    "y": 46.30305555555555
}