{
    "id": "Cn0827",
    "x": 28.39527777777778,
    "y": 46.32527777777778
}