{
    "id": "Cn1020",
    "x": 28.45611111111111,
    "y": 46.22805555555556
}