{
    "id": "Cn0002",
    "x": 28.231388888888887,
    "y": 46.282777777777774
}