{
    "id": "G1351",
    "x": 28.66777777777778,
    "y": 46.30166666666666
}