{
    "id": "Ch5225",
    "x": 28.50638888888889,
    "y": 46.05777777777777
}