{
    "id": "Cm1120",
    "x": 28.83138888888889,
    "y": 46.65611111111111
}