{
    "id": "Lv0814",
    "x": 28.32138888888889,
    "y": 46.575833333333335
}