{
    "id": "Lv1508",
    "x": 28.254444444444445,
    "y": 46.63027777777778
}