{
    "id": "Ch5003",
    "x": 28.172777777777778,
    "y": 45.67194444444444
}