{
    "id": "Cn0171",
    "x": 28.30388888888889,
    "y": 46.343611111111116
}