{
    "id": "Cn0421",
    "x": 28.33111111111111,
    "y": 46.30555555555555
}