{
    "id": "Lv1262",
    "x": 28.514722222222222,
    "y": 46.374722222222225
}