{
    "id": 445,
    "x": 28.973888888888887,
    "y": 46.165277777777774
}