{
    "id": "Lv1475",
    "x": 28.24527777777778,
    "y": 46.57083333333334
}