{
    "id": "G5373",
    "x": 28.683611111111112,
    "y": 46.10166666666667
}