{
    "id": 1134,
    "x": 28.33222222222222,
    "y": 45.98833333333334
}