{
    "id": "G5355",
    "x": 28.685833333333335,
    "y": 46.097500000000004
}