{
    "id": "Ch0566",
    "x": 28.379166666666666,
    "y": 46.03583333333333
}