{
    "id": 1337,
    "x": 28.444166666666668,
    "y": 45.56944444444445
}