{
    "id": "G1167",
    "x": 28.61861111111111,
    "y": 46.42833333333333
}