{
    "id": "Cm1570",
    "x": 28.805833333333332,
    "y": 46.53111111111111
}