{
    "id": "G1492",
    "x": 28.51388888888889,
    "y": 46.163333333333334
}