{
    "id": "T0237",
    "x": 28.48777777777778,
    "y": 45.94083333333333
}