{
    "id": 1389,
    "x": 28.450555555555553,
    "y": 45.614444444444445
}