{
    "id": "G5433",
    "x": 28.670555555555556,
    "y": 46.10444444444445
}