{
    "id": "G0416",
    "x": 28.599166666666665,
    "y": 46.12027777777778
}