{
    "id": "G5535",
    "x": 28.67361111111111,
    "y": 46.09111111111111
}