{
    "id": "G1086",
    "x": 28.59861111111111,
    "y": 46.42777777777778
}