{
    "id": "Cm1556",
    "x": 28.80527777777778,
    "y": 46.533055555555556
}