{
    "id": "G0180",
    "x": 28.659166666666664,
    "y": 46.00111111111111
}