{
    "id": 1661,
    "x": 28.52861111111111,
    "y": 46.60333333333333
}