{
    "id": "G5022",
    "x": 28.952222222222222,
    "y": 46.21083333333333
}