{
    "id": "G0207",
    "x": 28.654444444444444,
    "y": 45.99916666666667
}