{
    "id": "Lv1459",
    "x": 28.243333333333336,
    "y": 46.57611111111112
}