{
    "id": "Cm0962",
    "x": 28.620555555555555,
    "y": 46.53055555555555
}