{
    "id": "Cn0555",
    "x": 28.322777777777777,
    "y": 46.22666666666667
}