{
    "id": "Cn1118",
    "x": 28.346944444444443,
    "y": 46.157777777777774
}