{
    "id": 797,
    "x": 28.240555555555556,
    "y": 46.032777777777774
}