{
    "id": 1858,
    "x": 28.52138888888889,
    "y": 46.528888888888886
}