{
    "id": "B0152",
    "x": 28.904722222222222,
    "y": 46.39555555555555
}