{
    "id": "Cm1576",
    "x": 28.805555555555557,
    "y": 46.52861111111111
}