{
    "id": "Cm0855",
    "x": 28.911944444444444,
    "y": 46.61138888888889
}