{
    "id": "Lv0861",
    "x": 28.324166666666667,
    "y": 46.572500000000005
}