{
    "id": "Cn1134",
    "x": 28.279166666666665,
    "y": 46.16444444444444
}