{
    "id": "G5403",
    "x": 28.676111111111112,
    "y": 46.10416666666667
}