{
    "id": "Cn0605",
    "x": 28.394444444444446,
    "y": 46.19583333333333
}