{
    "id": "G5217",
    "x": 28.86888888888889,
    "y": 46.17972222222222
}