{
    "id": "G0507",
    "x": 28.58722222222222,
    "y": 46.11361111111111
}