{
    "id": "Lv1363",
    "x": 28.25583333333333,
    "y": 46.41916666666666
}