{
    "id": "Lv0636",
    "x": 28.359166666666667,
    "y": 46.51083333333333
}