{
    "id": 126,
    "x": 28.579722222222223,
    "y": 45.87027777777778
}