{
    "id": 1501,
    "x": 28.465833333333332,
    "y": 46.559444444444445
}