{
    "id": "Lv0352",
    "x": 28.41638888888889,
    "y": 46.663888888888884
}