{
    "id": "G1595",
    "x": 28.639444444444443,
    "y": 46.21138888888889
}