{
    "id": "Cm1541",
    "x": 28.81638888888889,
    "y": 46.51972222222222
}