{
    "id": "G1364",
    "x": 28.669444444444444,
    "y": 46.288888888888884
}