{
    "id": "Cn0853",
    "x": 28.40888888888889,
    "y": 46.35333333333333
}