{
    "id": "Ch5209",
    "x": 28.525277777777777,
    "y": 46.04833333333333
}