{
    "id": "Cn0916",
    "x": 28.374166666666667,
    "y": 46.28944444444444
}