{
    "id": "G5235",
    "x": 28.841944444444444,
    "y": 46.25111111111111
}