{
    "id": "Lv0991",
    "x": 28.460833333333333,
    "y": 46.43555555555555
}