{
    "id": "Cm0062",
    "x": 28.711388888888887,
    "y": 46.67777777777778
}