{
    "id": "Lv0136",
    "x": 28.408055555555553,
    "y": 46.58361111111111
}