{
    "id": 7,
    "x": 28.577222222222222,
    "y": 45.93333333333333
}