{
    "id": "Cm0439",
    "x": 28.93277777777778,
    "y": 46.54361111111111
}