{
    "id": "Ch0206",
    "x": 28.172222222222224,
    "y": 46.087500000000006
}