{
    "id": "G0280",
    "x": 28.56638888888889,
    "y": 46.026944444444446
}