{
    "id": "Cm0898",
    "x": 28.904166666666665,
    "y": 46.614444444444445
}