{
    "id": "G1257",
    "x": 28.634722222222223,
    "y": 46.295833333333334
}