{
    "id": "Lv1641",
    "x": 28.26638888888889,
    "y": 46.48638888888889
}