{
    "id": "Cm1125",
    "x": 28.866388888888892,
    "y": 46.63361111111111
}