{
    "id": 155,
    "x": 28.56833333333333,
    "y": 45.786944444444444
}