{
    "id": "G5635",
    "x": 28.69361111111111,
    "y": 45.86277777777778
}