{
    "id": "G5127",
    "x": 28.771666666666665,
    "y": 46.21527777777778
}