{
    "id": "G5504",
    "x": 28.668055555555558,
    "y": 46.08555555555556
}