{
    "id": 1075,
    "x": 28.41611111111111,
    "y": 46.007777777777775
}