{
    "id": 1437,
    "x": 28.468888888888888,
    "y": 46.58694444444445
}