{
    "id": "Ch0772",
    "x": 28.47694444444444,
    "y": 45.74944444444444
}