{
    "id": 1125,
    "x": 28.375555555555557,
    "y": 46.03583333333333
}