{
    "id": "G5001",
    "x": 28.939444444444444,
    "y": 46.211666666666666
}