{
    "id": 1339,
    "x": 28.446944444444444,
    "y": 45.58722222222222
}