{
    "id": "Cm1133",
    "x": 28.761666666666667,
    "y": 46.443888888888885
}