{
    "id": "Cm1126",
    "x": 28.88222222222222,
    "y": 46.665277777777774
}