{
    "id": "B0262",
    "x": 28.890833333333333,
    "y": 46.439722222222215
}