{
    "id": "B0122",
    "x": 28.954166666666666,
    "y": 46.352222222222224
}