{
    "id": 711,
    "x": 28.173333333333336,
    "y": 45.99194444444444
}