{
    "id": 559,
    "x": 28.193055555555556,
    "y": 45.95416666666667
}