{
    "id": "T0182",
    "x": 28.530555555555555,
    "y": 45.79722222222222
}