{
    "id": "Cm1386",
    "x": 29.00138888888889,
    "y": 46.573055555555555
}