{
    "id": "Lv0854",
    "x": 28.324166666666667,
    "y": 46.57416666666667
}