{
    "id": "G1108",
    "x": 28.610277777777778,
    "y": 46.428888888888885
}