{
    "id": "G0295",
    "x": 28.56361111111111,
    "y": 46.03638888888889
}