{
    "id": 1148,
    "x": 28.411666666666665,
    "y": 45.93138888888889
}