{
    "id": "G5294",
    "x": 28.761944444444445,
    "y": 46.23722222222222
}