{
    "id": "Cm0157",
    "x": 28.74527777777778,
    "y": 46.58583333333333
}