{
    "id": "G0545",
    "x": 28.59111111111111,
    "y": 46.11027777777778
}