{
    "id": "Cm0824",
    "x": 28.91111111111111,
    "y": 46.619166666666665
}