{
    "id": "Cn1072",
    "x": 28.39472222222222,
    "y": 46.10611111111111
}