{
    "id": 676,
    "x": 28.24388888888889,
    "y": 46.00416666666667
}