{
    "id": "Cm1354",
    "x": 28.991666666666667,
    "y": 46.58222222222223
}