{
    "id": "Cm1400",
    "x": 29.005277777777778,
    "y": 46.57805555555556
}