{
    "id": "G0663",
    "x": 28.584166666666665,
    "y": 46.102222222222224
}