{
    "id": "T0319",
    "x": 28.573055555555555,
    "y": 46.00388888888889
}