{
    "id": "G5036",
    "x": 28.93722222222222,
    "y": 46.19888888888889
}