{
    "id": 1572,
    "x": 28.402777777777775,
    "y": 46.58638888888889
}