{
    "id": "Ch0153",
    "x": 28.173055555555557,
    "y": 45.99388888888889
}