{
    "id": "G0779",
    "x": 28.649722222222223,
    "y": 46.23777777777778
}