{
    "id": "Ch5007",
    "x": 28.19611111111111,
    "y": 45.67333333333333
}