{
    "id": 1468,
    "x": 28.467777777777776,
    "y": 46.58277777777778
}