{
    "id": "Cn1212",
    "x": 28.28888888888889,
    "y": 46.172777777777775
}