{
    "id": "G1037",
    "x": 28.513333333333332,
    "y": 46.08888888888889
}