{
    "id": "G5108",
    "x": 28.834999999999997,
    "y": 46.257222222222225
}