{
    "id": "Cn0686",
    "x": 28.475277777777777,
    "y": 46.13861111111111
}