{
    "id": "G0626",
    "x": 28.588055555555556,
    "y": 46.10472222222222
}