{
    "id": "Cm1250",
    "x": 28.83888888888889,
    "y": 46.49722222222222
}