{
    "id": "Cm1036",
    "x": 28.871944444444445,
    "y": 46.63194444444444
}