{
    "id": "G0283",
    "x": 28.56861111111111,
    "y": 46.026944444444446
}