{
    "id": 1621,
    "x": 28.522499999999997,
    "y": 46.651666666666664
}