{
    "id": "Ch5040",
    "x": 28.18888888888889,
    "y": 45.80027777777777
}