{
    "id": "G5582",
    "x": 28.82027777777778,
    "y": 46.36694444444444
}