{
    "id": "G5426",
    "x": 28.674444444444447,
    "y": 46.10138888888889
}