{
    "id": "Cn0013",
    "x": 28.22833333333333,
    "y": 46.278055555555554
}