{
    "id": "Cm0583",
    "x": 28.916666666666668,
    "y": 46.591944444444444
}