{
    "id": "Lv0757",
    "x": 28.328055555555554,
    "y": 46.57222222222222
}