{
    "id": 1004,
    "x": 28.228888888888886,
    "y": 46.07694444444445
}