{
    "id": "G1215",
    "x": 28.661666666666665,
    "y": 46.367222222222225
}