{
    "id": "G1222",
    "x": 28.604444444444447,
    "y": 46.43388888888889
}