{
    "id": "B0285",
    "x": 28.79416666666667,
    "y": 46.31472222222222
}