{
    "id": "Cm0737",
    "x": 28.638333333333332,
    "y": 46.67972222222222
}