{
    "id": "Cn1088",
    "x": 28.359722222222224,
    "y": 46.12444444444444
}