{
    "id": "T0154",
    "x": 28.57027777777778,
    "y": 45.78055555555555
}