{
    "id": "G1041",
    "x": 28.516111111111112,
    "y": 46.08583333333333
}