{
    "id": "B0249",
    "x": 28.889166666666664,
    "y": 46.44472222222222
}