{
    "id": "G1438",
    "x": 28.56138888888889,
    "y": 46.336666666666666
}