{
    "id": "Ch5044",
    "x": 28.17777777777778,
    "y": 45.80555555555555
}