{
    "id": 39,
    "x": 28.59722222222222,
    "y": 45.90277777777778
}