{
    "id": "Lv1211",
    "x": 28.522777777777776,
    "y": 46.36638888888889
}