{
    "id": "Cn0630",
    "x": 28.41361111111111,
    "y": 46.221944444444446
}