{
    "id": "B0020",
    "x": 28.86916666666667,
    "y": 46.462500000000006
}