{
    "id": "G0642",
    "x": 28.59638888888889,
    "y": 46.09805555555556
}