{
    "id": 1146,
    "x": 28.410833333333333,
    "y": 45.93472222222222
}