{
    "id": "Lv1078",
    "x": 28.47833333333333,
    "y": 46.463055555555556
}