{
    "id": "Lv0908",
    "x": 28.421111111111113,
    "y": 46.427499999999995
}