{
    "id": "Cm1437",
    "x": 28.81888888888889,
    "y": 46.47277777777778
}