{
    "id": "Lv1712",
    "x": 28.24277777777778,
    "y": 46.48972222222222
}