{
    "id": "Lv0494",
    "x": 28.514722222222222,
    "y": 46.56722222222223
}