{
    "id": "Cm0306",
    "x": 28.677500000000002,
    "y": 46.69305555555555
}