{
    "id": "Cm0699",
    "x": 28.649166666666666,
    "y": 46.70194444444445
}