{
    "id": "Cn0195",
    "x": 28.313333333333333,
    "y": 46.30611111111111
}