{
    "id": "Cn1167",
    "x": 28.253055555555555,
    "y": 46.151666666666664
}