{
    "id": "Cn0404",
    "x": 28.336388888888887,
    "y": 46.263888888888886
}