{
    "id": "G5408",
    "x": 28.671944444444446,
    "y": 46.10611111111111
}