{
    "id": "G5157",
    "x": 28.76222222222222,
    "y": 46.18083333333333
}