{
    "id": "Lv0765",
    "x": 28.330555555555556,
    "y": 46.57611111111112
}