{
    "id": 1263,
    "x": 28.30666666666667,
    "y": 45.837500000000006
}