{
    "id": 1074,
    "x": 28.410277777777775,
    "y": 46.00277777777778
}