{
    "id": "Cm1395",
    "x": 28.998055555555556,
    "y": 46.58111111111111
}