{
    "id": 1797,
    "x": 28.467777777777776,
    "y": 46.67055555555555
}