{
    "id": "Lv1612",
    "x": 28.375555555555557,
    "y": 46.37861111111111
}