{
    "id": "B0017",
    "x": 28.866944444444446,
    "y": 46.46055555555556
}