{
    "id": "Lv1572",
    "x": 28.38138888888889,
    "y": 46.38944444444444
}