{
    "id": "B0159",
    "x": 28.911666666666665,
    "y": 46.413333333333334
}