{
    "id": 158,
    "x": 28.570833333333333,
    "y": 45.775277777777774
}