{
    "id": "Cn0111",
    "x": 28.159444444444443,
    "y": 46.226111111111116
}