{
    "id": "Lv0622",
    "x": 28.360000000000003,
    "y": 46.51111111111111
}