{
    "id": 1512,
    "x": 28.46333333333333,
    "y": 46.54055555555556
}