{
    "id": "Cm1375",
    "x": 29.002222222222223,
    "y": 46.56583333333333
}