{
    "id": "Cm0331",
    "x": 28.63888888888889,
    "y": 46.70416666666667
}