{
    "id": "G5811",
    "x": 28.689444444444444,
    "y": 45.856944444444444
}