{
    "id": "Cm0226",
    "x": 28.761944444444445,
    "y": 46.61222222222222
}