{
    "id": "Cn0007",
    "x": 28.232499999999998,
    "y": 46.27222222222222
}