{
    "id": "Ch0426",
    "x": 28.265833333333333,
    "y": 46.09722222222222
}