{
    "id": "Lv1039",
    "x": 28.419722222222223,
    "y": 46.425555555555555
}