{
    "id": 317,
    "x": 28.57111111111111,
    "y": 46.00861111111111
}