{
    "id": "G0869",
    "x": 28.641111111111112,
    "y": 46.21388888888889
}