{
    "id": "G0853",
    "x": 28.641666666666666,
    "y": 46.221944444444446
}