{
    "id": "G0310",
    "x": 28.596944444444443,
    "y": 46.097500000000004
}