{
    "id": "G5327",
    "x": 28.675555555555558,
    "y": 46.08361111111111
}