{
    "id": "Lv0649",
    "x": 28.331944444444446,
    "y": 46.57972222222222
}