{
    "id": "Cm0136",
    "x": 28.717499999999998,
    "y": 46.63055555555555
}