{
    "id": 1537,
    "x": 28.399166666666666,
    "y": 46.592222222222226
}