{
    "id": "Lv0746",
    "x": 28.31861111111111,
    "y": 46.56222222222222
}