{
    "id": "Cm1244",
    "x": 28.676111111111112,
    "y": 46.463055555555556
}