{
    "id": "Cm0717",
    "x": 28.63222222222222,
    "y": 46.70666666666667
}