{
    "id": "G5008",
    "x": 28.94611111111111,
    "y": 46.214444444444446
}