{
    "id": "G1378",
    "x": 28.665555555555553,
    "y": 46.27861111111111
}