{
    "id": "Lv0548",
    "x": 28.35527777777778,
    "y": 46.52166666666667
}