{
    "id": "G1782",
    "x": 28.820833333333333,
    "y": 46.06222222222222
}