{
    "id": "G5417",
    "x": 28.673333333333336,
    "y": 46.10111111111111
}