{
    "id": "Lv1465",
    "x": 28.24138888888889,
    "y": 46.577222222222225
}