{
    "id": "G1694",
    "x": 28.84722222222222,
    "y": 46.05833333333333
}