{
    "id": "G5421",
    "x": 28.67361111111111,
    "y": 46.099444444444444
}