{
    "id": 593,
    "x": 28.195833333333333,
    "y": 45.94777777777777
}