{
    "id": 1642,
    "x": 28.550555555555555,
    "y": 46.61694444444444
}