{
    "id": "G5144",
    "x": 28.760277777777777,
    "y": 46.19472222222222
}