{
    "id": "Lv0904",
    "x": 28.421666666666667,
    "y": 46.42583333333333
}