{
    "id": "G5536",
    "x": 28.673333333333336,
    "y": 46.09277777777778
}