{
    "id": "Lv0715",
    "x": 28.33611111111111,
    "y": 46.577222222222225
}