{
    "id": "Cm1195",
    "x": 28.642777777777777,
    "y": 46.48083333333334
}