{
    "id": "Cn0761",
    "x": 28.447777777777777,
    "y": 46.336666666666666
}