{
    "id": "Cm1180",
    "x": 28.672777777777778,
    "y": 46.46472222222223
}