{
    "id": 1657,
    "x": 28.528055555555554,
    "y": 46.60194444444445
}