{
    "id": "G0964",
    "x": 28.65083333333333,
    "y": 46.163888888888884
}