{
    "id": "Cn1104",
    "x": 28.342777777777776,
    "y": 46.13472222222222
}