{
    "id": "G5227",
    "x": 28.845277777777778,
    "y": 46.176944444444445
}