{
    "id": 991,
    "x": 28.22722222222222,
    "y": 46.078611111111115
}