{
    "id": "Cn0643",
    "x": 28.424166666666668,
    "y": 46.18861111111111
}