{
    "id": "Cm0479",
    "x": 28.608055555555556,
    "y": 46.54833333333333
}