{
    "id": 230,
    "x": 28.48222222222222,
    "y": 45.94138888888889
}