{
    "id": "Cn0455",
    "x": 28.31388888888889,
    "y": 46.34916666666667
}