{
    "id": "Cm0237",
    "x": 28.760277777777777,
    "y": 46.61083333333333
}