{
    "id": "Cn0835",
    "x": 28.393333333333334,
    "y": 46.330000000000005
}