{
    "id": "Cm1284",
    "x": 28.880555555555556,
    "y": 46.678888888888885
}