{
    "id": "Ch5228",
    "x": 28.35888888888889,
    "y": 45.791666666666664
}