{
    "id": "Cm1043",
    "x": 28.874166666666667,
    "y": 46.63166666666667
}