{
    "id": "G1560",
    "x": 28.816111111111113,
    "y": 46.05888888888889
}