{
    "id": "Ch5104",
    "x": 28.379166666666666,
    "y": 45.74722222222222
}