{
    "id": "Cn1176",
    "x": 28.239722222222223,
    "y": 46.164722222222224
}