{
    "id": "G0639",
    "x": 28.595277777777778,
    "y": 46.10111111111111
}