{
    "id": "Ch0551",
    "x": 28.407777777777778,
    "y": 46.04972222222222
}