{
    "id": "Ch0443",
    "x": 28.22722222222222,
    "y": 46.073055555555555
}