{
    "id": "Cm1360",
    "x": 28.99277777777778,
    "y": 46.57472222222223
}