{
    "id": "Cn0273",
    "x": 28.169444444444444,
    "y": 46.15333333333333
}