{
    "id": "Lv1556",
    "x": 28.390833333333333,
    "y": 46.400277777777774
}