{
    "id": "B0080",
    "x": 28.921111111111113,
    "y": 46.37111111111111
}