{
    "id": "Cm1425",
    "x": 29.014166666666668,
    "y": 46.573888888888895
}