{
    "id": "Cn0116",
    "x": 28.156666666666666,
    "y": 46.230555555555554
}