{
    "id": "G5639",
    "x": 28.695833333333333,
    "y": 45.861111111111114
}