{
    "id": "Cn0554",
    "x": 28.321944444444444,
    "y": 46.23111111111111
}