{
    "id": "Cn1065",
    "x": 28.40972222222222,
    "y": 46.102222222222224
}