{
    "id": "Cm0475",
    "x": 28.624166666666667,
    "y": 46.52861111111111
}