{
    "id": "G5828",
    "x": 28.392777777777777,
    "y": 45.68583333333333
}