{
    "id": "Cn1081",
    "x": 28.38861111111111,
    "y": 46.10527777777778
}