{
    "id": "Cn0243",
    "x": 28.160555555555554,
    "y": 46.195277777777775
}