{
    "id": "G1493",
    "x": 28.51222222222222,
    "y": 46.160555555555554
}