{
    "id": "G0496",
    "x": 28.593333333333334,
    "y": 46.11472222222223
}