{
    "id": "G0243",
    "x": 28.65138888888889,
    "y": 46.00361111111111
}