{
    "id": 1139,
    "x": 28.323333333333334,
    "y": 45.992222222222225
}