{
    "id": 568,
    "x": 28.191388888888888,
    "y": 45.958333333333336
}