{
    "id": "G5706",
    "x": 28.695833333333333,
    "y": 45.84583333333334
}