{
    "id": "T0188",
    "x": 28.566666666666666,
    "y": 45.78527777777778
}