{
    "id": "Cm0025",
    "x": 28.705555555555556,
    "y": 46.70916666666667
}