{
    "id": 353,
    "x": 28.73638888888889,
    "y": 46.02388888888889
}