{
    "id": "G0374",
    "x": 28.605833333333333,
    "y": 46.11638888888889
}