{
    "id": "B0125",
    "x": 28.940833333333334,
    "y": 46.36138888888889
}