{
    "id": 567,
    "x": 28.193055555555556,
    "y": 45.95722222222223
}