{
    "id": "B0029",
    "x": 28.869444444444444,
    "y": 46.455555555555556
}