{
    "id": "G5089",
    "x": 28.824166666666667,
    "y": 46.25611111111111
}