{
    "id": "G5474",
    "x": 28.670555555555556,
    "y": 46.095555555555556
}