{
    "id": "Lv1626",
    "x": 28.366111111111113,
    "y": 46.38388888888889
}