{
    "id": "Lv1314",
    "x": 28.31972222222222,
    "y": 46.42916666666667
}