{
    "id": "Cn1245",
    "x": 28.16472222222222,
    "y": 46.198055555555555
}