{
    "id": "Cm0457",
    "x": 28.61916666666667,
    "y": 46.57638888888889
}