{
    "id": "Lv1242",
    "x": 28.511111111111113,
    "y": 46.367222222222225
}