{
    "id": "T0074",
    "x": 28.593055555555555,
    "y": 45.89944444444444
}