{
    "id": "B0191",
    "x": 28.91361111111111,
    "y": 46.41555555555556
}