{
    "id": "T0351",
    "x": 28.73611111111111,
    "y": 46.025555555555556
}