{
    "id": "G0434",
    "x": 28.591944444444444,
    "y": 46.119166666666665
}