{
    "id": "G1366",
    "x": 28.66638888888889,
    "y": 46.28361111111111
}