{
    "id": "Lv0020",
    "x": 28.468888888888888,
    "y": 46.58527777777778
}