{
    "id": 1626,
    "x": 28.551944444444445,
    "y": 46.632777777777775
}