{
    "id": 33,
    "x": 28.601944444444445,
    "y": 45.89944444444444
}