{
    "id": "Cm1228",
    "x": 28.631944444444446,
    "y": 46.48027777777778
}