{
    "id": "Cn0716",
    "x": 28.40694444444444,
    "y": 46.353611111111114
}