{
    "id": "G1067",
    "x": 28.61777777777778,
    "y": 46.42166666666667
}