{
    "id": "Lv0549",
    "x": 28.355833333333333,
    "y": 46.520833333333336
}