{
    "id": 707,
    "x": 28.155555555555555,
    "y": 46.035555555555554
}