{
    "id": "Cm0149",
    "x": 28.74638888888889,
    "y": 46.58555555555556
}