{
    "id": "G5825",
    "x": 28.425833333333333,
    "y": 45.54055555555556
}