{
    "id": "G5454",
    "x": 28.665555555555553,
    "y": 46.10333333333333
}