{
    "id": "Lv1480",
    "x": 28.238611111111112,
    "y": 46.55166666666666
}