{
    "id": "Lv0856",
    "x": 28.323333333333334,
    "y": 46.57361111111111
}