{
    "id": "Lv0191",
    "x": 28.528333333333332,
    "y": 46.646388888888886
}