{
    "id": "G0378",
    "x": 28.604722222222225,
    "y": 46.118611111111115
}