{
    "id": "B0070",
    "x": 28.928611111111113,
    "y": 46.36944444444445
}