{
    "id": "G5458",
    "x": 28.666666666666668,
    "y": 46.09638888888889
}