{
    "id": "Lv1588",
    "x": 28.371944444444445,
    "y": 46.38638888888889
}