{
    "id": "Ch5098",
    "x": 28.375555555555557,
    "y": 45.76083333333333
}