{
    "id": 1713,
    "x": 28.424722222222222,
    "y": 46.65416666666667
}