{
    "id": "Lv1070",
    "x": 28.479444444444443,
    "y": 46.458333333333336
}