{
    "id": "G0588",
    "x": 28.59583333333333,
    "y": 46.10472222222222
}