{
    "id": 1305,
    "x": 28.313055555555557,
    "y": 45.83972222222222
}