{
    "id": 1221,
    "x": 28.295833333333334,
    "y": 45.86055555555556
}