{
    "id": "Cm1136",
    "x": 28.760277777777777,
    "y": 46.44277777777778
}