{
    "id": "G5610",
    "x": 28.81138888888889,
    "y": 46.37555555555556
}