{
    "id": "B0201",
    "x": 28.90861111111111,
    "y": 46.415277777777774
}