{
    "id": "Lv1022",
    "x": 28.416944444444447,
    "y": 46.41722222222222
}