{
    "id": "G5691",
    "x": 28.70111111111111,
    "y": 45.848888888888894
}