{
    "id": 1185,
    "x": 28.34638888888889,
    "y": 45.94777777777777
}