{
    "id": "Cn0920",
    "x": 28.374444444444446,
    "y": 46.286944444444444
}