{
    "id": "G5072",
    "x": 28.83277777777778,
    "y": 46.246944444444445
}