{
    "id": "Lv0481",
    "x": 28.515833333333333,
    "y": 46.56583333333333
}