{
    "id": "B0206",
    "x": 28.91583333333333,
    "y": 46.41777777777777
}