{
    "id": "Cn1128",
    "x": 28.291111111111114,
    "y": 46.17722222222222
}