{
    "id": "Lv0395",
    "x": 28.45638888888889,
    "y": 46.65694444444444
}