{
    "id": "G0861",
    "x": 28.646944444444443,
    "y": 46.227222222222224
}