{
    "id": "G0079",
    "x": 28.659444444444443,
    "y": 46.01861111111111
}