{
    "id": "Cn1207",
    "x": 28.214166666666667,
    "y": 46.11138888888889
}