{
    "id": "Cm0866",
    "x": 28.906666666666666,
    "y": 46.61666666666667
}