{
    "id": "Lv0475",
    "x": 28.552777777777777,
    "y": 46.57277777777778
}