{
    "id": "G1114",
    "x": 28.603333333333335,
    "y": 46.42388888888889
}