{
    "id": "Lv0571",
    "x": 28.349722222222223,
    "y": 46.52472222222222
}