{
    "id": 751,
    "x": 28.171944444444446,
    "y": 46.05611111111111
}