{
    "id": "Ch5031",
    "x": 28.171944444444446,
    "y": 45.770833333333336
}