{
    "id": "Lv1757",
    "x": 28.255555555555556,
    "y": 46.473055555555554
}