{
    "id": "T0293",
    "x": 28.47583333333333,
    "y": 45.963055555555556
}