{
    "id": 460,
    "x": 28.97111111111111,
    "y": 46.154444444444444
}