{
    "id": "Lv0758",
    "x": 28.326666666666668,
    "y": 46.57333333333334
}