{
    "id": "G1379",
    "x": 28.66611111111111,
    "y": 46.27722222222222
}