{
    "id": "G5343",
    "x": 28.68611111111111,
    "y": 46.093611111111116
}