{
    "id": "Lv1143",
    "x": 28.529999999999998,
    "y": 46.36972222222222
}