{
    "id": "T0159",
    "x": 28.579166666666666,
    "y": 45.73777777777778
}