{
    "id": "Lv1408",
    "x": 28.24527777777778,
    "y": 46.527499999999996
}