{
    "id": "G5207",
    "x": 28.875833333333333,
    "y": 46.17611111111111
}