{
    "id": "G1775",
    "x": 28.84472222222222,
    "y": 46.07333333333334
}