{
    "id": "Cn0770",
    "x": 28.452222222222222,
    "y": 46.32611111111112
}