{
    "id": "T0006",
    "x": 28.578888888888887,
    "y": 45.93222222222222
}