{
    "id": "Cn0333",
    "x": 28.21333333333333,
    "y": 46.20888888888889
}