{
    "id": "Cn0568",
    "x": 28.212777777777777,
    "y": 46.32194444444445
}