{
    "id": "G5178",
    "x": 28.766111111111112,
    "y": 46.17444444444444
}