{
    "id": "Lv1006",
    "x": 28.425833333333333,
    "y": 46.43083333333333
}