{
    "id": "G0576",
    "x": 28.598888888888887,
    "y": 46.10416666666667
}