{
    "id": "Lv0154",
    "x": 28.478888888888886,
    "y": 46.62444444444444
}