{
    "id": "Lv1719",
    "x": 28.240277777777777,
    "y": 46.48416666666667
}