{
    "id": "G0371",
    "x": 28.600555555555555,
    "y": 46.11694444444444
}