{
    "id": "G5325",
    "x": 28.675833333333333,
    "y": 46.08305555555556
}