{
    "id": "Lv1068",
    "x": 28.476388888888888,
    "y": 46.45055555555556
}