{
    "id": "Lv1234",
    "x": 28.51222222222222,
    "y": 46.35916666666667
}