{
    "id": "G5222",
    "x": 28.868055555555557,
    "y": 46.17777777777778
}