{
    "id": "G0230",
    "x": 28.662499999999998,
    "y": 45.996944444444445
}