{
    "id": 1253,
    "x": 28.322499999999998,
    "y": 45.82361111111111
}