{
    "id": 1551,
    "x": 28.404999999999998,
    "y": 46.588055555555556
}