{
    "id": "Cm0963",
    "x": 28.61861111111111,
    "y": 46.533055555555556
}