{
    "id": 1497,
    "x": 28.46527777777778,
    "y": 46.56111111111111
}