{
    "id": "Lv0940",
    "x": 28.430555555555557,
    "y": 46.42611111111111
}