{
    "id": "G1482",
    "x": 28.51388888888889,
    "y": 46.16416666666667
}