{
    "id": "Cn0668",
    "x": 28.478888888888886,
    "y": 46.140277777777776
}