{
    "id": "Lv1392",
    "x": 28.24416666666667,
    "y": 46.52388888888889
}