{
    "id": "Cm0202",
    "x": 28.75138888888889,
    "y": 46.73166666666667
}