{
    "id": "G5621",
    "x": 28.814722222222223,
    "y": 46.35722222222223
}