{
    "id": 1791,
    "x": 28.461111111111112,
    "y": 46.668055555555554
}