{
    "id": "G5770",
    "x": 28.683611111111112,
    "y": 45.84166666666667
}