{
    "id": "Lv1197",
    "x": 28.52111111111111,
    "y": 46.37916666666667
}