{
    "id": "G0061",
    "x": 28.674722222222222,
    "y": 46.02222222222222
}