{
    "id": "Cn0595",
    "x": 28.254722222222224,
    "y": 46.378055555555555
}