{
    "id": "Cm1559",
    "x": 28.80027777777778,
    "y": 46.53611111111111
}