{
    "id": "Lv1597",
    "x": 28.370833333333334,
    "y": 46.390277777777776
}