{
    "id": "T0279",
    "x": 28.473333333333333,
    "y": 45.97083333333334
}