{
    "id": "Ch5096",
    "x": 28.374444444444446,
    "y": 45.76722222222222
}