{
    "id": 8,
    "x": 28.578888888888887,
    "y": 45.934999999999995
}