{
    "id": "G0366",
    "x": 28.603611111111114,
    "y": 46.115833333333335
}