{
    "id": "Cn0844",
    "x": 28.398333333333333,
    "y": 46.32694444444445
}