{
    "id": 402,
    "x": 28.46861111111111,
    "y": 45.84722222222222
}