{
    "id": "G1099",
    "x": 28.609722222222224,
    "y": 46.42972222222222
}