{
    "id": 1431,
    "x": 28.467499999999998,
    "y": 46.58777777777778
}