{
    "id": "Lv1027",
    "x": 28.420555555555556,
    "y": 46.41638888888889
}