{
    "id": "G0264",
    "x": 28.570555555555554,
    "y": 46.018055555555556
}