{
    "id": "G5037",
    "x": 28.934444444444445,
    "y": 46.20055555555556
}