{
    "id": "G1330",
    "x": 28.660833333333333,
    "y": 46.28666666666666
}