{
    "id": "G1730",
    "x": 28.83611111111111,
    "y": 46.06083333333333
}