{
    "id": "G0940",
    "x": 28.648611111111112,
    "y": 46.224722222222226
}