{
    "id": "Cm1614",
    "x": 28.75777777777778,
    "y": 46.52861111111111
}