{
    "id": "G5028",
    "x": 28.943333333333335,
    "y": 46.20666666666667
}