{
    "id": 172,
    "x": 28.565833333333334,
    "y": 45.778055555555554
}