{
    "id": "Ch0487",
    "x": 28.24416666666667,
    "y": 46.068333333333335
}