{
    "id": 733,
    "x": 28.159166666666664,
    "y": 46.01277777777778
}