{
    "id": "Lv1477",
    "x": 28.245833333333334,
    "y": 46.56527777777777
}