{
    "id": "G1121",
    "x": 28.615833333333335,
    "y": 46.41833333333333
}