{
    "id": "G1505",
    "x": 28.442777777777778,
    "y": 45.874722222222225
}