{
    "id": "G1129",
    "x": 28.623055555555556,
    "y": 46.41138888888889
}