{
    "id": 1342,
    "x": 28.447222222222223,
    "y": 45.59583333333334
}