{
    "id": "Lv1218",
    "x": 28.519166666666667,
    "y": 46.36361111111111
}