{
    "id": "Cm0325",
    "x": 28.638333333333332,
    "y": 46.70444444444445
}