{
    "id": "Lv0891",
    "x": 28.43027777777778,
    "y": 46.42472222222222
}