{
    "id": "Cn0332",
    "x": 28.212777777777777,
    "y": 46.20861111111111
}