{
    "id": "Ch0519",
    "x": 28.418333333333333,
    "y": 46.009166666666665
}