{
    "id": "G0520",
    "x": 28.595555555555553,
    "y": 46.109722222222224
}