{
    "id": "Lv1747",
    "x": 28.259166666666665,
    "y": 46.48166666666667
}