{
    "id": "Cm0433",
    "x": 28.93166666666667,
    "y": 46.54861111111111
}