{
    "id": "Lv1451",
    "x": 28.24277777777778,
    "y": 46.58361111111111
}