{
    "id": "G5424",
    "x": 28.67388888888889,
    "y": 46.095555555555556
}