{
    "id": "G5766",
    "x": 28.680833333333336,
    "y": 45.84166666666667
}