{
    "id": "G0240",
    "x": 28.649444444444445,
    "y": 46.01361111111111
}