{
    "id": "Ch0639",
    "x": 28.35666666666667,
    "y": 45.94638888888888
}