{
    "id": "Cm1440",
    "x": 28.82638888888889,
    "y": 46.47027777777778
}