{
    "id": "B0134",
    "x": 28.90833333333333,
    "y": 46.391666666666666
}