{
    "id": 40,
    "x": 28.596944444444443,
    "y": 45.902499999999996
}