{
    "id": "Lv1438",
    "x": 28.247777777777777,
    "y": 46.52861111111111
}