{
    "id": "Lv1472",
    "x": 28.247500000000002,
    "y": 46.57888888888889
}