{
    "id": "G1766",
    "x": 28.842499999999998,
    "y": 46.06777777777778
}