{
    "id": "Cm0367",
    "x": 28.70861111111111,
    "y": 46.64388888888889
}