{
    "id": 1829,
    "x": 28.465833333333332,
    "y": 46.66722222222222
}