{
    "id": "G1622",
    "x": 28.82472222222222,
    "y": 46.04972222222222
}