{
    "id": "G0251",
    "x": 28.669444444444444,
    "y": 46.014722222222225
}