{
    "id": "Cn0485",
    "x": 28.33888888888889,
    "y": 46.36277777777778
}