{
    "id": "Cm0885",
    "x": 28.90833333333333,
    "y": 46.608333333333334
}