{
    "id": 13,
    "x": 28.574166666666667,
    "y": 45.93722222222222
}