{
    "id": 1322,
    "x": 28.422222222222224,
    "y": 45.80277777777778
}