{
    "id": "Ch0505",
    "x": 28.411388888888887,
    "y": 45.977222222222224
}