{
    "id": "Cn0175",
    "x": 28.30027777777778,
    "y": 46.33972222222222
}