{
    "id": "Ch5166",
    "x": 28.488611111111112,
    "y": 46.099722222222226
}