{
    "id": "G0469",
    "x": 28.586388888888887,
    "y": 46.115833333333335
}