{
    "id": "Cm0039",
    "x": 28.70888888888889,
    "y": 46.69222222222222
}