{
    "id": "Ch5198",
    "x": 28.522222222222222,
    "y": 46.05277777777778
}