{
    "id": "Lv0461",
    "x": 28.54638888888889,
    "y": 46.573888888888895
}