{
    "id": "Cn0862",
    "x": 28.41333333333333,
    "y": 46.36222222222222
}