{
    "id": "Lv0870",
    "x": 28.353333333333335,
    "y": 46.46027777777778
}