{
    "id": "Lv0121",
    "x": 28.391944444444444,
    "y": 46.59916666666667
}