{
    "id": "Cm0520",
    "x": 28.748333333333335,
    "y": 46.73277777777778
}