{
    "id": "G1546",
    "x": 28.807222222222222,
    "y": 46.05333333333333
}