{
    "id": "Ch0801",
    "x": 28.444444444444446,
    "y": 45.581944444444446
}