{
    "id": "Cm0559",
    "x": 28.921944444444446,
    "y": 46.586111111111116
}