{
    "id": "Lv0840",
    "x": 28.315833333333334,
    "y": 46.56722222222223
}