{
    "id": "G1306",
    "x": 28.648611111111112,
    "y": 46.30416666666667
}