{
    "id": "Cm0899",
    "x": 28.873055555555556,
    "y": 46.62972222222222
}