{
    "id": "Ch5148",
    "x": 28.481944444444444,
    "y": 46.07916666666667
}