{
    "id": 1330,
    "x": 28.503333333333334,
    "y": 45.76833333333333
}