{
    "id": 1786,
    "x": 28.460277777777776,
    "y": 46.67055555555555
}