{
    "id": "G0321",
    "x": 28.602222222222224,
    "y": 46.10527777777778
}