{
    "id": "G5807",
    "x": 28.690277777777776,
    "y": 45.853611111111114
}