{
    "id": "G5119",
    "x": 28.843333333333334,
    "y": 46.26166666666666
}