{
    "id": "G1785",
    "x": 28.825277777777778,
    "y": 46.05972222222222
}