{
    "id": "G1497",
    "x": 28.51361111111111,
    "y": 46.159166666666664
}