{
    "id": "T0106",
    "x": 28.581944444444446,
    "y": 45.87416666666667
}