{
    "id": "Ch0792",
    "x": 28.44638888888889,
    "y": 45.621944444444445
}