{
    "id": "G0017",
    "x": 28.66583333333333,
    "y": 45.99333333333333
}