{
    "id": "Cn0724",
    "x": 28.404999999999998,
    "y": 46.36083333333333
}