{
    "id": "B0296",
    "x": 28.784166666666668,
    "y": 46.30166666666666
}