{
    "id": "Cn1160",
    "x": 28.40722222222222,
    "y": 46.13666666666666
}