{
    "id": "G5594",
    "x": 28.816944444444445,
    "y": 46.368611111111115
}