{
    "id": "Cm0135",
    "x": 28.719166666666666,
    "y": 46.62638888888889
}