{
    "id": "G5199",
    "x": 28.870833333333334,
    "y": 46.175555555555555
}