{
    "id": 857,
    "x": 28.340277777777775,
    "y": 46.030277777777776
}