{
    "id": "Cm0300",
    "x": 28.74527777777778,
    "y": 46.61527777777778
}