{
    "id": "Cn0963",
    "x": 28.506944444444443,
    "y": 46.27027777777778
}