{
    "id": 1106,
    "x": 28.40833333333333,
    "y": 46.04861111111111
}