{
    "id": "Lv0661",
    "x": 28.331666666666667,
    "y": 46.58444444444444
}