{
    "id": "G1787",
    "x": 28.825555555555557,
    "y": 46.061388888888885
}