{
    "id": "G5485",
    "x": 28.664166666666667,
    "y": 46.093333333333334
}