{
    "id": "G0715",
    "x": 28.588055555555556,
    "y": 46.09722222222222
}