{
    "id": "Ch0642",
    "x": 28.355833333333333,
    "y": 45.94361111111111
}