{
    "id": "Lv0716",
    "x": 28.334722222222222,
    "y": 46.57805555555556
}