{
    "id": 689,
    "x": 28.252777777777776,
    "y": 46.007777777777775
}