{
    "id": "G1149",
    "x": 28.614722222222223,
    "y": 46.428888888888885
}