{
    "id": "Lv0091",
    "x": 28.475277777777777,
    "y": 46.53944444444444
}