{
    "id": "Cm1072",
    "x": 28.85666666666667,
    "y": 46.657222222222224
}