{
    "id": "B0265",
    "x": 28.884166666666665,
    "y": 46.44555555555555
}