{
    "id": "Cn1159",
    "x": 28.408055555555553,
    "y": 46.14194444444444
}