{
    "id": "G1051",
    "x": 28.609166666666667,
    "y": 46.43583333333333
}