{
    "id": "G0103",
    "x": 28.66111111111111,
    "y": 46.014722222222225
}