{
    "id": "Lv1715",
    "x": 28.238333333333333,
    "y": 46.48277777777778
}