{
    "id": "Cm0107",
    "x": 28.75777777777778,
    "y": 46.73388888888889
}