{
    "id": "Cm1027",
    "x": 28.86861111111111,
    "y": 46.63305555555556
}