{
    "id": "Cm1467",
    "x": 29.028888888888886,
    "y": 46.50888888888889
}