{
    "id": "Cm0257",
    "x": 28.753888888888888,
    "y": 46.60611111111111
}