{
    "id": "G0664",
    "x": 28.584444444444443,
    "y": 46.103611111111114
}