{
    "id": "Cn1019",
    "x": 28.456666666666667,
    "y": 46.227222222222224
}