{
    "id": "Cn0575",
    "x": 28.198888888888888,
    "y": 46.301944444444445
}