{
    "id": "Cn0442",
    "x": 28.31888888888889,
    "y": 46.35166666666667
}