{
    "id": 584,
    "x": 28.198333333333334,
    "y": 45.955000000000005
}