{
    "id": "Lv1690",
    "x": 28.248333333333335,
    "y": 46.49444444444445
}