{
    "id": "Ch0314",
    "x": 28.342777777777776,
    "y": 46.01694444444444
}