{
    "id": "G5058",
    "x": 28.843888888888888,
    "y": 46.250277777777775
}