{
    "id": "Lv1473",
    "x": 28.245555555555555,
    "y": 46.573055555555555
}