{
    "id": "Cm0451",
    "x": 28.616666666666667,
    "y": 46.60027777777778
}