{
    "id": "Cn0782",
    "x": 28.400555555555552,
    "y": 46.325833333333335
}