{
    "id": "G0751",
    "x": 28.610000000000003,
    "y": 46.11027777777778
}