{
    "id": "Cm0545",
    "x": 28.928333333333335,
    "y": 46.56222222222222
}