{
    "id": "Cm1640",
    "x": 28.764166666666668,
    "y": 46.521388888888886
}