{
    "id": "Lv0457",
    "x": 28.543333333333337,
    "y": 46.571111111111115
}