{
    "id": "G1135",
    "x": 28.60888888888889,
    "y": 46.42333333333333
}