{
    "id": "Ch5068",
    "x": 28.18138888888889,
    "y": 45.57333333333334
}