{
    "id": "G5675",
    "x": 28.69638888888889,
    "y": 45.85527777777778
}