{
    "id": "G5526",
    "x": 28.671666666666667,
    "y": 46.08416666666667
}