{
    "id": "G1592",
    "x": 28.634444444444444,
    "y": 46.223055555555554
}