{
    "id": "Cn0120",
    "x": 28.15694444444444,
    "y": 46.23888888888889
}