{
    "id": "Cm0104",
    "x": 28.752777777777776,
    "y": 46.731388888888894
}