{
    "id": "G1395",
    "x": 28.572499999999998,
    "y": 46.31027777777778
}