{
    "id": "G0881",
    "x": 28.645833333333332,
    "y": 46.22027777777778
}