{
    "id": "T0464",
    "x": 28.963055555555556,
    "y": 46.13638888888889
}