{
    "id": 1789,
    "x": 28.460555555555555,
    "y": 46.669999999999995
}