{
    "id": "G0919",
    "x": 28.65083333333333,
    "y": 46.22666666666667
}