{
    "id": 1856,
    "x": 28.52027777777778,
    "y": 46.52916666666667
}