{
    "id": "G0395",
    "x": 28.602500000000003,
    "y": 46.11833333333333
}