{
    "id": "Cm1326",
    "x": 28.81833333333333,
    "y": 46.68944444444444
}