{
    "id": "Cm1118",
    "x": 28.831666666666667,
    "y": 46.659166666666664
}