{
    "id": 270,
    "x": 28.47138888888889,
    "y": 46.00805555555556
}