{
    "id": 396,
    "x": 28.516666666666666,
    "y": 45.81222222222222
}