{
    "id": "Cm0088",
    "x": 28.697222222222223,
    "y": 46.69583333333333
}