{
    "id": 762,
    "x": 28.178055555555556,
    "y": 46.09277777777778
}