{
    "id": "G0399",
    "x": 28.59722222222222,
    "y": 46.11833333333333
}