{
    "id": "G1054",
    "x": 28.610000000000003,
    "y": 46.434999999999995
}