{
    "id": "Lv0768",
    "x": 28.31722222222222,
    "y": 46.565555555555555
}