{
    "id": "B0344",
    "x": 28.883333333333333,
    "y": 46.34805555555556
}