{
    "id": "G5768",
    "x": 28.68305555555556,
    "y": 45.84277777777778
}