{
    "id": "Cn1001",
    "x": 28.525555555555556,
    "y": 46.27111111111111
}