{
    "id": "Lv1734",
    "x": 28.247500000000002,
    "y": 46.478611111111114
}