{
    "id": "Cn0969",
    "x": 28.50583333333333,
    "y": 46.280277777777776
}