{
    "id": "Lv0667",
    "x": 28.326944444444443,
    "y": 46.58277777777778
}