{
    "id": "Cm0168",
    "x": 28.749722222222225,
    "y": 46.58583333333333
}