{
    "id": 831,
    "x": 28.239444444444445,
    "y": 45.93888888888888
}