{
    "id": "G0273",
    "x": 28.56833333333333,
    "y": 46.021388888888886
}