{
    "id": "G0286",
    "x": 28.57138888888889,
    "y": 46.02361111111111
}