{
    "id": 708,
    "x": 28.16111111111111,
    "y": 46.020833333333336
}