{
    "id": 163,
    "x": 28.580555555555556,
    "y": 45.73583333333333
}