{
    "id": 1728,
    "x": 28.42777777777778,
    "y": 46.64861111111111
}