{
    "id": "G5651",
    "x": 28.701944444444443,
    "y": 45.85583333333334
}