{
    "id": 1670,
    "x": 28.46638888888889,
    "y": 46.60722222222223
}