{
    "id": "Lv0951",
    "x": 28.43166666666667,
    "y": 46.428888888888885
}