{
    "id": 248,
    "x": 28.494444444444447,
    "y": 45.91027777777778
}