{
    "id": "Cm0692",
    "x": 28.64527777777778,
    "y": 46.70611111111111
}