{
    "id": 229,
    "x": 28.482777777777777,
    "y": 45.94166666666666
}