{
    "id": "Cm1449",
    "x": 28.823888888888888,
    "y": 46.483333333333334
}