{
    "id": "Cn0700",
    "x": 28.425555555555558,
    "y": 46.186388888888885
}