{
    "id": 1158,
    "x": 28.41444444444444,
    "y": 45.927499999999995
}