{
    "id": "Lv0674",
    "x": 28.325277777777778,
    "y": 46.581944444444446
}