{
    "id": "Cm0837",
    "x": 28.90888888888889,
    "y": 46.62416666666667
}