{
    "id": "Cm1545",
    "x": 28.81638888888889,
    "y": 46.52305555555555
}