{
    "id": "G5034",
    "x": 28.939166666666665,
    "y": 46.202222222222225
}