{
    "id": "Cm1199",
    "x": 28.634722222222223,
    "y": 46.48083333333334
}