{
    "id": "Cm1314",
    "x": 28.811944444444446,
    "y": 46.68833333333333
}