{
    "id": "G5606",
    "x": 28.81222222222222,
    "y": 46.37277777777778
}