{
    "id": "Cn0291",
    "x": 28.185555555555556,
    "y": 46.11972222222222
}