{
    "id": "G0278",
    "x": 28.566666666666666,
    "y": 46.00944444444445
}