{
    "id": "Ch0721",
    "x": 28.334722222222222,
    "y": 45.81888888888889
}