{
    "id": "G0897",
    "x": 28.65083333333333,
    "y": 46.23361111111111
}