{
    "id": "Cm1655",
    "x": 28.72111111111111,
    "y": 46.488055555555555
}