{
    "id": 875,
    "x": 28.346944444444443,
    "y": 46.01694444444444
}