{
    "id": "Lv0330",
    "x": 28.411944444444444,
    "y": 46.666666666666664
}