{
    "id": "G1416",
    "x": 28.56722222222222,
    "y": 46.32805555555556
}