{
    "id": 965,
    "x": 28.248333333333335,
    "y": 46.094166666666666
}