{
    "id": "B0272",
    "x": 28.783333333333335,
    "y": 46.315555555555555
}