{
    "id": "Cm0418",
    "x": 28.674722222222222,
    "y": 46.650277777777774
}