{
    "id": "G1503",
    "x": 28.51361111111111,
    "y": 46.15611111111111
}