{
    "id": "Lv0506",
    "x": 28.38138888888889,
    "y": 46.48444444444444
}