{
    "id": "G1582",
    "x": 28.802500000000002,
    "y": 46.095555555555556
}