{
    "id": "G0971",
    "x": 28.648611111111112,
    "y": 46.171388888888885
}