{
    "id": "G1158",
    "x": 28.61888888888889,
    "y": 46.43444444444444
}