{
    "id": "G5557",
    "x": 28.82638888888889,
    "y": 46.35805555555556
}