{
    "id": "Cm0998",
    "x": 28.752777777777776,
    "y": 46.44333333333333
}