{
    "id": "G1813",
    "x": 28.863055555555558,
    "y": 46.10472222222222
}