{
    "id": "Cm0727",
    "x": 28.640555555555554,
    "y": 46.70777777777778
}