{
    "id": "Ch5127",
    "x": 28.473333333333333,
    "y": 46.08361111111111
}