{
    "id": "G0372",
    "x": 28.603055555555557,
    "y": 46.117222222222225
}