{
    "id": "Cm0008",
    "x": 28.68861111111111,
    "y": 46.70638888888889
}