{
    "id": "Lv1248",
    "x": 28.508055555555554,
    "y": 46.36833333333333
}