{
    "id": "Lv0833",
    "x": 28.32027777777778,
    "y": 46.57222222222222
}