{
    "id": 532,
    "x": 28.65583333333333,
    "y": 45.88777777777778
}