{
    "id": "Cm1193",
    "x": 28.64361111111111,
    "y": 46.478611111111114
}