{
    "id": "G0125",
    "x": 28.65361111111111,
    "y": 46.011944444444445
}