{
    "id": "Lv1208",
    "x": 28.526666666666667,
    "y": 46.364444444444445
}