{
    "id": "Lv0446",
    "x": 28.54361111111111,
    "y": 46.575833333333335
}