{
    "id": "G1822",
    "x": 28.850833333333334,
    "y": 46.32138888888889
}