{
    "id": "Lv1355",
    "x": 28.259444444444444,
    "y": 46.42222222222222
}