{
    "id": "Cn0692",
    "x": 28.480277777777776,
    "y": 46.14111111111111
}