{
    "id": "Cn0897",
    "x": 28.420833333333334,
    "y": 46.36138888888889
}