{
    "id": 1655,
    "x": 28.529444444444444,
    "y": 46.60111111111111
}