{
    "id": "Lv1746",
    "x": 28.258055555555554,
    "y": 46.48361111111111
}