{
    "id": "G0891",
    "x": 28.648888888888887,
    "y": 46.22805555555556
}