{
    "id": 1277,
    "x": 28.33722222222222,
    "y": 45.816111111111105
}