{
    "id": "G0645",
    "x": 28.591666666666665,
    "y": 46.099444444444444
}