{
    "id": 853,
    "x": 28.341944444444444,
    "y": 46.03666666666666
}