{
    "id": "Ch5082",
    "x": 28.38222222222222,
    "y": 45.76083333333333
}