{
    "id": "Ch0698",
    "x": 28.31416666666667,
    "y": 45.82833333333333
}