{
    "id": "Lv1399",
    "x": 28.256666666666668,
    "y": 46.52333333333333
}