{
    "id": "Cn0148",
    "x": 28.273888888888887,
    "y": 46.31944444444445
}