{
    "id": 1071,
    "x": 28.412499999999998,
    "y": 45.96611111111111
}