{
    "id": "Cm0019",
    "x": 28.708333333333332,
    "y": 46.69888888888889
}