{
    "id": "Cm0543",
    "x": 28.75777777777778,
    "y": 46.69694444444444
}