{
    "id": "Cm0327",
    "x": 28.63611111111111,
    "y": 46.70333333333333
}