{
    "id": "G0882",
    "x": 28.645833333333332,
    "y": 46.221111111111114
}