{
    "id": "Cm0263",
    "x": 28.749722222222225,
    "y": 46.61027777777778
}