{
    "id": "Cn1141",
    "x": 28.28527777777778,
    "y": 46.17638888888889
}