{
    "id": "G0219",
    "x": 28.65972222222222,
    "y": 45.99472222222222
}