{
    "id": "Cm1255",
    "x": 28.837777777777777,
    "y": 46.49805555555556
}