{
    "id": "Cn0670",
    "x": 28.480833333333333,
    "y": 46.13666666666666
}