{
    "id": "Lv0923",
    "x": 28.422222222222224,
    "y": 46.42388888888889
}