{
    "id": "G0178",
    "x": 28.65888888888889,
    "y": 46.00361111111111
}