{
    "id": "Lv0800",
    "x": 28.314444444444444,
    "y": 46.56805555555556
}