{
    "id": "Lv1330",
    "x": 28.316666666666666,
    "y": 46.42805555555555
}