{
    "id": "Lv0710",
    "x": 28.335833333333333,
    "y": 46.57888888888889
}