{
    "id": "Lv0775",
    "x": 28.358055555555556,
    "y": 46.513888888888886
}