{
    "id": "Cm0401",
    "x": 28.677500000000002,
    "y": 46.650555555555556
}