{
    "id": "Lv0779",
    "x": 28.32638888888889,
    "y": 46.58222222222223
}