{
    "id": 986,
    "x": 28.221944444444443,
    "y": 46.073055555555555
}