{
    "id": "Cm1610",
    "x": 28.772499999999997,
    "y": 46.533055555555556
}