{
    "id": "Cm1450",
    "x": 28.824166666666667,
    "y": 46.48222222222223
}