{
    "id": "Cm0988",
    "x": 28.58972222222222,
    "y": 46.598333333333336
}