{
    "id": "G1050",
    "x": 28.609722222222224,
    "y": 46.43666666666666
}