{
    "id": "G5162",
    "x": 28.759722222222223,
    "y": 46.17916666666667
}