{
    "id": 1486,
    "x": 28.46361111111111,
    "y": 46.56916666666667
}