{
    "id": "G0160",
    "x": 28.65888888888889,
    "y": 46.00805555555556
}