{
    "id": 565,
    "x": 28.19611111111111,
    "y": 45.95916666666667
}