{
    "id": "G1078",
    "x": 28.62666666666667,
    "y": 46.406388888888884
}