{
    "id": "G0532",
    "x": 28.58861111111111,
    "y": 46.112500000000004
}