{
    "id": "Cn0858",
    "x": 28.406388888888888,
    "y": 46.355000000000004
}