{
    "id": "G1808",
    "x": 28.849444444444444,
    "y": 46.09027777777778
}