{
    "id": "Cn1096",
    "x": 28.335277777777776,
    "y": 46.13861111111111
}