{
    "id": "Ch0193",
    "x": 28.17027777777778,
    "y": 46.055277777777775
}