{
    "id": "G0473",
    "x": 28.592222222222222,
    "y": 46.11416666666667
}