{
    "id": "G1814",
    "x": 28.824444444444445,
    "y": 46.07055555555556
}