{
    "id": "Cm1058",
    "x": 28.87611111111111,
    "y": 46.62916666666667
}