{
    "id": "G0805",
    "x": 28.639166666666664,
    "y": 46.223055555555554
}