{
    "id": "G0425",
    "x": 28.595277777777778,
    "y": 46.12111111111111
}