{
    "id": "G0967",
    "x": 28.651666666666664,
    "y": 46.16833333333333
}