{
    "id": "Cn0695",
    "x": 28.47833333333333,
    "y": 46.14472222222222
}