{
    "id": 777,
    "x": 28.221666666666664,
    "y": 46.02777777777778
}