{
    "id": "Cm0366",
    "x": 28.710277777777776,
    "y": 46.64333333333333
}