{
    "id": "Lv0883",
    "x": 28.35638888888889,
    "y": 46.45916666666667
}