{
    "id": "G1097",
    "x": 28.599444444444444,
    "y": 46.42777777777778
}