{
    "id": "G1696",
    "x": 28.846666666666664,
    "y": 46.059444444444445
}