{
    "id": "G5796",
    "x": 28.690833333333334,
    "y": 45.842222222222226
}