{
    "id": "Lv1517",
    "x": 28.258055555555554,
    "y": 46.62694444444445
}