{
    "id": "G5270",
    "x": 28.77361111111111,
    "y": 46.11611111111111
}