{
    "id": "Cn1054",
    "x": 28.411666666666665,
    "y": 46.10305555555556
}