{
    "id": "Lv0739",
    "x": 28.320555555555554,
    "y": 46.56583333333333
}