{
    "id": "G0874",
    "x": 28.64361111111111,
    "y": 46.215833333333336
}