{
    "id": 1001,
    "x": 28.227777777777778,
    "y": 46.074444444444445
}