{
    "id": "G5625",
    "x": 28.679166666666667,
    "y": 45.83166666666667
}