{
    "id": 1664,
    "x": 28.52722222222222,
    "y": 46.600833333333334
}