{
    "id": "B0019",
    "x": 28.868055555555557,
    "y": 46.461111111111116
}