{
    "id": "G0586",
    "x": 28.59722222222222,
    "y": 46.10444444444445
}