{
    "id": "B0040",
    "x": 28.878888888888888,
    "y": 46.45166666666667
}