{
    "id": "Cm1082",
    "x": 28.843055555555555,
    "y": 46.66027777777778
}