{
    "id": 1363,
    "x": 28.449444444444445,
    "y": 45.58888888888889
}