{
    "id": "G0431",
    "x": 28.58861111111111,
    "y": 46.12027777777778
}