{
    "id": "G1225",
    "x": 28.63277777777778,
    "y": 46.422777777777775
}