{
    "id": "Cm1349",
    "x": 28.764722222222222,
    "y": 46.664722222222224
}