{
    "id": "Lv1193",
    "x": 28.52027777777778,
    "y": 46.38166666666667
}