{
    "id": "Lv0608",
    "x": 28.360833333333336,
    "y": 46.51888888888889
}