{
    "id": "G0400",
    "x": 28.59638888888889,
    "y": 46.11888888888889
}