{
    "id": "G0381",
    "x": 28.60388888888889,
    "y": 46.120555555555555
}