{
    "id": "Ch0388",
    "x": 28.26722222222222,
    "y": 46.09277777777778
}