{
    "id": "G0376",
    "x": 28.60527777777778,
    "y": 46.11805555555556
}