{
    "id": "G0292",
    "x": 28.564444444444444,
    "y": 46.033055555555556
}