{
    "id": "G1080",
    "x": 28.627222222222223,
    "y": 46.40555555555555
}