{
    "id": "Cm0733",
    "x": 28.65861111111111,
    "y": 46.669444444444444
}