{
    "id": 1294,
    "x": 28.329444444444444,
    "y": 45.81805555555556
}