{
    "id": "Cm0139",
    "x": 28.718888888888888,
    "y": 46.63138888888889
}