{
    "id": "G0741",
    "x": 28.604722222222225,
    "y": 46.10583333333334
}