{
    "id": "B0078",
    "x": 28.942777777777778,
    "y": 46.348333333333336
}