{
    "id": "Cm1580",
    "x": 28.802222222222223,
    "y": 46.53194444444444
}