{
    "id": "Cm0792",
    "x": 28.91472222222222,
    "y": 46.580000000000005
}