{
    "id": "G5103",
    "x": 28.831666666666667,
    "y": 46.256388888888885
}