{
    "id": "Cm0292",
    "x": 28.800833333333333,
    "y": 46.623333333333335
}