{
    "id": "Cn0480",
    "x": 28.346944444444443,
    "y": 46.364444444444445
}