{
    "id": "G5568",
    "x": 28.823055555555555,
    "y": 46.36694444444444
}