{
    "id": "Cn1045",
    "x": 28.404166666666665,
    "y": 46.13583333333333
}