{
    "id": "Cm0652",
    "x": 28.934444444444445,
    "y": 46.55444444444444
}