{
    "id": "Lv1555",
    "x": 28.391388888888887,
    "y": 46.404444444444444
}