{
    "id": "Cm1460",
    "x": 29.026666666666667,
    "y": 46.51111111111111
}