{
    "id": "G1321",
    "x": 28.658055555555553,
    "y": 46.309444444444445
}