{
    "id": 242,
    "x": 28.48888888888889,
    "y": 45.92666666666666
}