{
    "id": "T0215",
    "x": 28.56888888888889,
    "y": 45.780833333333334
}