{
    "id": "Ch0650",
    "x": 28.284722222222225,
    "y": 45.87027777777778
}