{
    "id": "B0186",
    "x": 28.91777777777778,
    "y": 46.41138888888889
}