{
    "id": "Cn1133",
    "x": 28.280833333333334,
    "y": 46.16638888888889
}