{
    "id": "G0044",
    "x": 28.643055555555556,
    "y": 45.955000000000005
}