{
    "id": "G5849",
    "x": 28.87666666666667,
    "y": 46.11694444444444
}