{
    "id": "Cn0448",
    "x": 28.32027777777778,
    "y": 46.35416666666667
}