{
    "id": "G1354",
    "x": 28.66777777777778,
    "y": 46.31083333333333
}