{
    "id": "G1221",
    "x": 28.65888888888889,
    "y": 46.37305555555555
}