{
    "id": "Cn0903",
    "x": 28.421944444444446,
    "y": 46.355555555555554
}