{
    "id": 106,
    "x": 28.581944444444446,
    "y": 45.86833333333333
}