{
    "id": "G0439",
    "x": 28.59611111111111,
    "y": 46.117222222222225
}