{
    "id": "G1386",
    "x": 28.674166666666668,
    "y": 46.28194444444444
}