{
    "id": "Cm1390",
    "x": 28.996944444444445,
    "y": 46.57833333333333
}