{
    "id": 170,
    "x": 28.566111111111113,
    "y": 45.776666666666664
}