{
    "id": "Cm0675",
    "x": 28.584999999999997,
    "y": 46.64222222222222
}