{
    "id": "G0263",
    "x": 28.57027777777778,
    "y": 46.019444444444446
}