{
    "id": "Lv0597",
    "x": 28.356944444444444,
    "y": 46.50833333333333
}