{
    "id": "G1565",
    "x": 28.81416666666667,
    "y": 46.05611111111111
}