{
    "id": "Cm1620",
    "x": 28.760833333333334,
    "y": 46.52611111111111
}