{
    "id": "G0685",
    "x": 28.584999999999997,
    "y": 46.09527777777778
}