{
    "id": "G0817",
    "x": 28.649166666666666,
    "y": 46.244166666666665
}