{
    "id": 904,
    "x": 28.330277777777777,
    "y": 46.109722222222224
}