{
    "id": "Cn0059",
    "x": 28.227777777777778,
    "y": 46.26444444444444
}