{
    "id": "Lv0574",
    "x": 28.352500000000003,
    "y": 46.52111111111111
}