{
    "id": "Cm0524",
    "x": 28.750555555555554,
    "y": 46.72944444444445
}