{
    "id": 69,
    "x": 28.593333333333334,
    "y": 45.900555555555556
}