{
    "id": "Cm1319",
    "x": 28.811944444444446,
    "y": 46.691111111111105
}