{
    "id": "Cm0565",
    "x": 28.926111111111112,
    "y": 46.591944444444444
}