{
    "id": "Ch0491",
    "x": 28.23611111111111,
    "y": 46.07027777777778
}