{
    "id": "Cn0648",
    "x": 28.43305555555556,
    "y": 46.17916666666667
}