{
    "id": "Lv0973",
    "x": 28.44611111111111,
    "y": 46.43472222222222
}