{
    "id": "Lv0804",
    "x": 28.31722222222222,
    "y": 46.57166666666667
}