{
    "id": "Cm0461",
    "x": 28.623055555555556,
    "y": 46.573888888888895
}