{
    "id": "G5348",
    "x": 28.683611111111112,
    "y": 46.096111111111114
}