{
    "id": "G1200",
    "x": 28.628333333333334,
    "y": 46.40972222222222
}