{
    "id": 1746,
    "x": 28.43166666666667,
    "y": 46.649166666666666
}