{
    "id": 1240,
    "x": 28.314444444444444,
    "y": 45.84666666666667
}