{
    "id": "B0305",
    "x": 28.778055555555554,
    "y": 46.301111111111105
}