{
    "id": "G0169",
    "x": 28.661666666666665,
    "y": 46.00611111111111
}