{
    "id": "G1690",
    "x": 28.841388888888886,
    "y": 46.05694444444444
}