{
    "id": "Cm0252",
    "x": 28.75611111111111,
    "y": 46.61472222222223
}