{
    "id": 1868,
    "x": 28.54416666666667,
    "y": 46.50083333333333
}