{
    "id": "Cm0271",
    "x": 28.74388888888889,
    "y": 46.61472222222223
}