{
    "id": "Cm1335",
    "x": 28.761944444444445,
    "y": 46.66722222222222
}