{
    "id": "Lv1537",
    "x": 28.269166666666667,
    "y": 46.60388888888889
}