{
    "id": "Ch5183",
    "x": 28.488333333333333,
    "y": 46.097500000000004
}