{
    "id": "T0078",
    "x": 28.596666666666664,
    "y": 45.89805555555556
}