{
    "id": "Cm1292",
    "x": 28.897222222222222,
    "y": 46.693888888888885
}