{
    "id": "G0272",
    "x": 28.56972222222222,
    "y": 46.02166666666667
}