{
    "id": "Cn0249",
    "x": 28.16333333333333,
    "y": 46.189722222222215
}