{
    "id": 1063,
    "x": 28.40972222222222,
    "y": 45.973888888888894
}