{
    "id": 339,
    "x": 28.555833333333332,
    "y": 45.97805555555556
}