{
    "id": "Ch5014",
    "x": 28.183333333333334,
    "y": 45.71944444444445
}