{
    "id": "G1747",
    "x": 28.844166666666666,
    "y": 46.06333333333333
}