{
    "id": 778,
    "x": 28.224166666666665,
    "y": 46.02916666666667
}