{
    "id": "Cn0279",
    "x": 28.170555555555556,
    "y": 46.144444444444446
}