{
    "id": "Cm1430",
    "x": 28.81638888888889,
    "y": 46.48305555555556
}