{
    "id": "Cm1327",
    "x": 28.81722222222222,
    "y": 46.693888888888885
}