{
    "id": "G0796",
    "x": 28.638055555555557,
    "y": 46.22416666666667
}