{
    "id": "G5785",
    "x": 28.683333333333334,
    "y": 45.83777777777778
}