{
    "id": "Cn0930",
    "x": 28.379166666666666,
    "y": 46.29361111111111
}