{
    "id": "G0705",
    "x": 28.585277777777776,
    "y": 46.093611111111116
}