{
    "id": "Cn0220",
    "x": 28.156388888888888,
    "y": 46.24138888888889
}