{
    "id": "Lv1165",
    "x": 28.52111111111111,
    "y": 46.36944444444445
}