{
    "id": "Cm0551",
    "x": 28.925833333333333,
    "y": 46.57194444444445
}