{
    "id": "Cm1153",
    "x": 28.748333333333335,
    "y": 46.44777777777777
}