{
    "id": "Cn0183",
    "x": 28.292222222222225,
    "y": 46.321111111111115
}