{
    "id": "Cn0107",
    "x": 28.161666666666665,
    "y": 46.223333333333336
}