{
    "id": 1296,
    "x": 28.331666666666667,
    "y": 45.815555555555555
}