{
    "id": "G1666",
    "x": 28.841944444444444,
    "y": 46.05222222222222
}