{
    "id": "Lv1035",
    "x": 28.43611111111111,
    "y": 46.421388888888885
}