{
    "id": "G5312",
    "x": 28.76527777777778,
    "y": 46.10027777777778
}