{
    "id": "Lv1236",
    "x": 28.511944444444445,
    "y": 46.361666666666665
}