{
    "id": "Ch0722",
    "x": 28.333055555555557,
    "y": 45.82027777777778
}