{
    "id": 968,
    "x": 28.24138888888889,
    "y": 46.09388888888889
}