{
    "id": "Lv0788",
    "x": 28.314722222222223,
    "y": 46.573055555555555
}