{
    "id": "Lv1574",
    "x": 28.38138888888889,
    "y": 46.390277777777776
}