{
    "id": "Cm0253",
    "x": 28.75611111111111,
    "y": 46.60333333333333
}