{
    "id": 781,
    "x": 28.22611111111111,
    "y": 46.028888888888886
}