{
    "id": "Ch5211",
    "x": 28.520555555555553,
    "y": 46.05138888888889
}