{
    "id": "Cm1211",
    "x": 28.636944444444445,
    "y": 46.47777777777778
}