{
    "id": "Lv0368",
    "x": 28.46361111111111,
    "y": 46.66888888888889
}