{
    "id": 787,
    "x": 28.228055555555553,
    "y": 46.03111111111111
}