{
    "id": 1293,
    "x": 28.320833333333333,
    "y": 45.830555555555556
}