{
    "id": "Cn0344",
    "x": 28.24361111111111,
    "y": 46.23444444444444
}