{
    "id": "Lv0945",
    "x": 28.435555555555556,
    "y": 46.42944444444444
}