{
    "id": "G0839",
    "x": 28.643333333333334,
    "y": 46.22972222222222
}