{
    "id": "B0038",
    "x": 28.878333333333334,
    "y": 46.44833333333333
}