{
    "id": "Cn1097",
    "x": 28.334166666666665,
    "y": 46.13972222222222
}