{
    "id": "Cm1182",
    "x": 28.67027777777778,
    "y": 46.459722222222226
}