{
    "id": "G0577",
    "x": 28.599166666666665,
    "y": 46.10416666666667
}