{
    "id": "Ch5111",
    "x": 28.476388888888888,
    "y": 46.08444444444444
}