{
    "id": "Lv0251",
    "x": 28.469166666666666,
    "y": 46.608333333333334
}