{
    "id": "Lv0124",
    "x": 28.39638888888889,
    "y": 46.59666666666667
}