{
    "id": 551,
    "x": 28.64611111111111,
    "y": 45.895833333333336
}