{
    "id": "Lv1621",
    "x": 28.369722222222222,
    "y": 46.38194444444444
}