{
    "id": "Ch5025",
    "x": 28.17777777777778,
    "y": 45.766666666666666
}