{
    "id": "Cn1129",
    "x": 28.291944444444447,
    "y": 46.176944444444445
}