{
    "id": "Cm1098",
    "x": 28.848055555555554,
    "y": 46.658055555555556
}