{
    "id": "G5031",
    "x": 28.940555555555555,
    "y": 46.205000000000005
}