{
    "id": "G1594",
    "x": 28.645833333333332,
    "y": 46.23222222222223
}