{
    "id": 1287,
    "x": 28.32472222222222,
    "y": 45.828611111111115
}