{
    "id": 768,
    "x": 28.202777777777776,
    "y": 46.022777777777776
}