{
    "id": "Lv1752",
    "x": 28.259444444444444,
    "y": 46.472500000000004
}