{
    "id": "Lv0839",
    "x": 28.315833333333334,
    "y": 46.56638888888889
}