{
    "id": 1520,
    "x": 28.395555555555553,
    "y": 46.60611111111111
}