{
    "id": 1318,
    "x": 28.42638888888889,
    "y": 45.80361111111111
}