{
    "id": "Cn0658",
    "x": 28.462777777777777,
    "y": 46.165277777777774
}