{
    "id": "Ch0726",
    "x": 28.326944444444443,
    "y": 45.827222222222225
}