{
    "id": "G0531",
    "x": 28.58861111111111,
    "y": 46.11222222222222
}