{
    "id": "Lv0024",
    "x": 28.47083333333333,
    "y": 46.583333333333336
}