{
    "id": "Lv0799",
    "x": 28.311666666666667,
    "y": 46.572500000000005
}