{
    "id": "G1253",
    "x": 28.631944444444446,
    "y": 46.29694444444444
}