{
    "id": 902,
    "x": 28.329444444444444,
    "y": 46.111111111111114
}