{
    "id": "G5497",
    "x": 28.66861111111111,
    "y": 46.09166666666667
}