{
    "id": 290,
    "x": 28.475277777777777,
    "y": 45.96277777777778
}