{
    "id": "G0732",
    "x": 28.587777777777777,
    "y": 46.08527777777778
}