{
    "id": "Cm0122",
    "x": 28.727777777777778,
    "y": 46.61222222222222
}