{
    "id": "Lv0655",
    "x": 28.333888888888886,
    "y": 46.581388888888895
}