{
    "id": "Cm0214",
    "x": 28.76222222222222,
    "y": 46.60527777777778
}