{
    "id": "Lv1445",
    "x": 28.242222222222225,
    "y": 46.526944444444446
}