{
    "id": "Ch0870",
    "x": 28.177222222222223,
    "y": 46.00694444444444
}