{
    "id": "Lv1348",
    "x": 28.42638888888889,
    "y": 46.52638888888889
}