{
    "id": "Cn1234",
    "x": 28.285555555555558,
    "y": 46.17944444444444
}