{
    "id": "G0299",
    "x": 28.58722222222222,
    "y": 46.07916666666667
}