{
    "id": "G1184",
    "x": 28.622222222222224,
    "y": 46.42166666666667
}