{
    "id": 1542,
    "x": 28.40222222222222,
    "y": 46.58916666666667
}