{
    "id": "G5337",
    "x": 28.67888888888889,
    "y": 46.09055555555556
}