{
    "id": "Lv1506",
    "x": 28.256666666666668,
    "y": 46.62555555555556
}