{
    "id": "Cm0532",
    "x": 28.788611111111113,
    "y": 46.726111111111116
}