{
    "id": 1309,
    "x": 28.32027777777778,
    "y": 45.82472222222223
}