{
    "id": "G1327",
    "x": 28.655277777777776,
    "y": 46.28805555555555
}