{
    "id": "Cm0965",
    "x": 28.618055555555557,
    "y": 46.531666666666666
}