{
    "id": "Cm0776",
    "x": 28.920555555555556,
    "y": 46.56638888888889
}