{
    "id": 1202,
    "x": 28.29138888888889,
    "y": 45.85888888888889
}