{
    "id": "G5501",
    "x": 28.668333333333333,
    "y": 46.08833333333334
}