{
    "id": "B0043",
    "x": 28.87638888888889,
    "y": 46.45333333333333
}