{
    "id": "G1444",
    "x": 28.559166666666666,
    "y": 46.33833333333334
}