{
    "id": "G1616",
    "x": 28.822499999999998,
    "y": 46.05583333333333
}