{
    "id": "Cm1618",
    "x": 28.759444444444444,
    "y": 46.52611111111111
}