{
    "id": "Lv0630",
    "x": 28.358333333333334,
    "y": 46.50861111111111
}