{
    "id": "Cn0046",
    "x": 28.22083333333333,
    "y": 46.276666666666664
}