{
    "id": 816,
    "x": 28.24416666666667,
    "y": 45.93472222222222
}