{
    "id": "Lv1432",
    "x": 28.248333333333335,
    "y": 46.528055555555554
}