{
    "id": "G5846",
    "x": 28.865833333333335,
    "y": 46.10861111111111
}