{
    "id": "Cm0447",
    "x": 28.616111111111113,
    "y": 46.60166666666667
}