{
    "id": "Ch5019",
    "x": 28.178055555555556,
    "y": 45.75833333333333
}