{
    "id": "Ch5131",
    "x": 28.46611111111111,
    "y": 46.099444444444444
}