{
    "id": "Cn1147",
    "x": 28.281388888888888,
    "y": 46.174166666666665
}