{
    "id": 701,
    "x": 28.173333333333336,
    "y": 46.00472222222222
}