{
    "id": "Cm0127",
    "x": 28.72722222222222,
    "y": 46.61527777777778
}