{
    "id": "Ch0201",
    "x": 28.17638888888889,
    "y": 46.08777777777778
}