{
    "id": "G5035",
    "x": 28.93777777777778,
    "y": 46.20138888888889
}