{
    "id": "Cm1267",
    "x": 28.828888888888887,
    "y": 46.47361111111111
}