{
    "id": "G0403",
    "x": 28.592499999999998,
    "y": 46.120555555555555
}