{
    "id": 526,
    "x": 28.923333333333336,
    "y": 46.02333333333333
}