{
    "id": 1524,
    "x": 28.39472222222222,
    "y": 46.603611111111114
}