{
    "id": 257,
    "x": 28.463055555555556,
    "y": 45.92333333333333
}