{
    "id": "Ch0182",
    "x": 28.163055555555555,
    "y": 46.01305555555555
}