{
    "id": 1570,
    "x": 28.403888888888886,
    "y": 46.58583333333333
}