{
    "id": "Lv1231",
    "x": 28.513333333333332,
    "y": 46.36222222222222
}