{
    "id": "Cm0511",
    "x": 28.805555555555557,
    "y": 46.62083333333334
}