{
    "id": "Lv1646",
    "x": 28.27111111111111,
    "y": 46.48555555555556
}