{
    "id": "Ch5226",
    "x": 28.505555555555556,
    "y": 46.058611111111105
}