{
    "id": "G5225",
    "x": 28.873055555555556,
    "y": 46.17194444444444
}