{
    "id": "Cm0592",
    "x": 28.91472222222222,
    "y": 46.58861111111111
}