{
    "id": "Lv1313",
    "x": 28.320833333333333,
    "y": 46.42972222222222
}