{
    "id": "T0330",
    "x": 28.565833333333334,
    "y": 45.97638888888889
}