{
    "id": "G0078",
    "x": 28.660833333333333,
    "y": 46.01611111111111
}