{
    "id": 521,
    "x": 28.928333333333335,
    "y": 46.01638888888889
}