{
    "id": "G5242",
    "x": 28.844444444444445,
    "y": 46.25111111111111
}