{
    "id": "Lv0942",
    "x": 28.430833333333336,
    "y": 46.426944444444445
}