{
    "id": "Lv0148",
    "x": 28.403333333333332,
    "y": 46.58583333333333
}