{
    "id": "Cn1106",
    "x": 28.344166666666666,
    "y": 46.16166666666666
}