{
    "id": "Cn0731",
    "x": 28.407777777777778,
    "y": 46.35861111111111
}