{
    "id": "Lv1423",
    "x": 28.25611111111111,
    "y": 46.526944444444446
}