{
    "id": "Ch5224",
    "x": 28.50722222222222,
    "y": 46.05722222222222
}