{
    "id": "Cm1181",
    "x": 28.671666666666667,
    "y": 46.46277777777778
}