{
    "id": "Cm0494",
    "x": 28.932222222222222,
    "y": 46.56222222222222
}