{
    "id": 548,
    "x": 28.67138888888889,
    "y": 45.89666666666667
}