{
    "id": "G5654",
    "x": 28.69472222222222,
    "y": 45.85888888888889
}