{
    "id": 1852,
    "x": 28.526666666666667,
    "y": 46.52833333333333
}