{
    "id": "G1669",
    "x": 28.841388888888886,
    "y": 46.05305555555555
}