{
    "id": "Cn1237",
    "x": 28.289722222222224,
    "y": 46.18083333333333
}