{
    "id": "Cn0909",
    "x": 28.413055555555555,
    "y": 46.35777777777778
}