{
    "id": "Ch5062",
    "x": 28.175555555555558,
    "y": 45.643055555555556
}