{
    "id": "G0189",
    "x": 28.65611111111111,
    "y": 46.00277777777778
}