{
    "id": "Lv1496",
    "x": 28.25638888888889,
    "y": 46.56166666666666
}