{
    "id": "Lv1675",
    "x": 28.254166666666666,
    "y": 46.48694444444445
}