{
    "id": "Cn1152",
    "x": 28.406388888888888,
    "y": 46.144999999999996
}