{
    "id": 138,
    "x": 28.586666666666666,
    "y": 45.873333333333335
}