{
    "id": 992,
    "x": 28.22694444444444,
    "y": 46.07777777777778
}