{
    "id": "T0225",
    "x": 28.48222222222222,
    "y": 45.94305555555555
}