{
    "id": 1510,
    "x": 28.461944444444445,
    "y": 46.543055555555554
}