{
    "id": "T0277",
    "x": 28.472499999999997,
    "y": 45.972500000000004
}