{
    "id": "Cn0091",
    "x": 28.178055555555556,
    "y": 46.25861111111111
}