{
    "id": "G5234",
    "x": 28.844166666666666,
    "y": 46.25611111111111
}