{
    "id": "Cn0285",
    "x": 28.174166666666668,
    "y": 46.13638888888889
}