{
    "id": "Cm0893",
    "x": 28.898611111111112,
    "y": 46.61472222222223
}