{
    "id": "G0108",
    "x": 28.661388888888887,
    "y": 46.01305555555555
}