{
    "id": "Lv0969",
    "x": 28.441111111111113,
    "y": 46.428888888888885
}