{
    "id": 479,
    "x": 28.973888888888887,
    "y": 46.15083333333333
}