{
    "id": "G1343",
    "x": 28.653055555555554,
    "y": 46.28055555555555
}