{
    "id": "Lv0303",
    "x": 28.42666666666667,
    "y": 46.64972222222222
}