{
    "id": "Ch0067",
    "x": 28.21472222222222,
    "y": 45.98416666666667
}