{
    "id": "G5006",
    "x": 28.946944444444444,
    "y": 46.21638888888889
}