{
    "id": "G0327",
    "x": 28.606944444444444,
    "y": 46.11222222222222
}