{
    "id": "Ch0511",
    "x": 28.413055555555555,
    "y": 45.968611111111116
}