{
    "id": "Cm1099",
    "x": 28.848333333333333,
    "y": 46.657777777777774
}