{
    "id": 891,
    "x": 28.334722222222222,
    "y": 46.05277777777778
}