{
    "id": "Lv1205",
    "x": 28.518055555555556,
    "y": 46.37305555555555
}