{
    "id": "G0900",
    "x": 28.65222222222222,
    "y": 46.23722222222222
}