{
    "id": "Cn0197",
    "x": 28.31361111111111,
    "y": 46.30472222222222
}