{
    "id": "G1260",
    "x": 28.63611111111111,
    "y": 46.29666666666667
}