{
    "id": "Ch5075",
    "x": 28.384166666666665,
    "y": 45.75083333333333
}