{
    "id": 588,
    "x": 28.19472222222222,
    "y": 45.96194444444445
}