{
    "id": "Cm1012",
    "x": 28.760833333333334,
    "y": 46.436388888888885
}