{
    "id": 225,
    "x": 28.47861111111111,
    "y": 45.94944444444444
}