{
    "id": "Ch5188",
    "x": 28.508333333333333,
    "y": 46.06166666666666
}