{
    "id": "Cm0322",
    "x": 28.642222222222223,
    "y": 46.70583333333334
}