{
    "id": "T0305",
    "x": 28.467777777777776,
    "y": 45.98027777777778
}