{
    "id": 1692,
    "x": 28.47111111111111,
    "y": 46.61222222222222
}