{
    "id": 276,
    "x": 28.471666666666664,
    "y": 45.99888888888889
}