{
    "id": "Cn0124",
    "x": 28.280277777777776,
    "y": 46.32472222222223
}