{
    "id": "Cn1208",
    "x": 28.212777777777777,
    "y": 46.10888888888889
}