{
    "id": "Cn0859",
    "x": 28.405555555555555,
    "y": 46.355555555555554
}