{
    "id": "Cn0184",
    "x": 28.31361111111111,
    "y": 46.30972222222222
}