{
    "id": "Cn0270",
    "x": 28.16638888888889,
    "y": 46.150555555555556
}