{
    "id": "Cn1034",
    "x": 28.40111111111111,
    "y": 46.141666666666666
}