{
    "id": "Cn1111",
    "x": 28.343055555555555,
    "y": 46.166666666666664
}