{
    "id": "Cn0471",
    "x": 28.344166666666666,
    "y": 46.36361111111111
}