{
    "id": "G5300",
    "x": 28.761944444444445,
    "y": 46.10333333333333
}