{
    "id": "B0255",
    "x": 28.89472222222222,
    "y": 46.439166666666665
}