{
    "id": "Cn0397",
    "x": 28.340555555555554,
    "y": 46.25416666666667
}