{
    "id": "Cm1028",
    "x": 28.868333333333332,
    "y": 46.634166666666665
}