{
    "id": "Cm0442",
    "x": 28.93305555555556,
    "y": 46.53805555555555
}