{
    "id": 183,
    "x": 28.531666666666666,
    "y": 45.80416666666667
}