{
    "id": "Lv0909",
    "x": 28.42138888888889,
    "y": 46.42666666666666
}