{
    "id": "Lv1331",
    "x": 28.318055555555556,
    "y": 46.42861111111111
}