{
    "id": 1220,
    "x": 28.293333333333337,
    "y": 45.86027777777778
}