{
    "id": "Cn0388",
    "x": 28.340555555555554,
    "y": 46.25944444444445
}