{
    "id": "Lv1689",
    "x": 28.24888888888889,
    "y": 46.49305555555556
}