{
    "id": "Cm1021",
    "x": 28.75861111111111,
    "y": 46.445277777777775
}