{
    "id": "G5517",
    "x": 28.672222222222224,
    "y": 46.08638888888889
}