{
    "id": "Lv0319",
    "x": 28.43277777777778,
    "y": 46.644444444444446
}