{
    "id": "Ch0343",
    "x": 28.328611111111112,
    "y": 46.11527777777778
}