{
    "id": "Ch0517",
    "x": 28.410277777777775,
    "y": 46.00277777777778
}