{
    "id": 833,
    "x": 28.236666666666668,
    "y": 45.93222222222222
}