{
    "id": 744,
    "x": 28.166944444444447,
    "y": 46.01611111111111
}