{
    "id": "Ch0255",
    "x": 28.253888888888888,
    "y": 46.038888888888884
}