{
    "id": "Cn1092",
    "x": 28.349444444444444,
    "y": 46.129444444444445
}