{
    "id": "G1187",
    "x": 28.626944444444444,
    "y": 46.41444444444444
}