{
    "id": "G5261",
    "x": 28.769166666666667,
    "y": 46.10777777777778
}