{
    "id": "Lv0510",
    "x": 28.391666666666666,
    "y": 46.49166666666667
}