{
    "id": "G5324",
    "x": 28.675833333333333,
    "y": 46.08277777777778
}