{
    "id": "Lv0493",
    "x": 28.514166666666668,
    "y": 46.56666666666667
}