{
    "id": 1754,
    "x": 28.411944444444444,
    "y": 46.666666666666664
}