{
    "id": "Cm0121",
    "x": 28.728055555555553,
    "y": 46.61222222222222
}