{
    "id": "Lv1444",
    "x": 28.24388888888889,
    "y": 46.526666666666664
}