{
    "id": "Lv0313",
    "x": 28.433611111111112,
    "y": 46.64055555555556
}