{
    "id": "B0087",
    "x": 28.93166666666667,
    "y": 46.361666666666665
}