{
    "id": "Lv1079",
    "x": 28.483055555555556,
    "y": 46.46027777777778
}