{
    "id": "G0128",
    "x": 28.65361111111111,
    "y": 46.01305555555555
}