{
    "id": "Cm0686",
    "x": 28.60027777777778,
    "y": 46.65333333333333
}