{
    "id": "G5281",
    "x": 28.766666666666666,
    "y": 46.113055555555555
}