{
    "id": "Ch0848",
    "x": 28.205277777777777,
    "y": 45.91277777777778
}