{
    "id": "G1486",
    "x": 28.51638888888889,
    "y": 46.16222222222222
}