{
    "id": "G5507",
    "x": 28.66916666666667,
    "y": 46.08305555555556
}