{
    "id": "Cm0293",
    "x": 28.801666666666666,
    "y": 46.620555555555555
}