{
    "id": 480,
    "x": 28.93277777777778,
    "y": 46.05166666666666
}