{
    "id": "Ch0756",
    "x": 28.42777777777778,
    "y": 45.80611111111111
}