{
    "id": "Ch0709",
    "x": 28.333055555555557,
    "y": 45.818333333333335
}