{
    "id": "G0234",
    "x": 28.66222222222222,
    "y": 45.99916666666667
}