{
    "id": "Cn0681",
    "x": 28.479444444444443,
    "y": 46.13361111111111
}