{
    "id": 907,
    "x": 28.331666666666667,
    "y": 46.10638888888889
}