{
    "id": "Cn0704",
    "x": 28.40361111111111,
    "y": 46.35527777777778
}