{
    "id": "Cm0719",
    "x": 28.63888888888889,
    "y": 46.70583333333334
}