{
    "id": 285,
    "x": 28.473888888888887,
    "y": 45.969166666666666
}