{
    "id": 530,
    "x": 28.41638888888889,
    "y": 45.87777777777778
}