{
    "id": "Lv1544",
    "x": 28.263055555555557,
    "y": 46.62861111111111
}