{
    "id": "T0493",
    "x": 28.927222222222223,
    "y": 46.02027777777778
}