{
    "id": "B0267",
    "x": 28.894166666666667,
    "y": 46.436388888888885
}