{
    "id": "B0143",
    "x": 28.910555555555554,
    "y": 46.39138888888889
}