{
    "id": "B0041",
    "x": 28.879444444444445,
    "y": 46.45138888888889
}