{
    "id": 728,
    "x": 28.159166666666664,
    "y": 46.01583333333333
}