{
    "id": "Cm0806",
    "x": 28.915555555555553,
    "y": 46.61388888888889
}