{
    "id": "Cn0950",
    "x": 28.50888888888889,
    "y": 46.26444444444444
}