{
    "id": "Lv1195",
    "x": 28.520833333333332,
    "y": 46.38055555555555
}