{
    "id": 31,
    "x": 28.602500000000003,
    "y": 45.89833333333333
}