{
    "id": "Cm0714",
    "x": 28.634166666666665,
    "y": 46.703611111111115
}