{
    "id": "G0546",
    "x": 28.590277777777775,
    "y": 46.11027777777778
}