{
    "id": "Cn0425",
    "x": 28.321666666666665,
    "y": 46.29944444444444
}