{
    "id": "Cn0439",
    "x": 28.322499999999998,
    "y": 46.35305555555556
}