{
    "id": "Ch0704",
    "x": 28.308611111111112,
    "y": 45.83361111111111
}