{
    "id": "G0991",
    "x": 28.65111111111111,
    "y": 46.181666666666665
}