{
    "id": "G1355",
    "x": 28.66777777777778,
    "y": 46.31111111111111
}