{
    "id": "G5678",
    "x": 28.698611111111113,
    "y": 45.855000000000004
}