{
    "id": 555,
    "x": 28.65222222222222,
    "y": 45.89194444444444
}