{
    "id": "Ch5212",
    "x": 28.51833333333333,
    "y": 46.05305555555555
}