{
    "id": 149,
    "x": 28.570555555555554,
    "y": 45.777499999999996
}