{
    "id": "Cn0499",
    "x": 28.316944444444445,
    "y": 46.205000000000005
}