{
    "id": "Cn1174",
    "x": 28.253611111111113,
    "y": 46.155833333333334
}