{
    "id": "Cn0885",
    "x": 28.428611111111113,
    "y": 46.356944444444444
}