{
    "id": "G0620",
    "x": 28.594166666666666,
    "y": 46.10444444444445
}