{
    "id": 1623,
    "x": 28.522777777777776,
    "y": 46.65416666666667
}