{
    "id": "Lv0333",
    "x": 28.40722222222222,
    "y": 46.67472222222222
}