{
    "id": "Cn0410",
    "x": 28.33138888888889,
    "y": 46.26694444444444
}