{
    "id": "Lv1002",
    "x": 28.447222222222223,
    "y": 46.430277777777775
}