{
    "id": "Cn0863",
    "x": 28.411388888888887,
    "y": 46.361666666666665
}