{
    "id": "G5206",
    "x": 28.875555555555557,
    "y": 46.17722222222222
}