{
    "id": "G0405",
    "x": 28.591666666666665,
    "y": 46.12111111111111
}