{
    "id": "Cn0636",
    "x": 28.385555555555555,
    "y": 46.18722222222222
}