{
    "id": "G5311",
    "x": 28.766111111111112,
    "y": 46.10055555555556
}