{
    "id": "Cn1222",
    "x": 28.27722222222222,
    "y": 46.16916666666666
}