{
    "id": "Cm0535",
    "x": 28.785833333333336,
    "y": 46.72944444444445
}