{
    "id": 179,
    "x": 28.52777777777778,
    "y": 45.80222222222222
}