{
    "id": "Cm0609",
    "x": 28.927500000000002,
    "y": 46.57361111111111
}