{
    "id": "Cm0084",
    "x": 28.70861111111111,
    "y": 46.67527777777777
}