{
    "id": "Cn0055",
    "x": 28.229999999999997,
    "y": 46.26777777777777
}