{
    "id": "Cn0680",
    "x": 28.479166666666664,
    "y": 46.13305555555556
}