{
    "id": "G1557",
    "x": 28.816111111111113,
    "y": 46.059444444444445
}