{
    "id": "T0371",
    "x": 28.734166666666667,
    "y": 46.00388888888889
}