{
    "id": "Cm0827",
    "x": 28.90722222222222,
    "y": 46.62111111111111
}