{
    "id": "Cm1086",
    "x": 28.840833333333332,
    "y": 46.66416666666667
}