{
    "id": "Cm1264",
    "x": 28.81972222222222,
    "y": 46.47555555555556
}