{
    "id": "G0836",
    "x": 28.644166666666667,
    "y": 46.23222222222223
}