{
    "id": 65,
    "x": 28.593333333333334,
    "y": 45.903055555555554
}