{
    "id": "Cm0744",
    "x": 28.61388888888889,
    "y": 46.60583333333334
}