{
    "id": "Cn0248",
    "x": 28.16361111111111,
    "y": 46.191111111111105
}