{
    "id": "G1068",
    "x": 28.62027777777778,
    "y": 46.418055555555554
}