{
    "id": "G1467",
    "x": 28.366944444444446,
    "y": 45.54361111111111
}