{
    "id": 1550,
    "x": 28.404999999999998,
    "y": 46.58888888888889
}