{
    "id": 20,
    "x": 28.581666666666667,
    "y": 45.92805555555555
}