{
    "id": "G1115",
    "x": 28.60527777777778,
    "y": 46.42305555555555
}