{
    "id": "Ch0640",
    "x": 28.35611111111111,
    "y": 45.94444444444444
}