{
    "id": 886,
    "x": 28.34722222222222,
    "y": 46.019444444444446
}