{
    "id": "Lv1224",
    "x": 28.515555555555554,
    "y": 46.36638888888889
}