{
    "id": "Cm1066",
    "x": 28.847777777777775,
    "y": 46.650555555555556
}