{
    "id": "Lv0490",
    "x": 28.509444444444444,
    "y": 46.56333333333333
}