{
    "id": 1865,
    "x": 28.546944444444446,
    "y": 46.50277777777778
}