{
    "id": "Cm0696",
    "x": 28.647222222222222,
    "y": 46.70194444444445
}