{
    "id": "Cn1044",
    "x": 28.404444444444444,
    "y": 46.13916666666667
}