{
    "id": 1651,
    "x": 28.544722222222223,
    "y": 46.61527777777778
}