{
    "id": "G0332",
    "x": 28.60638888888889,
    "y": 46.115833333333335
}