{
    "id": "Cn0542",
    "x": 28.324166666666667,
    "y": 46.22777777777778
}