{
    "id": "T0165",
    "x": 28.566111111111113,
    "y": 45.77583333333333
}