{
    "id": "G5804",
    "x": 28.693055555555556,
    "y": 45.84638888888889
}