{
    "id": 1374,
    "x": 28.449166666666667,
    "y": 45.60416666666667
}