{
    "id": "G1634",
    "x": 28.384722222222223,
    "y": 45.546388888888885
}