{
    "id": "Lv1229",
    "x": 28.51388888888889,
    "y": 46.36333333333334
}