{
    "id": "Lv1089",
    "x": 28.49888888888889,
    "y": 46.45944444444445
}