{
    "id": 671,
    "x": 28.243055555555557,
    "y": 46.00666666666667
}