{
    "id": "Cm0462",
    "x": 28.61777777777778,
    "y": 46.581388888888895
}