{
    "id": "G0695",
    "x": 28.58888888888889,
    "y": 46.09916666666667
}