{
    "id": "Cm0770",
    "x": 28.91861111111111,
    "y": 46.57833333333333
}