{
    "id": "G0968",
    "x": 28.65083333333333,
    "y": 46.169444444444444
}