{
    "id": 189,
    "x": 28.566111111111113,
    "y": 45.78638888888889
}