{
    "id": "Cn0353",
    "x": 28.258333333333333,
    "y": 46.23361111111111
}