{
    "id": 798,
    "x": 28.24416666666667,
    "y": 46.03583333333333
}