{
    "id": "Cn0558",
    "x": 28.350833333333334,
    "y": 46.23277777777778
}