{
    "id": "G1645",
    "x": 28.833333333333332,
    "y": 46.047777777777775
}