{
    "id": "Ch0403",
    "x": 28.25638888888889,
    "y": 46.096111111111114
}