{
    "id": "B0286",
    "x": 28.785555555555558,
    "y": 46.309999999999995
}