{
    "id": "G5434",
    "x": 28.670833333333334,
    "y": 46.10333333333333
}