{
    "id": "G0092",
    "x": 28.653333333333332,
    "y": 46.01555555555556
}