{
    "id": "Cn0465",
    "x": 28.33833333333333,
    "y": 46.355555555555554
}