{
    "id": "G0088",
    "x": 28.649166666666666,
    "y": 46.01555555555556
}