{
    "id": "G5304",
    "x": 28.763055555555557,
    "y": 46.09916666666667
}