{
    "id": "Cm0514",
    "x": 28.799722222222226,
    "y": 46.61638888888889
}