{
    "id": "G0622",
    "x": 28.591944444444444,
    "y": 46.10416666666667
}