{
    "id": "T0441",
    "x": 28.975555555555555,
    "y": 46.16916666666666
}