{
    "id": 36,
    "x": 28.598888888888887,
    "y": 45.903055555555554
}