{
    "id": "G1024",
    "x": 28.51833333333333,
    "y": 46.08166666666667
}