{
    "id": "B0218",
    "x": 28.944166666666668,
    "y": 46.51083333333333
}