{
    "id": "Cm0588",
    "x": 28.91472222222222,
    "y": 46.58527777777778
}