{
    "id": "Cm0392",
    "x": 28.683333333333334,
    "y": 46.65222222222222
}