{
    "id": 620,
    "x": 28.21472222222222,
    "y": 45.98527777777778
}