{
    "id": "Cm0613",
    "x": 28.930555555555557,
    "y": 46.556666666666665
}