{
    "id": "G0359",
    "x": 28.600833333333334,
    "y": 46.11555555555556
}