{
    "id": 933,
    "x": 28.279166666666665,
    "y": 46.09777777777778
}