{
    "id": 961,
    "x": 28.253611111111113,
    "y": 46.096111111111114
}