{
    "id": "Cn0011",
    "x": 28.223333333333333,
    "y": 46.27222222222222
}