{
    "id": "Cm0693",
    "x": 28.64472222222222,
    "y": 46.705000000000005
}