{
    "id": "Lv1676",
    "x": 28.252777777777776,
    "y": 46.48638888888889
}