{
    "id": "Lv0578",
    "x": 28.357222222222223,
    "y": 46.51833333333333
}