{
    "id": "Cm1397",
    "x": 29.001944444444444,
    "y": 46.58111111111111
}