{
    "id": "G5864",
    "x": 28.88611111111111,
    "y": 46.11972222222222
}