{
    "id": "Lv1162",
    "x": 28.52472222222222,
    "y": 46.36944444444445
}