{
    "id": "Cm0956",
    "x": 28.610555555555557,
    "y": 46.54888888888889
}