{
    "id": "Cm1510",
    "x": 28.80138888888889,
    "y": 46.51222222222222
}