{
    "id": "Lv0530",
    "x": 28.38361111111111,
    "y": 46.49138888888889
}