{
    "id": "Cm1089",
    "x": 28.839166666666664,
    "y": 46.66638888888889
}