{
    "id": "B0299",
    "x": 28.780555555555555,
    "y": 46.300555555555555
}