{
    "id": "Lv0725",
    "x": 28.326666666666668,
    "y": 46.57055555555556
}