{
    "id": "Cm0773",
    "x": 28.91888888888889,
    "y": 46.57083333333334
}