{
    "id": 1093,
    "x": 28.416666666666668,
    "y": 46.05305555555555
}