{
    "id": 1057,
    "x": 28.40138888888889,
    "y": 45.963055555555556
}