{
    "id": 1717,
    "x": 28.419444444444444,
    "y": 46.65861111111111
}