{
    "id": "Lv1206",
    "x": 28.516944444444444,
    "y": 46.38305555555556
}