{
    "id": "G0706",
    "x": 28.585277777777776,
    "y": 46.09305555555556
}