{
    "id": "Cn0496",
    "x": 28.313333333333333,
    "y": 46.20305555555556
}