{
    "id": "Cm0597",
    "x": 28.741666666666667,
    "y": 46.72638888888889
}