{
    "id": "Cm0644",
    "x": 28.921666666666667,
    "y": 46.55472222222222
}