{
    "id": "G5333",
    "x": 28.676111111111112,
    "y": 46.088055555555556
}