{
    "id": "G1423",
    "x": 28.56416666666667,
    "y": 46.33583333333333
}