{
    "id": "G5615",
    "x": 28.81361111111111,
    "y": 46.367777777777775
}