{
    "id": "Cm1332",
    "x": 28.763055555555557,
    "y": 46.668055555555554
}