{
    "id": "G1752",
    "x": 28.845555555555553,
    "y": 46.06777777777778
}