{
    "id": "G0768",
    "x": 28.643055555555556,
    "y": 46.221944444444446
}