{
    "id": 637,
    "x": 28.22611111111111,
    "y": 45.98444444444444
}