{
    "id": "G5169",
    "x": 28.761111111111113,
    "y": 46.17722222222222
}