{
    "id": "Lv0586",
    "x": 28.35527777777778,
    "y": 46.513333333333335
}