{
    "id": 232,
    "x": 28.47972222222222,
    "y": 45.94583333333333
}