{
    "id": "Cn0329",
    "x": 28.21861111111111,
    "y": 46.22138888888889
}