{
    "id": "G0011",
    "x": 28.668055555555558,
    "y": 46.00666666666667
}