{
    "id": "Lv0447",
    "x": 28.544444444444448,
    "y": 46.574444444444445
}