{
    "id": "Cn0838",
    "x": 28.39611111111111,
    "y": 46.33277777777778
}