{
    "id": 96,
    "x": 28.591388888888886,
    "y": 45.90083333333333
}