{
    "id": "G5369",
    "x": 28.688333333333333,
    "y": 46.10333333333333
}