{
    "id": 557,
    "x": 28.191944444444445,
    "y": 45.953611111111115
}