{
    "id": "G0885",
    "x": 28.64638888888889,
    "y": 46.222500000000004
}