{
    "id": "Lv0502",
    "x": 28.42777777777778,
    "y": 46.55777777777777
}