{
    "id": "G1312",
    "x": 28.650277777777777,
    "y": 46.30833333333333
}