{
    "id": "G5260",
    "x": 28.76861111111111,
    "y": 46.10666666666667
}