{
    "id": "Cm1536",
    "x": 28.81222222222222,
    "y": 46.52472222222222
}