{
    "id": "T0005",
    "x": 28.579444444444444,
    "y": 45.93111111111111
}