{
    "id": 621,
    "x": 28.21722222222222,
    "y": 45.98583333333333
}