{
    "id": "Lv1554",
    "x": 28.390833333333333,
    "y": 46.402499999999996
}