{
    "id": "Lv0651",
    "x": 28.33277777777778,
    "y": 46.580555555555556
}