{
    "id": "Cm1003",
    "x": 28.755277777777778,
    "y": 46.43277777777777
}