{
    "id": "G0338",
    "x": 28.604444444444447,
    "y": 46.11277777777778
}