{
    "id": 1117,
    "x": 28.398611111111112,
    "y": 46.05277777777778
}