{
    "id": "Cn0437",
    "x": 28.323888888888888,
    "y": 46.35388888888889
}