{
    "id": "Cn1206",
    "x": 28.219166666666666,
    "y": 46.11222222222222
}