{
    "id": "Cm0670",
    "x": 28.588055555555556,
    "y": 46.64888888888889
}