{
    "id": 1018,
    "x": 28.21722222222222,
    "y": 46.06805555555556
}