{
    "id": "G5350",
    "x": 28.679722222222225,
    "y": 46.09583333333334
}