{
    "id": "Lv1492",
    "x": 28.252777777777776,
    "y": 46.55972222222222
}