{
    "id": "G5025",
    "x": 28.953055555555554,
    "y": 46.209722222222226
}