{
    "id": "Cn0820",
    "x": 28.398333333333333,
    "y": 46.32277777777778
}