{
    "id": "Cm0569",
    "x": 28.92777777777778,
    "y": 46.58888888888889
}