{
    "id": "Lv0592",
    "x": 28.35611111111111,
    "y": 46.510555555555555
}