{
    "id": "G5381",
    "x": 28.683333333333334,
    "y": 46.10722222222223
}