{
    "id": "Lv1654",
    "x": 28.260277777777777,
    "y": 46.48444444444444
}