{
    "id": "G5467",
    "x": 28.66722222222222,
    "y": 46.10305555555556
}