{
    "id": "Cm1238",
    "x": 28.629166666666666,
    "y": 46.47916666666667
}