{
    "id": "Cn0297",
    "x": 28.184444444444445,
    "y": 46.12416666666667
}