{
    "id": "Lv1694",
    "x": 28.248333333333335,
    "y": 46.49055555555556
}