{
    "id": "Lv0692",
    "x": 28.321944444444444,
    "y": 46.58111111111111
}