{
    "id": "Cm0350",
    "x": 28.650277777777777,
    "y": 46.671388888888885
}