{
    "id": "G1277",
    "x": 28.639444444444443,
    "y": 46.30277777777778
}