{
    "id": "G0226",
    "x": 28.662499999999998,
    "y": 45.99388888888889
}