{
    "id": "Cn1004",
    "x": 28.524166666666666,
    "y": 46.27111111111111
}