{
    "id": "Lv0492",
    "x": 28.511111111111113,
    "y": 46.56444444444444
}