{
    "id": "Cn0102",
    "x": 28.160277777777775,
    "y": 46.23083333333334
}