{
    "id": "Cm0991",
    "x": 28.751944444444444,
    "y": 46.44972222222222
}