{
    "id": "Cm1106",
    "x": 28.840277777777775,
    "y": 46.65833333333333
}