{
    "id": "G5524",
    "x": 28.670833333333334,
    "y": 46.08222222222223
}