{
    "id": "B0031",
    "x": 28.871944444444445,
    "y": 46.45611111111111
}