{
    "id": "G1642",
    "x": 28.833333333333332,
    "y": 46.04611111111111
}