{
    "id": "Ch0060",
    "x": 28.221666666666664,
    "y": 45.98861111111111
}