{
    "id": "Cm0480",
    "x": 28.60777777777778,
    "y": 46.54888888888889
}