{
    "id": "Lv1019",
    "x": 28.423333333333336,
    "y": 46.41833333333333
}