{
    "id": "B0326",
    "x": 28.963055555555556,
    "y": 46.336666666666666
}