{
    "id": "Ch5150",
    "x": 28.488611111111112,
    "y": 46.07944444444445
}