{
    "id": "G5810",
    "x": 28.689444444444444,
    "y": 45.85666666666667
}