{
    "id": "Cm0429",
    "x": 28.925555555555558,
    "y": 46.54194444444444
}