{
    "id": "Cm0051",
    "x": 28.70888888888889,
    "y": 46.683611111111105
}