{
    "id": "G1056",
    "x": 28.611944444444447,
    "y": 46.43416666666666
}