{
    "id": "Lv0734",
    "x": 28.323055555555555,
    "y": 46.56861111111112
}