{
    "id": "G1268",
    "x": 28.64472222222222,
    "y": 46.29111111111111
}