{
    "id": 1436,
    "x": 28.468055555555555,
    "y": 46.586111111111116
}