{
    "id": "Cn0689",
    "x": 28.48777777777778,
    "y": 46.13194444444444
}