{
    "id": "Cn1038",
    "x": 28.40111111111111,
    "y": 46.13583333333333
}