{
    "id": "G1048",
    "x": 28.608055555555556,
    "y": 46.43722222222222
}