{
    "id": "Cn0807",
    "x": 28.40111111111111,
    "y": 46.32972222222222
}