{
    "id": "Cm0985",
    "x": 28.608055555555556,
    "y": 46.54722222222222
}