{
    "id": "B0179",
    "x": 28.91888888888889,
    "y": 46.40833333333333
}