{
    "id": "Cm1341",
    "x": 28.765555555555554,
    "y": 46.66777777777777
}