{
    "id": 205,
    "x": 28.56833333333333,
    "y": 45.777499999999996
}