{
    "id": 550,
    "x": 28.646666666666665,
    "y": 45.896388888888886
}