{
    "id": "B0185",
    "x": 28.91861111111111,
    "y": 46.410555555555554
}