{
    "id": "Ch5195",
    "x": 28.519444444444442,
    "y": 46.05416666666667
}