{
    "id": "G1647",
    "x": 28.835277777777776,
    "y": 46.04666666666667
}