{
    "id": "G0401",
    "x": 28.595277777777778,
    "y": 46.11944444444445
}