{
    "id": 1127,
    "x": 28.37666666666667,
    "y": 46.033055555555556
}