{
    "id": 1836,
    "x": 28.530833333333334,
    "y": 46.52722222222222
}