{
    "id": "G5662",
    "x": 28.691111111111113,
    "y": 45.85861111111111
}