{
    "id": "Cm0426",
    "x": 28.69388888888889,
    "y": 46.650277777777774
}