{
    "id": "G0965",
    "x": 28.650277777777777,
    "y": 46.16416666666667
}