{
    "id": "Lv0342",
    "x": 28.40361111111111,
    "y": 46.671388888888885
}