{
    "id": "Cn0946",
    "x": 28.43722222222222,
    "y": 46.27638888888889
}