{
    "id": "B0082",
    "x": 28.935277777777777,
    "y": 46.35777777777778
}