{
    "id": 858,
    "x": 28.33888888888889,
    "y": 46.025555555555556
}