{
    "id": "G1325",
    "x": 28.65888888888889,
    "y": 46.297777777777775
}