{
    "id": "Cm1160",
    "x": 28.75111111111111,
    "y": 46.44194444444444
}