{
    "id": "G5814",
    "x": 28.691111111111113,
    "y": 45.86416666666667
}