{
    "id": "Cm0593",
    "x": 28.91472222222222,
    "y": 46.589444444444446
}