{
    "id": "G1818",
    "x": 28.833055555555557,
    "y": 46.319722222222225
}