{
    "id": "Cm0920",
    "x": 28.622222222222224,
    "y": 46.58083333333334
}