{
    "id": "Cm1603",
    "x": 28.77722222222222,
    "y": 46.534166666666664
}