{
    "id": "Cm0313",
    "x": 28.668333333333333,
    "y": 46.696666666666665
}