{
    "id": "Cn0497",
    "x": 28.311944444444446,
    "y": 46.20055555555556
}