{
    "id": "Cm0258",
    "x": 28.753055555555555,
    "y": 46.60722222222223
}