{
    "id": 432,
    "x": 28.61416666666667,
    "y": 45.78194444444444
}