{
    "id": "Cn0620",
    "x": 28.411666666666665,
    "y": 46.21638888888889
}