{
    "id": "G1012",
    "x": 28.642222222222223,
    "y": 46.16638888888889
}