{
    "id": "Lv1379",
    "x": 28.256944444444443,
    "y": 46.41305555555555
}