{
    "id": "Ch0454",
    "x": 28.21722222222222,
    "y": 46.064166666666665
}