{
    "id": "Lv1356",
    "x": 28.26361111111111,
    "y": 46.42666666666666
}