{
    "id": "Lv0448",
    "x": 28.546111111111113,
    "y": 46.57527777777778
}