{
    "id": "Cn0912",
    "x": 28.38222222222222,
    "y": 46.28611111111111
}