{
    "id": "Cn1055",
    "x": 28.410555555555554,
    "y": 46.105000000000004
}