{
    "id": "Lv0627",
    "x": 28.361111111111114,
    "y": 46.50888888888889
}