{
    "id": "G1091",
    "x": 28.59638888888889,
    "y": 46.42833333333333
}