{
    "id": "G1079",
    "x": 28.626944444444444,
    "y": 46.405833333333334
}