{
    "id": 1282,
    "x": 28.329166666666666,
    "y": 45.82472222222223
}