{
    "id": "T0488",
    "x": 28.929722222222225,
    "y": 46.028055555555554
}