{
    "id": "Cm0757",
    "x": 28.909166666666664,
    "y": 46.584722222222226
}