{
    "id": "G5310",
    "x": 28.76722222222222,
    "y": 46.09916666666667
}