{
    "id": 292,
    "x": 28.475555555555555,
    "y": 45.96027777777778
}