{
    "id": "Cn0190",
    "x": 28.309444444444445,
    "y": 46.302499999999995
}