{
    "id": "Cm0087",
    "x": 28.694166666666668,
    "y": 46.69638888888888
}