{
    "id": "G0917",
    "x": 28.651666666666664,
    "y": 46.22805555555556
}