{
    "id": "Cn0438",
    "x": 28.323055555555555,
    "y": 46.353611111111114
}