{
    "id": "Ch0818",
    "x": 28.449444444444445,
    "y": 45.60416666666667
}