{
    "id": "G0868",
    "x": 28.641944444444444,
    "y": 46.21555555555556
}