{
    "id": "Cm0646",
    "x": 28.919444444444444,
    "y": 46.555277777777775
}