{
    "id": "Lv0217",
    "x": 28.551111111111112,
    "y": 46.62027777777778
}