{
    "id": "Lv0842",
    "x": 28.316944444444445,
    "y": 46.56916666666667
}