{
    "id": "Cn0052",
    "x": 28.22694444444444,
    "y": 46.265277777777776
}