{
    "id": "Lv0596",
    "x": 28.35638888888889,
    "y": 46.509166666666665
}