{
    "id": "Lv0727",
    "x": 28.325555555555557,
    "y": 46.569722222222225
}