{
    "id": "Cn1048",
    "x": 28.403055555555554,
    "y": 46.14555555555555
}