{
    "id": "Lv1440",
    "x": 28.239722222222223,
    "y": 46.52972222222222
}