{
    "id": "Lv1180",
    "x": 28.51972222222222,
    "y": 46.37416666666667
}