{
    "id": "G0090",
    "x": 28.65111111111111,
    "y": 46.01583333333333
}