{
    "id": "B0235",
    "x": 28.959166666666665,
    "y": 46.473888888888894
}