{
    "id": "Cm0063",
    "x": 28.710555555555555,
    "y": 46.67916666666667
}