{
    "id": 845,
    "x": 28.349166666666665,
    "y": 45.96388888888889
}