{
    "id": "Cn1071",
    "x": 28.385277777777777,
    "y": 46.10611111111111
}