{
    "id": 623,
    "x": 28.216666666666665,
    "y": 45.98388888888889
}