{
    "id": "Lv0943",
    "x": 28.43111111111111,
    "y": 46.426944444444445
}