{
    "id": "Cn1243",
    "x": 28.298055555555557,
    "y": 46.180277777777775
}