{
    "id": "Cm1063",
    "x": 28.84638888888889,
    "y": 46.653888888888886
}