{
    "id": "T0178",
    "x": 28.530833333333334,
    "y": 45.800555555555555
}