{
    "id": 441,
    "x": 28.973611111111108,
    "y": 46.17111111111111
}