{
    "id": "G0764",
    "x": 28.641944444444444,
    "y": 46.21888888888889
}