{
    "id": 745,
    "x": 28.169722222222223,
    "y": 46.00944444444445
}