{
    "id": "Cn0024",
    "x": 28.23638888888889,
    "y": 46.28972222222222
}