{
    "id": "G0106",
    "x": 28.66111111111111,
    "y": 46.013333333333335
}