{
    "id": "Cm1514",
    "x": 28.796111111111113,
    "y": 46.51444444444444
}