{
    "id": "Lv0694",
    "x": 28.32138888888889,
    "y": 46.57944444444445
}