{
    "id": "G0265",
    "x": 28.570833333333333,
    "y": 46.01694444444444
}