{
    "id": "G0235",
    "x": 28.662499999999998,
    "y": 45.99916666666667
}