{
    "id": "Lv0165",
    "x": 28.486944444444447,
    "y": 46.63138888888889
}