{
    "id": "G0294",
    "x": 28.564722222222223,
    "y": 46.03444444444444
}