{
    "id": "Lv1503",
    "x": 28.260555555555555,
    "y": 46.62388888888889
}