{
    "id": "Lv0832",
    "x": 28.320555555555554,
    "y": 46.572500000000005
}