{
    "id": "G0875",
    "x": 28.64361111111111,
    "y": 46.21638888888889
}