{
    "id": "Cn0364",
    "x": 28.26722222222222,
    "y": 46.23027777777778
}