{
    "id": "Lv1031",
    "x": 28.43138888888889,
    "y": 46.418055555555554
}