{
    "id": "B0193",
    "x": 28.90888888888889,
    "y": 46.42027777777778
}