{
    "id": "Lv0265",
    "x": 28.466666666666665,
    "y": 46.61222222222222
}