{
    "id": "Lv0197",
    "x": 28.522499999999997,
    "y": 46.651111111111106
}