{
    "id": 610,
    "x": 28.22222222222222,
    "y": 45.99027777777778
}