{
    "id": "Lv0719",
    "x": 28.330277777777777,
    "y": 46.57361111111111
}