{
    "id": "Cm0166",
    "x": 28.749166666666667,
    "y": 46.586666666666666
}