{
    "id": "Cn0528",
    "x": 28.324166666666667,
    "y": 46.208333333333336
}