{
    "id": 1483,
    "x": 28.464444444444442,
    "y": 46.569722222222225
}