{
    "id": "Lv1454",
    "x": 28.253888888888888,
    "y": 46.594166666666666
}