{
    "id": 1248,
    "x": 28.330833333333334,
    "y": 45.82027777777778
}