{
    "id": "T0359",
    "x": 28.728888888888886,
    "y": 46.01722222222222
}