{
    "id": "Cn1117",
    "x": 28.345555555555553,
    "y": 46.16027777777778
}