{
    "id": "Lv1239",
    "x": 28.516111111111112,
    "y": 46.36888888888889
}