{
    "id": "Cm0058",
    "x": 28.711666666666666,
    "y": 46.67916666666667
}