{
    "id": "Lv0841",
    "x": 28.315833333333334,
    "y": 46.568333333333335
}