{
    "id": "G5405",
    "x": 28.67138888888889,
    "y": 46.10805555555556
}