{
    "id": "Cm1471",
    "x": 29.028888888888886,
    "y": 46.51888888888889
}