{
    "id": "Ch5106",
    "x": 28.377222222222223,
    "y": 45.75111111111111
}