{
    "id": "G5392",
    "x": 28.68138888888889,
    "y": 46.10111111111111
}