{
    "id": "Cm1600",
    "x": 28.77722222222222,
    "y": 46.53611111111111
}