{
    "id": 1275,
    "x": 28.33972222222222,
    "y": 45.81388888888888
}