{
    "id": "Ch0227",
    "x": 28.22972222222222,
    "y": 46.03055555555555
}