{
    "id": "Lv0691",
    "x": 28.321666666666665,
    "y": 46.58083333333334
}