{
    "id": "B0181",
    "x": 28.91861111111111,
    "y": 46.40861111111111
}