{
    "id": "Lv1013",
    "x": 28.440555555555555,
    "y": 46.426944444444445
}