{
    "id": "Cm1348",
    "x": 28.75777777777778,
    "y": 46.66361111111111
}