{
    "id": 159,
    "x": 28.576944444444443,
    "y": 45.740833333333335
}