{
    "id": 1432,
    "x": 28.467777777777776,
    "y": 46.58722222222222
}