{
    "id": "Lv0450",
    "x": 28.547500000000003,
    "y": 46.57472222222223
}