{
    "id": "Cn0892",
    "x": 28.42388888888889,
    "y": 46.35472222222222
}