{
    "id": "G5528",
    "x": 28.672777777777778,
    "y": 46.087500000000006
}