{
    "id": "Cn0840",
    "x": 28.398333333333333,
    "y": 46.331388888888895
}