{
    "id": 1312,
    "x": 28.358055555555556,
    "y": 45.79888888888889
}