{
    "id": "G5677",
    "x": 28.698888888888888,
    "y": 45.85527777777778
}