{
    "id": "G1767",
    "x": 28.841944444444444,
    "y": 46.07027777777778
}