{
    "id": "G1502",
    "x": 28.51222222222222,
    "y": 46.15694444444444
}