{
    "id": "Lv0588",
    "x": 28.355555555555558,
    "y": 46.51138888888889
}