{
    "id": "Cm1131",
    "x": 28.754722222222224,
    "y": 46.442499999999995
}