{
    "id": "Lv0591",
    "x": 28.35638888888889,
    "y": 46.51083333333333
}