{
    "id": "B0067",
    "x": 28.94388888888889,
    "y": 46.35194444444445
}