{
    "id": 995,
    "x": 28.226388888888888,
    "y": 46.07611111111112
}