{
    "id": 367,
    "x": 28.731666666666666,
    "y": 46.01166666666666
}