{
    "id": "Lv1616",
    "x": 28.36916666666667,
    "y": 46.37888888888889
}