{
    "id": "Cm1142",
    "x": 28.753055555555555,
    "y": 46.43083333333333
}