{
    "id": "Lv1141",
    "x": 28.531388888888888,
    "y": 46.37111111111111
}