{
    "id": "Lv0803",
    "x": 28.316666666666666,
    "y": 46.57055555555556
}