{
    "id": "Cm0360",
    "x": 28.64361111111111,
    "y": 46.67666666666666
}