{
    "id": "B0106",
    "x": 28.925833333333333,
    "y": 46.37416666666667
}