{
    "id": "Cm0021",
    "x": 28.708333333333332,
    "y": 46.708333333333336
}