{
    "id": "B0199",
    "x": 28.91722222222222,
    "y": 46.41361111111111
}