{
    "id": "G5352",
    "x": 28.68277777777778,
    "y": 46.09777777777778
}