{
    "id": "G1019",
    "x": 28.525277777777777,
    "y": 46.07944444444445
}