{
    "id": "B0190",
    "x": 28.914166666666667,
    "y": 46.415277777777774
}