{
    "id": "B0198",
    "x": 28.91361111111111,
    "y": 46.41722222222222
}