{
    "id": "G5516",
    "x": 28.670555555555556,
    "y": 46.08638888888889
}