{
    "id": "G0955",
    "x": 28.646944444444443,
    "y": 46.16277777777778
}