{
    "id": "Lv0712",
    "x": 28.336944444444445,
    "y": 46.580555555555556
}