{
    "id": "G1286",
    "x": 28.64527777777778,
    "y": 46.301111111111105
}