{
    "id": "Cn0193",
    "x": 28.31277777777778,
    "y": 46.305277777777775
}