{
    "id": "G1657",
    "x": 28.83722222222222,
    "y": 46.044444444444444
}