{
    "id": 60,
    "x": 28.59472222222222,
    "y": 45.901111111111106
}