{
    "id": 1450,
    "x": 28.473333333333333,
    "y": 46.58027777777778
}