{
    "id": "G1151",
    "x": 28.616666666666667,
    "y": 46.42583333333333
}