{
    "id": "Ch0077",
    "x": 28.227777777777778,
    "y": 45.983333333333334
}