{
    "id": "Cm0448",
    "x": 28.616111111111113,
    "y": 46.602222222222224
}