{
    "id": "G5648",
    "x": 28.695833333333333,
    "y": 45.86027777777778
}