{
    "id": "G0744",
    "x": 28.60666666666667,
    "y": 46.10861111111111
}