{
    "id": "B0294",
    "x": 28.790833333333335,
    "y": 46.30472222222222
}