{
    "id": 47,
    "x": 28.59583333333333,
    "y": 45.89805555555556
}