{
    "id": 1175,
    "x": 28.36388888888889,
    "y": 45.91861111111111
}