{
    "id": "Ch5140",
    "x": 28.472777777777775,
    "y": 46.08305555555556
}