{
    "id": "Cm0603",
    "x": 28.927500000000002,
    "y": 46.56861111111112
}