{
    "id": 314,
    "x": 28.468055555555555,
    "y": 45.97527777777778
}