{
    "id": "Ch5151",
    "x": 28.488055555555558,
    "y": 46.080000000000005
}