{
    "id": "G0302",
    "x": 28.591944444444444,
    "y": 46.08777777777778
}