{
    "id": "Cn0537",
    "x": 28.323888888888888,
    "y": 46.220555555555556
}