{
    "id": "T0143",
    "x": 28.58222222222222,
    "y": 45.874722222222225
}