{
    "id": "Cm0314",
    "x": 28.66888888888889,
    "y": 46.69611111111111
}