{
    "id": "Cn0520",
    "x": 28.315833333333334,
    "y": 46.19638888888888
}