{
    "id": "B0268",
    "x": 28.895833333333332,
    "y": 46.43472222222222
}