{
    "id": "Cn0009",
    "x": 28.22611111111111,
    "y": 46.275555555555556
}