{
    "id": "Lv1227",
    "x": 28.513333333333332,
    "y": 46.36555555555556
}