{
    "id": "G0333",
    "x": 28.60611111111111,
    "y": 46.11527777777778
}