{
    "id": "Lv0801",
    "x": 28.31527777777778,
    "y": 46.569722222222225
}