{
    "id": "G1479",
    "x": 28.51388888888889,
    "y": 46.166666666666664
}