{
    "id": "Cn1195",
    "x": 28.517777777777777,
    "y": 46.21388888888889
}