{
    "id": "Cn0701",
    "x": 28.40138888888889,
    "y": 46.35722222222223
}