{
    "id": "Cm1236",
    "x": 28.62638888888889,
    "y": 46.48027777777778
}