{
    "id": "G5492",
    "x": 28.666666666666668,
    "y": 46.08888888888889
}