{
    "id": 1066,
    "x": 28.41638888888889,
    "y": 45.97166666666667
}