{
    "id": "Cm1356",
    "x": 28.99888888888889,
    "y": 46.568333333333335
}