{
    "id": "B0097",
    "x": 28.921944444444446,
    "y": 46.36361111111111
}