{
    "id": "Cn0039",
    "x": 28.22611111111111,
    "y": 46.28194444444444
}