{
    "id": "Cn1046",
    "x": 28.40361111111111,
    "y": 46.14277777777778
}