{
    "id": 791,
    "x": 28.23611111111111,
    "y": 46.036944444444444
}