{
    "id": "Lv1447",
    "x": 28.427500000000002,
    "y": 46.525277777777774
}