{
    "id": "Lv1308",
    "x": 28.336944444444445,
    "y": 46.44333333333333
}