{
    "id": "G0448",
    "x": 28.595277777777778,
    "y": 46.115833333333335
}