{
    "id": 1332,
    "x": 28.502222222222223,
    "y": 45.75694444444444
}