{
    "id": "Lv1732",
    "x": 28.24638888888889,
    "y": 46.47944444444445
}