{
    "id": "G0638",
    "x": 28.594166666666666,
    "y": 46.10166666666667
}