{
    "id": "Ch0852",
    "x": 28.211666666666666,
    "y": 45.910555555555554
}