{
    "id": 1454,
    "x": 28.470555555555553,
    "y": 46.58166666666667
}