{
    "id": "G5372",
    "x": 28.68277777777778,
    "y": 46.10027777777778
}