{
    "id": "G1525",
    "x": 28.557222222222222,
    "y": 46.330555555555556
}