{
    "id": "Cm1535",
    "x": 28.811111111111114,
    "y": 46.525555555555556
}