{
    "id": "Lv0864",
    "x": 28.32472222222222,
    "y": 46.56805555555556
}