{
    "id": 46,
    "x": 28.59611111111111,
    "y": 45.89805555555556
}