{
    "id": "T0388",
    "x": 28.497222222222224,
    "y": 45.82416666666667
}