{
    "id": "Cm0682",
    "x": 28.68722222222222,
    "y": 46.655277777777776
}