{
    "id": 434,
    "x": 28.961944444444445,
    "y": 46.15833333333333
}