{
    "id": "Cm1538",
    "x": 28.81361111111111,
    "y": 46.52361111111111
}