{
    "id": "G0637",
    "x": 28.593333333333334,
    "y": 46.10194444444445
}