{
    "id": "Cm0452",
    "x": 28.616666666666667,
    "y": 46.586111111111116
}