{
    "id": "Cn1051",
    "x": 28.40861111111111,
    "y": 46.11138888888889
}