{
    "id": "G1771",
    "x": 28.845555555555553,
    "y": 46.073055555555555
}