{
    "id": "Cn0268",
    "x": 28.166944444444447,
    "y": 46.154444444444444
}