{
    "id": "Cn1130",
    "x": 28.29277777777778,
    "y": 46.17583333333333
}