{
    "id": "G5724",
    "x": 28.688055555555557,
    "y": 45.85722222222223
}