{
    "id": "Ch0377",
    "x": 28.276666666666667,
    "y": 46.09722222222222
}