{
    "id": "Cn0419",
    "x": 28.331944444444446,
    "y": 46.308055555555555
}