{
    "id": 144,
    "x": 28.573055555555555,
    "y": 45.87388888888889
}