{
    "id": 558,
    "x": 28.191666666666666,
    "y": 45.953611111111115
}