{
    "id": "Lv1256",
    "x": 28.513055555555557,
    "y": 46.37361111111111
}