{
    "id": "Cn0566",
    "x": 28.215555555555554,
    "y": 46.33222222222223
}