{
    "id": "Cn1024",
    "x": 28.40972222222222,
    "y": 46.23638888888889
}