{
    "id": "G1173",
    "x": 28.619444444444444,
    "y": 46.426944444444445
}