{
    "id": "Ch0633",
    "x": 28.351944444444445,
    "y": 45.95138888888889
}