{
    "id": "Cm0453",
    "x": 28.616944444444446,
    "y": 46.58416666666667
}