{
    "id": "G0250",
    "x": 28.673055555555557,
    "y": 46.00222222222222
}