{
    "id": "G1772",
    "x": 28.84583333333333,
    "y": 46.07333333333334
}