{
    "id": "Lv1183",
    "x": 28.52111111111111,
    "y": 46.37722222222222
}