{
    "id": "Lv1305",
    "x": 28.336944444444445,
    "y": 46.44611111111111
}