{
    "id": "G0759",
    "x": 28.639444444444443,
    "y": 46.214444444444446
}