{
    "id": 827,
    "x": 28.239444444444445,
    "y": 45.93527777777778
}