{
    "id": "Cm1555",
    "x": 28.80666666666667,
    "y": 46.530277777777776
}