{
    "id": "Cn0532",
    "x": 28.326944444444443,
    "y": 46.21611111111111
}