{
    "id": "Cm0105",
    "x": 28.754444444444445,
    "y": 46.73222222222223
}