{
    "id": "Lv0599",
    "x": 28.354444444444447,
    "y": 46.51027777777778
}