{
    "id": "Cm0269",
    "x": 28.745833333333334,
    "y": 46.613055555555555
}