{
    "id": 1498,
    "x": 28.46527777777778,
    "y": 46.56083333333333
}