{
    "id": "Ch0851",
    "x": 28.210833333333333,
    "y": 45.91027777777778
}