{
    "id": "G1393",
    "x": 28.569444444444443,
    "y": 46.31472222222222
}