{
    "id": "Cm1216",
    "x": 28.640555555555554,
    "y": 46.474722222222226
}