{
    "id": "G5163",
    "x": 28.761666666666667,
    "y": 46.17944444444444
}