{
    "id": "Cn0933",
    "x": 28.433333333333334,
    "y": 46.271388888888886
}