{
    "id": 1131,
    "x": 28.330833333333334,
    "y": 45.986111111111114
}