{
    "id": "Lv0970",
    "x": 28.439444444444444,
    "y": 46.42777777777778
}