{
    "id": "G0313",
    "x": 28.598333333333333,
    "y": 46.09916666666667
}