{
    "id": "Lv0389",
    "x": 28.45777777777778,
    "y": 46.66222222222222
}