{
    "id": "Cm1520",
    "x": 28.78611111111111,
    "y": 46.51138888888889
}