{
    "id": "G5514",
    "x": 28.669444444444444,
    "y": 46.088055555555556
}