{
    "id": 1053,
    "x": 28.401666666666664,
    "y": 45.962500000000006
}