{
    "id": 799,
    "x": 28.239722222222223,
    "y": 46.03638888888889
}