{
    "id": "Cm0750",
    "x": 28.616111111111113,
    "y": 46.596111111111114
}