{
    "id": "Ch5145",
    "x": 28.486944444444447,
    "y": 46.07833333333333
}