{
    "id": "Cm1183",
    "x": 28.666944444444447,
    "y": 46.45333333333333
}