{
    "id": "Cm1249",
    "x": 28.83972222222222,
    "y": 46.49638888888889
}