{
    "id": "Lv0514",
    "x": 28.39638888888889,
    "y": 46.494166666666665
}