{
    "id": "Cm0821",
    "x": 28.91222222222222,
    "y": 46.61805555555556
}