{
    "id": 379,
    "x": 28.72694444444444,
    "y": 46.01916666666666
}