{
    "id": 15,
    "x": 28.57638888888889,
    "y": 45.936388888888885
}