{
    "id": "Cm1090",
    "x": 28.84611111111111,
    "y": 46.66694444444444
}