{
    "id": "Ch5153",
    "x": 28.483333333333334,
    "y": 46.10611111111111
}