{
    "id": "Lv1298",
    "x": 28.32611111111111,
    "y": 46.44277777777778
}