{
    "id": "Cn1231",
    "x": 28.283333333333335,
    "y": 46.174166666666665
}