{
    "id": "Cn0573",
    "x": 28.204722222222223,
    "y": 46.31083333333333
}