{
    "id": "Lv0469",
    "x": 28.550555555555555,
    "y": 46.574444444444445
}