{
    "id": "G5387",
    "x": 28.677500000000002,
    "y": 46.10416666666667
}