{
    "id": "Cn0468",
    "x": 28.33972222222222,
    "y": 46.36138888888889
}