{
    "id": "Lv0847",
    "x": 28.334166666666665,
    "y": 46.57916666666667
}