{
    "id": "Lv1344",
    "x": 28.428055555555556,
    "y": 46.528055555555554
}