{
    "id": 764,
    "x": 28.205277777777777,
    "y": 46.02972222222222
}