{
    "id": 1280,
    "x": 28.33222222222222,
    "y": 45.82083333333334
}