{
    "id": 1317,
    "x": 28.42777777777778,
    "y": 45.80416666666667
}