{
    "id": "G5844",
    "x": 28.875555555555557,
    "y": 46.12972222222222
}