{
    "id": "G1377",
    "x": 28.66611111111111,
    "y": 46.27861111111111
}