{
    "id": "Cm0101",
    "x": 28.746944444444445,
    "y": 46.72916666666667
}