{
    "id": "Cm1046",
    "x": 28.87611111111111,
    "y": 46.63111111111111
}