{
    "id": "G0389",
    "x": 28.601111111111113,
    "y": 46.12138888888889
}