{
    "id": "Cn1077",
    "x": 28.391388888888887,
    "y": 46.108333333333334
}