{
    "id": "Lv1607",
    "x": 28.380555555555556,
    "y": 46.385555555555555
}