{
    "id": "G1455",
    "x": 28.372777777777777,
    "y": 45.54194444444444
}