{
    "id": "Lv0751",
    "x": 28.317777777777778,
    "y": 46.56027777777778
}