{
    "id": "G5307",
    "x": 28.764722222222222,
    "y": 46.096111111111114
}