{
    "id": "G0398",
    "x": 28.597777777777775,
    "y": 46.11805555555556
}