{
    "id": "G5018",
    "x": 28.945555555555554,
    "y": 46.21055555555556
}