{
    "id": "Lv1147",
    "x": 28.433888888888887,
    "y": 46.43222222222222
}