{
    "id": "G1427",
    "x": 28.56722222222222,
    "y": 46.315555555555555
}