{
    "id": "Cn0749",
    "x": 28.412777777777777,
    "y": 46.36277777777778
}