{
    "id": "Lv1368",
    "x": 28.26361111111111,
    "y": 46.42833333333333
}