{
    "id": "G0655",
    "x": 28.58888888888889,
    "y": 46.10166666666667
}