{
    "id": "G1109",
    "x": 28.605555555555558,
    "y": 46.42527777777777
}