{
    "id": "Cm0098",
    "x": 28.690833333333334,
    "y": 46.74888888888889
}