{
    "id": 259,
    "x": 28.46527777777778,
    "y": 45.981388888888894
}