{
    "id": "Cn0349",
    "x": 28.252222222222223,
    "y": 46.234722222222224
}