{
    "id": "G5461",
    "x": 28.66916666666667,
    "y": 46.096944444444446
}