{
    "id": "Lv1120",
    "x": 28.50583333333333,
    "y": 46.49194444444444
}