{
    "id": "Lv1649",
    "x": 28.265833333333333,
    "y": 46.48555555555556
}