{
    "id": "G0455",
    "x": 28.58972222222222,
    "y": 46.117777777777775
}