{
    "id": "Lv1578",
    "x": 28.377222222222223,
    "y": 46.38583333333333
}