{
    "id": "Cn0350",
    "x": 28.253055555555555,
    "y": 46.233333333333334
}