{
    "id": "G0447",
    "x": 28.596666666666664,
    "y": 46.11555555555556
}