{
    "id": "Lv1400",
    "x": 28.254166666666666,
    "y": 46.52361111111111
}