{
    "id": 1571,
    "x": 28.403333333333332,
    "y": 46.58583333333333
}