{
    "id": "B0010",
    "x": 28.865833333333335,
    "y": 46.45472222222222
}