{
    "id": "Lv0986",
    "x": 28.46861111111111,
    "y": 46.440555555555555
}