{
    "id": "Lv0714",
    "x": 28.335555555555555,
    "y": 46.58166666666667
}