{
    "id": "G1405",
    "x": 28.568055555555556,
    "y": 46.32972222222222
}