{
    "id": "Cm0282",
    "x": 28.801111111111112,
    "y": 46.617777777777775
}