{
    "id": "G1335",
    "x": 28.65833333333333,
    "y": 46.29111111111111
}