{
    "id": "Cm1179",
    "x": 28.673055555555557,
    "y": 46.465833333333336
}