{
    "id": "T0380",
    "x": 28.51527777777778,
    "y": 45.814166666666665
}