{
    "id": "G5014",
    "x": 28.952777777777776,
    "y": 46.21472222222223
}