{
    "id": "Lv0726",
    "x": 28.325833333333332,
    "y": 46.57027777777778
}