{
    "id": "G0978",
    "x": 28.653888888888886,
    "y": 46.175555555555555
}