{
    "id": "Cm1513",
    "x": 28.796666666666667,
    "y": 46.513888888888886
}