{
    "id": "Cm0648",
    "x": 28.919444444444444,
    "y": 46.551111111111105
}