{
    "id": "Lv0668",
    "x": 28.323055555555555,
    "y": 46.58305555555556
}