{
    "id": 1388,
    "x": 28.447777777777777,
    "y": 45.61388888888889
}