{
    "id": "Ch5000",
    "x": 28.175555555555558,
    "y": 45.69222222222222
}