{
    "id": 537,
    "x": 28.673055555555557,
    "y": 45.907222222222224
}