{
    "id": "Ch0846",
    "x": 28.534166666666668,
    "y": 45.76166666666666
}