{
    "id": "Ch5236",
    "x": 28.169722222222223,
    "y": 45.60166666666667
}