{
    "id": "Cm0974",
    "x": 28.608611111111113,
    "y": 46.54333333333333
}