{
    "id": "Lv0641",
    "x": 28.357222222222223,
    "y": 46.513333333333335
}