{
    "id": "G0137",
    "x": 28.65083333333333,
    "y": 46.007222222222225
}