{
    "id": "G1160",
    "x": 28.618333333333332,
    "y": 46.43388888888889
}