{
    "id": "G1252",
    "x": 28.63277777777778,
    "y": 46.29555555555555
}