{
    "id": "G5415",
    "x": 28.673055555555557,
    "y": 46.10166666666667
}