{
    "id": "Lv1132",
    "x": 28.531944444444445,
    "y": 46.36611111111111
}