{
    "id": "Ch0727",
    "x": 28.32611111111111,
    "y": 45.82944444444445
}