{
    "id": "Cn0801",
    "x": 28.407777777777778,
    "y": 46.32777777777778
}