{
    "id": "Lv0875",
    "x": 28.34722222222222,
    "y": 46.458333333333336
}