{
    "id": "G0571",
    "x": 28.58972222222222,
    "y": 46.10611111111111
}