{
    "id": 1138,
    "x": 28.325555555555557,
    "y": 45.99333333333333
}