{
    "id": "G0301",
    "x": 28.590555555555554,
    "y": 46.08638888888889
}