{
    "id": "G5599",
    "x": 28.81388888888889,
    "y": 46.37583333333333
}