{
    "id": 1831,
    "x": 28.53111111111111,
    "y": 46.52305555555555
}