{
    "id": "B0085",
    "x": 28.935555555555556,
    "y": 46.36027777777778
}