{
    "id": "B0025",
    "x": 28.87027777777778,
    "y": 46.45805555555556
}