{
    "id": 1490,
    "x": 28.46527777777778,
    "y": 46.566111111111105
}