{
    "id": "Ch0197",
    "x": 28.16638888888889,
    "y": 46.06055555555555
}