{
    "id": 1622,
    "x": 28.522777777777776,
    "y": 46.65277777777778
}