{
    "id": "G1073",
    "x": 28.624444444444446,
    "y": 46.409444444444446
}