{
    "id": "G5346",
    "x": 28.68138888888889,
    "y": 46.09583333333334
}