{
    "id": "Cm1079",
    "x": 28.842222222222222,
    "y": 46.65972222222222
}