{
    "id": "Cn0203",
    "x": 28.31138888888889,
    "y": 46.311388888888885
}