{
    "id": "G0594",
    "x": 28.59583333333333,
    "y": 46.099722222222226
}