{
    "id": 269,
    "x": 28.467499999999998,
    "y": 46.01777777777777
}