{
    "id": "Cn1137",
    "x": 28.274444444444445,
    "y": 46.16583333333333
}