{
    "id": "G5360",
    "x": 28.684722222222224,
    "y": 46.09916666666667
}