{
    "id": "Cn1139",
    "x": 28.279166666666665,
    "y": 46.16972222222222
}