{
    "id": "G0489",
    "x": 28.584444444444443,
    "y": 46.12027777777778
}