{
    "id": "G5376",
    "x": 28.685555555555556,
    "y": 46.106944444444444
}