{
    "id": "G1344",
    "x": 28.652777777777775,
    "y": 46.279444444444444
}