{
    "id": "G0414",
    "x": 28.599722222222223,
    "y": 46.119166666666665
}