{
    "id": 320,
    "x": 28.572499999999998,
    "y": 46.004444444444445
}