{
    "id": "Cn0408",
    "x": 28.334999999999997,
    "y": 46.263888888888886
}