{
    "id": "Cn0289",
    "x": 28.182222222222222,
    "y": 46.128055555555555
}