{
    "id": "G0958",
    "x": 28.64611111111111,
    "y": 46.16166666666666
}