{
    "id": "Cm1470",
    "x": 29.033611111111114,
    "y": 46.51222222222222
}