{
    "id": "Cn0272",
    "x": 28.16444444444444,
    "y": 46.156666666666666
}