{
    "id": "Lv1673",
    "x": 28.252777777777776,
    "y": 46.490833333333335
}