{
    "id": "Lv1724",
    "x": 28.246666666666666,
    "y": 46.486111111111114
}