{
    "id": "Cm0841",
    "x": 28.91361111111111,
    "y": 46.62111111111111
}