{
    "id": "Cn0627",
    "x": 28.415277777777778,
    "y": 46.21944444444445
}