{
    "id": "Cn0874",
    "x": 28.42027777777778,
    "y": 46.362500000000004
}