{
    "id": "Cn1157",
    "x": 28.408055555555553,
    "y": 46.14222222222222
}