{
    "id": "Cn0434",
    "x": 28.328611111111112,
    "y": 46.35777777777778
}