{
    "id": "Cn1107",
    "x": 28.343888888888888,
    "y": 46.16222222222222
}