{
    "id": "Cm0562",
    "x": 28.92361111111111,
    "y": 46.58916666666667
}