{
    "id": "G0981",
    "x": 28.657777777777778,
    "y": 46.17472222222222
}