{
    "id": "Cm0754",
    "x": 28.933333333333334,
    "y": 46.57166666666667
}