{
    "id": "G5023",
    "x": 28.953611111111112,
    "y": 46.21055555555556
}