{
    "id": 111,
    "x": 28.58277777777778,
    "y": 45.86888888888889
}