{
    "id": "Lv0569",
    "x": 28.352222222222224,
    "y": 46.524166666666666
}