{
    "id": "Cm0869",
    "x": 28.904722222222222,
    "y": 46.62166666666667
}