{
    "id": "Ch5160",
    "x": 28.481388888888887,
    "y": 46.105000000000004
}