{
    "id": "Lv1042",
    "x": 28.398888888888887,
    "y": 46.484722222222224
}