{
    "id": "G0758",
    "x": 28.63888888888889,
    "y": 46.213055555555556
}