{
    "id": "Cm1105",
    "x": 28.83611111111111,
    "y": 46.66138888888889
}