{
    "id": "Cm1056",
    "x": 28.877222222222223,
    "y": 46.62833333333333
}