{
    "id": "Lv0845",
    "x": 28.334722222222222,
    "y": 46.578611111111115
}