{
    "id": "Lv0657",
    "x": 28.335833333333333,
    "y": 46.58277777777778
}