{
    "id": "Cm1253",
    "x": 28.842777777777776,
    "y": 46.495555555555555
}