{
    "id": "Lv1652",
    "x": 28.265833333333333,
    "y": 46.48361111111111
}