{
    "id": "Cn0526",
    "x": 28.322499999999998,
    "y": 46.21083333333333
}