{
    "id": "Cn1121",
    "x": 28.299166666666668,
    "y": 46.18583333333333
}