{
    "id": "G5354",
    "x": 28.684166666666666,
    "y": 46.09777777777778
}