{
    "id": "Cn0420",
    "x": 28.33277777777778,
    "y": 46.30361111111111
}