{
    "id": "B0342",
    "x": 28.988611111111112,
    "y": 46.343333333333334
}