{
    "id": 430,
    "x": 28.616666666666667,
    "y": 45.77861111111111
}