{
    "id": "Cn0596",
    "x": 28.25638888888889,
    "y": 46.380833333333335
}