{
    "id": "G5623",
    "x": 28.697222222222223,
    "y": 45.83555555555556
}