{
    "id": "G0524",
    "x": 28.591944444444444,
    "y": 46.111111111111114
}