{
    "id": "Ch5070",
    "x": 28.179722222222225,
    "y": 45.57083333333334
}