{
    "id": "Cm0047",
    "x": 28.70611111111111,
    "y": 46.68888888888888
}