{
    "id": "Cm0454",
    "x": 28.61722222222222,
    "y": 46.58166666666667
}