{
    "id": "B0223",
    "x": 28.948888888888888,
    "y": 46.504444444444445
}