{
    "id": "Ch0628",
    "x": 28.34638888888889,
    "y": 45.94777777777777
}