{
    "id": "Lv0551",
    "x": 28.35611111111111,
    "y": 46.52027777777778
}