{
    "id": "G1123",
    "x": 28.62138888888889,
    "y": 46.41583333333333
}