{
    "id": "G5709",
    "x": 28.698888888888888,
    "y": 45.84166666666667
}