{
    "id": "Cm0095",
    "x": 28.69361111111111,
    "y": 46.74611111111111
}