{
    "id": "Ch0296",
    "x": 28.341944444444444,
    "y": 46.03666666666666
}