{
    "id": "Cm0914",
    "x": 28.628888888888888,
    "y": 46.564166666666665
}