{
    "id": "G1165",
    "x": 28.61722222222222,
    "y": 46.43222222222222
}