{
    "id": 855,
    "x": 28.33888888888889,
    "y": 46.03638888888889
}