{
    "id": "Cn0051",
    "x": 28.226666666666667,
    "y": 46.26583333333333
}