{
    "id": "Cm0807",
    "x": 28.91722222222222,
    "y": 46.61222222222222
}