{
    "id": "G0464",
    "x": 28.592222222222222,
    "y": 46.113055555555555
}