{
    "id": "Cn0265",
    "x": 28.16583333333333,
    "y": 46.16444444444444
}