{
    "id": "Cn1144",
    "x": 28.284166666666668,
    "y": 46.18194444444444
}