{
    "id": "G1346",
    "x": 28.66916666666667,
    "y": 46.301944444444445
}