{
    "id": 174,
    "x": 28.565833333333334,
    "y": 45.779444444444444
}