{
    "id": "G5806",
    "x": 28.690833333333334,
    "y": 45.85333333333333
}