{
    "id": "Cn0855",
    "x": 28.40861111111111,
    "y": 46.353611111111114
}