{
    "id": "Cn0811",
    "x": 28.405277777777776,
    "y": 46.330555555555556
}