{
    "id": "Lv1563",
    "x": 28.385833333333334,
    "y": 46.39194444444444
}