{
    "id": "Lv0953",
    "x": 28.424166666666668,
    "y": 46.420833333333334
}