{
    "id": "G1413",
    "x": 28.56638888888889,
    "y": 46.33277777777778
}