{
    "id": "G0232",
    "x": 28.66222222222222,
    "y": 45.99722222222222
}