{
    "id": "Ch5248",
    "x": 28.189722222222223,
    "y": 45.83527777777778
}