{
    "id": 220,
    "x": 28.590277777777775,
    "y": 45.90361111111111
}