{
    "id": "Lv1114",
    "x": 28.477777777777778,
    "y": 46.45805555555556
}