{
    "id": "G1136",
    "x": 28.609722222222224,
    "y": 46.42222222222222
}