{
    "id": "G5239",
    "x": 28.845555555555553,
    "y": 46.254444444444445
}