{
    "id": "G0201",
    "x": 28.653888888888886,
    "y": 46.00277777777778
}