{
    "id": "G0575",
    "x": 28.593333333333334,
    "y": 46.105555555555554
}