{
    "id": "Cn0048",
    "x": 28.22833333333333,
    "y": 46.26861111111111
}