{
    "id": "G0984",
    "x": 28.650555555555552,
    "y": 46.174166666666665
}