{
    "id": "Cm0240",
    "x": 28.75888888888889,
    "y": 46.606944444444444
}