{
    "id": 1145,
    "x": 28.410277777777775,
    "y": 45.93527777777778
}