{
    "id": "Cm1411",
    "x": 29.010277777777777,
    "y": 46.57416666666667
}