{
    "id": "Cn0339",
    "x": 28.22138888888889,
    "y": 46.19694444444444
}