{
    "id": "Lv0485",
    "x": 28.51388888888889,
    "y": 46.56444444444444
}