{
    "id": 1203,
    "x": 28.290555555555557,
    "y": 45.86055555555556
}