{
    "id": 515,
    "x": 28.925833333333333,
    "y": 46.01611111111111
}