{
    "id": "Cm1186",
    "x": 28.67777777777778,
    "y": 46.45777777777778
}