{
    "id": "Cm0823",
    "x": 28.911944444444444,
    "y": 46.618611111111115
}