{
    "id": 237,
    "x": 28.480555555555554,
    "y": 45.93944444444444
}