{
    "id": "G1701",
    "x": 28.84611111111111,
    "y": 46.059999999999995
}