{
    "id": "Ch0079",
    "x": 28.225555555555555,
    "y": 45.984722222222224
}