{
    "id": 713,
    "x": 28.185277777777777,
    "y": 45.97833333333333
}