{
    "id": "G0763",
    "x": 28.641111111111112,
    "y": 46.217222222222226
}