{
    "id": "G1528",
    "x": 28.813333333333333,
    "y": 46.06333333333333
}