{
    "id": "Cm1347",
    "x": 28.761388888888888,
    "y": 46.663888888888884
}