{
    "id": "G5094",
    "x": 28.83222222222222,
    "y": 46.254444444444445
}