{
    "id": "Cn1073",
    "x": 28.395555555555553,
    "y": 46.10722222222223
}