{
    "id": "Lv0902",
    "x": 28.41861111111111,
    "y": 46.42361111111111
}