{
    "id": "Cm0939",
    "x": 28.619444444444444,
    "y": 46.540277777777774
}