{
    "id": "Cn0685",
    "x": 28.47583333333333,
    "y": 46.13777777777778
}