{
    "id": 1539,
    "x": 28.40083333333333,
    "y": 46.590833333333336
}