{
    "id": "G5288",
    "x": 28.76638888888889,
    "y": 46.11222222222222
}