{
    "id": "G5699",
    "x": 28.694444444444446,
    "y": 45.846944444444446
}