{
    "id": "G5125",
    "x": 28.840833333333332,
    "y": 46.25388888888889
}