{
    "id": "Cm1078",
    "x": 28.84472222222222,
    "y": 46.658055555555556
}