{
    "id": "Cm0972",
    "x": 28.616666666666667,
    "y": 46.53583333333333
}