{
    "id": 604,
    "x": 28.21611111111111,
    "y": 45.98888888888889
}