{
    "id": "G5005",
    "x": 28.945555555555554,
    "y": 46.216944444444444
}