{
    "id": "G1009",
    "x": 28.64472222222222,
    "y": 46.16916666666666
}