{
    "id": 1531,
    "x": 28.396666666666665,
    "y": 46.598333333333336
}