{
    "id": 143,
    "x": 28.585555555555555,
    "y": 45.86888888888889
}