{
    "id": "Cn0545",
    "x": 28.322499999999998,
    "y": 46.233333333333334
}