{
    "id": "G1245",
    "x": 28.65083333333333,
    "y": 46.28861111111111
}