{
    "id": 388,
    "x": 28.48888888888889,
    "y": 45.83305555555556
}