{
    "id": "Cm1376",
    "x": 29.00027777777778,
    "y": 46.56861111111112
}