{
    "id": "Cm1533",
    "x": 28.809444444444445,
    "y": 46.52611111111111
}