{
    "id": 1213,
    "x": 28.295833333333334,
    "y": 45.85388888888889
}