{
    "id": "G0618",
    "x": 28.59472222222222,
    "y": 46.103611111111114
}