{
    "id": "Lv1168",
    "x": 28.397222222222222,
    "y": 46.481388888888894
}