{
    "id": "G5067",
    "x": 28.833055555555557,
    "y": 46.25138888888889
}