{
    "id": 908,
    "x": 28.326944444444443,
    "y": 46.10611111111111
}