{
    "id": "Cm0067",
    "x": 28.710833333333333,
    "y": 46.67472222222222
}