{
    "id": "G5587",
    "x": 28.821666666666665,
    "y": 46.355000000000004
}