{
    "id": "G1447",
    "x": 28.559444444444445,
    "y": 46.333333333333336
}