{
    "id": "Lv0167",
    "x": 28.490000000000002,
    "y": 46.63444444444444
}