{
    "id": 556,
    "x": 28.657777777777778,
    "y": 45.88527777777778
}