{
    "id": "Cm1528",
    "x": 28.783055555555556,
    "y": 46.51361111111111
}