{
    "id": "Lv1458",
    "x": 28.243333333333336,
    "y": 46.57777777777778
}