{
    "id": "G1667",
    "x": 28.841944444444444,
    "y": 46.050555555555555
}