{
    "id": "Lv0948",
    "x": 28.434444444444445,
    "y": 46.43138888888889
}