{
    "id": "B0158",
    "x": 28.915555555555553,
    "y": 46.409444444444446
}