{
    "id": "Ch5033",
    "x": 28.16722222222222,
    "y": 45.76583333333333
}