{
    "id": 1848,
    "x": 28.529166666666665,
    "y": 46.532777777777774
}