{
    "id": "G0452",
    "x": 28.593055555555555,
    "y": 46.11638888888889
}