{
    "id": "Cn0326",
    "x": 28.220555555555553,
    "y": 46.221111111111114
}