{
    "id": "Cn1135",
    "x": 28.27611111111111,
    "y": 46.16222222222222
}