{
    "id": "Lv0927",
    "x": 28.42638888888889,
    "y": 46.42472222222222
}