{
    "id": "Ch0251",
    "x": 28.259444444444444,
    "y": 46.04222222222222
}