{
    "id": "Cm0160",
    "x": 28.743055555555557,
    "y": 46.58527777777778
}