{
    "id": "Lv1698",
    "x": 28.246666666666666,
    "y": 46.49166666666667
}