{
    "id": "G0176",
    "x": 28.659166666666664,
    "y": 46.00388888888889
}