{
    "id": 950,
    "x": 28.279166666666665,
    "y": 46.09916666666667
}