{
    "id": "G1326",
    "x": 28.65611111111111,
    "y": 46.29111111111111
}