{
    "id": "Cn0335",
    "x": 28.215555555555554,
    "y": 46.20666666666667
}