{
    "id": "Cn0745",
    "x": 28.411388888888887,
    "y": 46.35916666666667
}