{
    "id": "G5447",
    "x": 28.66472222222222,
    "y": 46.09722222222222
}