{
    "id": "G0995",
    "x": 28.646666666666665,
    "y": 46.18055555555555
}