{
    "id": "Cm0840",
    "x": 28.91111111111111,
    "y": 46.62361111111111
}