{
    "id": "G5366",
    "x": 28.679444444444446,
    "y": 46.094166666666666
}