{
    "id": "Cn0564",
    "x": 28.21638888888889,
    "y": 46.33111111111111
}