{
    "id": "Lv0344",
    "x": 28.40611111111111,
    "y": 46.669444444444444
}