{
    "id": "G0281",
    "x": 28.566111111111113,
    "y": 46.028055555555554
}