{
    "id": "Lv1118",
    "x": 28.500555555555554,
    "y": 46.493611111111115
}