{
    "id": "Lv0156",
    "x": 28.47972222222222,
    "y": 46.62638888888889
}