{
    "id": "Lv0720",
    "x": 28.330833333333334,
    "y": 46.573055555555555
}