{
    "id": "G0046",
    "x": 28.670555555555556,
    "y": 46.01416666666667
}