{
    "id": "G1089",
    "x": 28.594166666666666,
    "y": 46.42944444444444
}