{
    "id": "Cm0797",
    "x": 28.924722222222222,
    "y": 46.58166666666667
}