{
    "id": "Cm0561",
    "x": 28.923055555555557,
    "y": 46.58861111111111
}