{
    "id": "Cn5117",
    "x": 28.315555555555555,
    "y": 46.19138888888889
}