{
    "id": "Cm1568",
    "x": 28.80138888888889,
    "y": 46.532777777777774
}