{
    "id": "Cm0811",
    "x": 28.919722222222223,
    "y": 46.613055555555555
}