{
    "id": "G0041",
    "x": 28.66111111111111,
    "y": 45.98916666666667
}