{
    "id": "G5338",
    "x": 28.677500000000002,
    "y": 46.091944444444444
}