{
    "id": "Cm0035",
    "x": 28.708055555555553,
    "y": 46.693888888888885
}