{
    "id": "Lv0179",
    "x": 28.504722222222224,
    "y": 46.630833333333335
}