{
    "id": 1252,
    "x": 28.323333333333334,
    "y": 45.82277777777778
}