{
    "id": "Cn0598",
    "x": 28.25777777777778,
    "y": 46.37722222222222
}