{
    "id": "Cn0253",
    "x": 28.15833333333333,
    "y": 46.165277777777774
}