{
    "id": "Lv1133",
    "x": 28.530833333333334,
    "y": 46.365833333333335
}