{
    "id": "Cm1067",
    "x": 28.848333333333333,
    "y": 46.65138888888889
}