{
    "id": "G5052",
    "x": 28.83888888888889,
    "y": 46.24805555555556
}