{
    "id": "Lv0626",
    "x": 28.361111111111114,
    "y": 46.509166666666665
}