{
    "id": "Cn0062",
    "x": 28.224166666666665,
    "y": 46.26444444444444
}