{
    "id": "B0261",
    "x": 28.893055555555556,
    "y": 46.43805555555555
}