{
    "id": "Cm0505",
    "x": 28.803055555555556,
    "y": 46.617222222222225
}