{
    "id": "Lv1599",
    "x": 28.373333333333335,
    "y": 46.39138888888889
}