{
    "id": "Lv1182",
    "x": 28.52027777777778,
    "y": 46.37555555555556
}