{
    "id": "Lv1434",
    "x": 28.243333333333336,
    "y": 46.52861111111111
}