{
    "id": "Lv1213",
    "x": 28.520555555555553,
    "y": 46.36333333333334
}