{
    "id": "Cn0447",
    "x": 28.31861111111111,
    "y": 46.353611111111114
}