{
    "id": "T0155",
    "x": 28.571666666666665,
    "y": 45.77722222222222
}