{
    "id": "Lv1389",
    "x": 28.241111111111113,
    "y": 46.52333333333333
}