{
    "id": "Cm1659",
    "x": 28.756944444444443,
    "y": 46.668055555555554
}