{
    "id": "Lv1532",
    "x": 28.269166666666667,
    "y": 46.599722222222226
}