{
    "id": "Cn0087",
    "x": 28.166944444444447,
    "y": 46.26166666666666
}