{
    "id": 658,
    "x": 28.239166666666666,
    "y": 46.00888888888889
}