{
    "id": "Cm0437",
    "x": 28.932222222222222,
    "y": 46.54472222222222
}