{
    "id": "Lv0663",
    "x": 28.333333333333332,
    "y": 46.58388888888889
}