{
    "id": "G0980",
    "x": 28.654444444444444,
    "y": 46.172777777777775
}