{
    "id": "Cn1011",
    "x": 28.45888888888889,
    "y": 46.225833333333334
}