{
    "id": "G1550",
    "x": 28.810555555555556,
    "y": 46.05583333333333
}