{
    "id": "Cn0305",
    "x": 28.183611111111112,
    "y": 46.120555555555555
}