{
    "id": "G0032",
    "x": 28.66444444444444,
    "y": 46.00333333333333
}