{
    "id": 1816,
    "x": 28.45777777777778,
    "y": 46.657777777777774
}