{
    "id": "Cn0109",
    "x": 28.161666666666665,
    "y": 46.22027777777778
}