{
    "id": "Ch5223",
    "x": 28.510277777777777,
    "y": 46.05611111111111
}