{
    "id": "Cn0393",
    "x": 28.343333333333334,
    "y": 46.25222222222222
}