{
    "id": "Cm0570",
    "x": 28.925833333333333,
    "y": 46.58833333333334
}