{
    "id": "Cn1061",
    "x": 28.40833333333333,
    "y": 46.10722222222223
}