{
    "id": "Lv0785",
    "x": 28.316111111111113,
    "y": 46.575833333333335
}