{
    "id": "G1504",
    "x": 28.51361111111111,
    "y": 46.155277777777776
}