{
    "id": 844,
    "x": 28.340833333333332,
    "y": 45.970555555555556
}