{
    "id": "Ch0289",
    "x": 28.349444444444444,
    "y": 45.965833333333336
}