{
    "id": "G1071",
    "x": 28.622777777777777,
    "y": 46.41361111111111
}