{
    "id": "Cn0759",
    "x": 28.448333333333334,
    "y": 46.33527777777778
}