{
    "id": "Cn1179",
    "x": 28.25027777777778,
    "y": 46.151944444444446
}