{
    "id": 795,
    "x": 28.240000000000002,
    "y": 46.03194444444444
}