{
    "id": "G5559",
    "x": 28.82638888888889,
    "y": 46.35472222222222
}