{
    "id": "Cm0828",
    "x": 28.906666666666666,
    "y": 46.621944444444445
}