{
    "id": "G1074",
    "x": 28.62527777777778,
    "y": 46.408055555555556
}