{
    "id": "Cm0638",
    "x": 28.923055555555557,
    "y": 46.55277777777778
}