{
    "id": "Cm0251",
    "x": 28.75638888888889,
    "y": 46.61694444444444
}