{
    "id": "Cm0352",
    "x": 28.649444444444445,
    "y": 46.67222222222222
}