{
    "id": "Cn0192",
    "x": 28.31222222222222,
    "y": 46.30472222222222
}