{
    "id": "G5505",
    "x": 28.669444444444444,
    "y": 46.08555555555556
}