{
    "id": "G0539",
    "x": 28.595277777777778,
    "y": 46.10722222222223
}