{
    "id": "Cn0383",
    "x": 28.343888888888888,
    "y": 46.26083333333333
}