{
    "id": "Cm1149",
    "x": 28.74638888888889,
    "y": 46.44555555555555
}