{
    "id": "Lv1157",
    "x": 28.528333333333332,
    "y": 46.37222222222222
}