{
    "id": "G5541",
    "x": 28.82777777777778,
    "y": 46.361666666666665
}