{
    "id": "Lv0088",
    "x": 28.462777777777777,
    "y": 46.541666666666664
}