{
    "id": "Cm0777",
    "x": 28.921111111111113,
    "y": 46.56527777777777
}