{
    "id": "G0062",
    "x": 28.671666666666667,
    "y": 46.02111111111111
}