{
    "id": "Lv1228",
    "x": 28.512777777777778,
    "y": 46.36472222222223
}