{
    "id": "Cn0181",
    "x": 28.280833333333334,
    "y": 46.323055555555555
}