{
    "id": "G1179",
    "x": 28.622777777777777,
    "y": 46.424166666666665
}