{
    "id": "Lv0560",
    "x": 28.356944444444444,
    "y": 46.52388888888889
}