{
    "id": "G0254",
    "x": 28.664166666666667,
    "y": 46.00861111111111
}