{
    "id": "T0216",
    "x": 28.569444444444443,
    "y": 45.78194444444444
}