{
    "id": "G0598",
    "x": 28.594166666666666,
    "y": 46.09722222222222
}