{
    "id": "Cn0359",
    "x": 28.249722222222225,
    "y": 46.23638888888889
}