{
    "id": 1580,
    "x": 28.481666666666666,
    "y": 46.628055555555555
}