{
    "id": "Ch0202",
    "x": 28.174722222222222,
    "y": 46.08888888888889
}