{
    "id": "G0450",
    "x": 28.594444444444445,
    "y": 46.11638888888889
}