{
    "id": "Cm0663",
    "x": 28.586666666666666,
    "y": 46.658055555555556
}