{
    "id": "Lv1310",
    "x": 28.335277777777776,
    "y": 46.44222222222222
}