{
    "id": "Lv0677",
    "x": 28.325833333333332,
    "y": 46.58111111111111
}