{
    "id": "G1063",
    "x": 28.602222222222224,
    "y": 46.43055555555555
}