{
    "id": "G5287",
    "x": 28.76972222222222,
    "y": 46.112500000000004
}