{
    "id": "Cm0919",
    "x": 28.623333333333335,
    "y": 46.57972222222222
}