{
    "id": "G5638",
    "x": 28.692222222222224,
    "y": 45.86138888888889
}