{
    "id": "G1175",
    "x": 28.62027777777778,
    "y": 46.42611111111111
}