{
    "id": "B0254",
    "x": 28.89361111111111,
    "y": 46.439722222222215
}