{
    "id": "G1157",
    "x": 28.618055555555557,
    "y": 46.43472222222222
}