{
    "id": "B0333",
    "x": 28.95138888888889,
    "y": 46.34166666666667
}