{
    "id": "G1363",
    "x": 28.67138888888889,
    "y": 46.29388888888889
}