{
    "id": "Lv1579",
    "x": 28.378055555555555,
    "y": 46.38583333333333
}