{
    "id": "Lv1474",
    "x": 28.24527777777778,
    "y": 46.57166666666667
}