{
    "id": 1181,
    "x": 28.35388888888889,
    "y": 45.93472222222222
}