{
    "id": "Cn0776",
    "x": 28.44527777777778,
    "y": 46.33111111111111
}