{
    "id": 1680,
    "x": 28.46333333333333,
    "y": 46.608333333333334
}