{
    "id": "Cm0878",
    "x": 28.902777777777775,
    "y": 46.61944444444445
}