{
    "id": "Lv0987",
    "x": 28.467777777777776,
    "y": 46.43944444444444
}