{
    "id": "Ch5056",
    "x": 28.191111111111113,
    "y": 45.853611111111114
}