{
    "id": "Cm1408",
    "x": 29.002222222222223,
    "y": 46.57694444444445
}