{
    "id": "T0082",
    "x": 28.59361111111111,
    "y": 45.89888888888889
}