{
    "id": "Lv0160",
    "x": 28.483611111111113,
    "y": 46.63138888888889
}