{
    "id": 1426,
    "x": 28.46833333333333,
    "y": 46.59111111111111
}