{
    "id": "Cm0929",
    "x": 28.621944444444445,
    "y": 46.57944444444445
}