{
    "id": "Cm1241",
    "x": 28.635833333333334,
    "y": 46.47666666666667
}