{
    "id": "G5650",
    "x": 28.699722222222224,
    "y": 45.85777777777778
}