{
    "id": "Cn0551",
    "x": 28.31972222222222,
    "y": 46.236111111111114
}