{
    "id": 1772,
    "x": 28.409444444444443,
    "y": 46.66638888888889
}