{
    "id": 672,
    "x": 28.242222222222225,
    "y": 46.006388888888885
}