{
    "id": "Cn0706",
    "x": 28.404999999999998,
    "y": 46.35388888888889
}