{
    "id": "T0266",
    "x": 28.46833333333333,
    "y": 46.02027777777778
}