{
    "id": "T0450",
    "x": 28.96861111111111,
    "y": 46.14111111111111
}