{
    "id": "Cm1650",
    "x": 28.767777777777777,
    "y": 46.52333333333333
}