{
    "id": "Lv1735",
    "x": 28.25027777777778,
    "y": 46.47833333333333
}