{
    "id": "G1651",
    "x": 28.83611111111111,
    "y": 46.04555555555555
}