{
    "id": "Ch5174",
    "x": 28.495833333333334,
    "y": 46.09444444444445
}