{
    "id": "Cm0456",
    "x": 28.61861111111111,
    "y": 46.57888888888889
}