{
    "id": "Cn0033",
    "x": 28.230555555555554,
    "y": 46.28444444444444
}