{
    "id": "G0284",
    "x": 28.56861111111111,
    "y": 46.02638888888889
}