{
    "id": "G0347",
    "x": 28.598333333333333,
    "y": 46.11222222222222
}