{
    "id": "Lv0853",
    "x": 28.32472222222222,
    "y": 46.574444444444445
}