{
    "id": "G5537",
    "x": 28.813055555555557,
    "y": 46.36555555555556
}