{
    "id": "Cn1227",
    "x": 28.275277777777777,
    "y": 46.17055555555555
}