{
    "id": "Ch0480",
    "x": 28.24527777777778,
    "y": 46.07055555555556
}