{
    "id": 1304,
    "x": 28.310833333333335,
    "y": 45.83833333333334
}