{
    "id": "Cm0383",
    "x": 28.689444444444444,
    "y": 46.650555555555556
}