{
    "id": "Cn0583",
    "x": 28.222499999999997,
    "y": 46.367777777777775
}