{
    "id": "G5758",
    "x": 28.685555555555556,
    "y": 45.83527777777778
}