{
    "id": 224,
    "x": 28.481666666666666,
    "y": 45.94944444444444
}