{
    "id": "G1575",
    "x": 28.810555555555556,
    "y": 46.05277777777778
}