{
    "id": "Cm0018",
    "x": 28.704166666666666,
    "y": 46.69972222222222
}