{
    "id": "G5383",
    "x": 28.681944444444447,
    "y": 46.10527777777778
}