{
    "id": 195,
    "x": 28.566111111111113,
    "y": 45.780833333333334
}