{
    "id": "G5455",
    "x": 28.665277777777778,
    "y": 46.10444444444445
}