{
    "id": "Cn0020",
    "x": 28.230277777777776,
    "y": 46.282222222222224
}