{
    "id": 1232,
    "x": 28.317777777777778,
    "y": 45.85305555555556
}