{
    "id": "Cm1237",
    "x": 28.627222222222223,
    "y": 46.47972222222222
}