{
    "id": "G0356",
    "x": 28.601111111111113,
    "y": 46.11416666666667
}