{
    "id": "Lv0118",
    "x": 28.40083333333333,
    "y": 46.589444444444446
}