{
    "id": 457,
    "x": 28.973333333333333,
    "y": 46.13472222222222
}