{
    "id": "Ch0559",
    "x": 28.39611111111111,
    "y": 46.05361111111111
}