{
    "id": 1421,
    "x": 28.184166666666666,
    "y": 45.89472222222222
}