{
    "id": "Lv0810",
    "x": 28.31833333333333,
    "y": 46.573055555555555
}