{
    "id": "Cn0085",
    "x": 28.175555555555558,
    "y": 46.26777777777777
}