{
    "id": "G1058",
    "x": 28.610000000000003,
    "y": 46.43138888888889
}