{
    "id": "Lv0868",
    "x": 28.354722222222225,
    "y": 46.46027777777778
}