{
    "id": "G5295",
    "x": 28.768055555555556,
    "y": 46.11694444444444
}