{
    "id": "Cm0539",
    "x": 28.790555555555557,
    "y": 46.72888888888889
}