{
    "id": "Cn0141",
    "x": 28.272499999999997,
    "y": 46.31944444444445
}