{
    "id": 1472,
    "x": 28.46638888888889,
    "y": 46.584722222222226
}