{
    "id": 34,
    "x": 28.601666666666667,
    "y": 45.90138888888889
}