{
    "id": "Cm0225",
    "x": 28.76222222222222,
    "y": 46.61361111111111
}