{
    "id": "G5860",
    "x": 28.879444444444445,
    "y": 46.12638888888889
}