{
    "id": "Cm0632",
    "x": 28.922222222222224,
    "y": 46.55888888888889
}