{
    "id": "Cn0617",
    "x": 28.398333333333333,
    "y": 46.19416666666666
}