{
    "id": 1787,
    "x": 28.461666666666666,
    "y": 46.670833333333334
}