{
    "id": "Lv1034",
    "x": 28.435833333333335,
    "y": 46.421388888888885
}