{
    "id": "Lv1317",
    "x": 28.32027777777778,
    "y": 46.43277777777777
}