{
    "id": "G5123",
    "x": 28.841944444444444,
    "y": 46.25694444444444
}