{
    "id": "Cn0426",
    "x": 28.32111111111111,
    "y": 46.29694444444444
}