{
    "id": "G5584",
    "x": 28.82138888888889,
    "y": 46.362500000000004
}