{
    "id": "Ch5206",
    "x": 28.529444444444444,
    "y": 46.05166666666666
}