{
    "id": "G0460",
    "x": 28.595277777777778,
    "y": 46.11222222222222
}