{
    "id": "G1520",
    "x": 28.451944444444443,
    "y": 45.86888888888889
}