{
    "id": "Lv0590",
    "x": 28.355833333333333,
    "y": 46.51083333333333
}