{
    "id": "G1308",
    "x": 28.65083333333333,
    "y": 46.30333333333333
}