{
    "id": "G5503",
    "x": 28.668055555555558,
    "y": 46.086666666666666
}