{
    "id": "G1254",
    "x": 28.633055555555558,
    "y": 46.29833333333333
}