{
    "id": "Cm1218",
    "x": 28.643055555555556,
    "y": 46.47416666666667
}