{
    "id": "G0996",
    "x": 28.644166666666667,
    "y": 46.18111111111111
}