{
    "id": 14,
    "x": 28.57472222222222,
    "y": 45.93722222222222
}