{
    "id": "Cn0314",
    "x": 28.17527777777778,
    "y": 46.134166666666665
}