{
    "id": "Lv0612",
    "x": 28.36138888888889,
    "y": 46.515277777777776
}