{
    "id": "Cm0001",
    "x": 28.691111111111113,
    "y": 46.70194444444445
}