{
    "id": 336,
    "x": 28.559722222222224,
    "y": 45.977222222222224
}