{
    "id": "Cm0690",
    "x": 28.675555555555558,
    "y": 46.69611111111111
}