{
    "id": "Lv1681",
    "x": 28.250833333333333,
    "y": 46.49444444444445
}