{
    "id": "G5009",
    "x": 28.945833333333333,
    "y": 46.21361111111111
}