{
    "id": "Cm1445",
    "x": 28.834722222222222,
    "y": 46.46944444444445
}