{
    "id": "G1261",
    "x": 28.638055555555557,
    "y": 46.29472222222222
}