{
    "id": 801,
    "x": 28.254444444444445,
    "y": 46.04138888888889
}