{
    "id": "Cm0694",
    "x": 28.645555555555553,
    "y": 46.70305555555556
}