{
    "id": "G5176",
    "x": 28.76388888888889,
    "y": 46.17111111111111
}