{
    "id": "G0164",
    "x": 28.661388888888887,
    "y": 46.00944444444445
}