{
    "id": "Cm0307",
    "x": 28.676111111111112,
    "y": 46.69305555555555
}