{
    "id": "G5778",
    "x": 28.68777777777778,
    "y": 45.843333333333334
}