{
    "id": 566,
    "x": 28.195555555555554,
    "y": 45.958333333333336
}