{
    "id": "B0139",
    "x": 28.91111111111111,
    "y": 46.38805555555555
}