{
    "id": "G1300",
    "x": 28.643333333333334,
    "y": 46.303888888888885
}