{
    "id": "G5855",
    "x": 28.881944444444446,
    "y": 46.12222222222222
}