{
    "id": "Lv0564",
    "x": 28.353611111111114,
    "y": 46.52166666666667
}