{
    "id": "G0423",
    "x": 28.59722222222222,
    "y": 46.12027777777778
}