{
    "id": "Cn0660",
    "x": 28.465833333333332,
    "y": 46.16138888888889
}