{
    "id": "G1558",
    "x": 28.81527777777778,
    "y": 46.05916666666666
}