{
    "id": "Cm0630",
    "x": 28.923333333333336,
    "y": 46.56111111111111
}