{
    "id": "Cn0137",
    "x": 28.27027777777778,
    "y": 46.31888888888889
}