{
    "id": "Lv0748",
    "x": 28.31722222222222,
    "y": 46.559999999999995
}