{
    "id": "Cm1245",
    "x": 28.695833333333333,
    "y": 46.45805555555556
}