{
    "id": "G0933",
    "x": 28.645833333333332,
    "y": 46.21472222222223
}