{
    "id": "Lv1204",
    "x": 28.516666666666666,
    "y": 46.382222222222225
}