{
    "id": "Lv0835",
    "x": 28.32111111111111,
    "y": 46.571111111111115
}