{
    "id": "Ch0210",
    "x": 28.204722222222223,
    "y": 46.025277777777774
}