{
    "id": "Cm0239",
    "x": 28.759722222222223,
    "y": 46.60777777777778
}