{
    "id": "Cm1608",
    "x": 28.778888888888886,
    "y": 46.52972222222222
}