{
    "id": "Cn0369",
    "x": 28.33888888888889,
    "y": 46.25888888888889
}