{
    "id": "G1372",
    "x": 28.665277777777778,
    "y": 46.27916666666667
}