{
    "id": "G1400",
    "x": 28.571666666666665,
    "y": 46.31166666666666
}