{
    "id": "G5198",
    "x": 28.756666666666668,
    "y": 46.198055555555555
}