{
    "id": "G1243",
    "x": 28.653055555555554,
    "y": 46.28611111111111
}