{
    "id": "Ch0563",
    "x": 28.407777777777778,
    "y": 46.045833333333334
}