{
    "id": "Ch5086",
    "x": 28.386944444444445,
    "y": 45.769999999999996
}