{
    "id": "Lv1575",
    "x": 28.378888888888888,
    "y": 46.38944444444444
}