{
    "id": "Cn0153",
    "x": 28.26888888888889,
    "y": 46.30833333333333
}