{
    "id": "B0145",
    "x": 28.90722222222222,
    "y": 46.39611111111111
}