{
    "id": "B0275",
    "x": 28.780277777777776,
    "y": 46.30833333333333
}