{
    "id": "Cm0399",
    "x": 28.701944444444443,
    "y": 46.646388888888886
}