{
    "id": "Cm1492",
    "x": 28.808055555555555,
    "y": 46.50361111111111
}