{
    "id": "Lv0638",
    "x": 28.358333333333334,
    "y": 46.511944444444445
}