{
    "id": 776,
    "x": 28.21972222222222,
    "y": 46.027499999999996
}