{
    "id": "Cm0071",
    "x": 28.70861111111111,
    "y": 46.678888888888885
}