{
    "id": "Cn0924",
    "x": 28.378055555555555,
    "y": 46.288888888888884
}