{
    "id": "G1224",
    "x": 28.616388888888892,
    "y": 46.44499999999999
}