{
    "id": "Cm0391",
    "x": 28.683888888888887,
    "y": 46.65416666666667
}