{
    "id": "Cn0461",
    "x": 28.322222222222223,
    "y": 46.34916666666667
}