{
    "id": 1384,
    "x": 28.447777777777777,
    "y": 45.61333333333334
}