{
    "id": "Ch5192",
    "x": 28.516111111111112,
    "y": 46.05611111111111
}