{
    "id": "Lv0508",
    "x": 28.38861111111111,
    "y": 46.487500000000004
}