{
    "id": 1433,
    "x": 28.46833333333333,
    "y": 46.587500000000006
}