{
    "id": "G5572",
    "x": 28.821944444444444,
    "y": 46.36611111111111
}