{
    "id": "G5316",
    "x": 28.76861111111111,
    "y": 46.10138888888889
}