{
    "id": "Cm1505",
    "x": 28.799444444444447,
    "y": 46.50944444444445
}