{
    "id": "Lv1362",
    "x": 28.254444444444445,
    "y": 46.41916666666666
}