{
    "id": "G1218",
    "x": 28.663888888888888,
    "y": 46.364444444444445
}