{
    "id": "Lv0873",
    "x": 28.34638888888889,
    "y": 46.45916666666667
}