{
    "id": "G5258",
    "x": 28.76888888888889,
    "y": 46.10611111111111
}