{
    "id": "Cm0273",
    "x": 28.749444444444446,
    "y": 46.612500000000004
}