{
    "id": "Cm0427",
    "x": 28.924722222222222,
    "y": 46.55027777777777
}