{
    "id": "Cm1634",
    "x": 28.758333333333333,
    "y": 46.520833333333336
}