{
    "id": "Cn0949",
    "x": 28.509444444444444,
    "y": 46.263333333333335
}