{
    "id": "Lv0285",
    "x": 28.429166666666667,
    "y": 46.64888888888889
}