{
    "id": "Lv0404",
    "x": 28.454166666666666,
    "y": 46.664722222222224
}