{
    "id": 994,
    "x": 28.226388888888888,
    "y": 46.07666666666667
}