{
    "id": "Cn0607",
    "x": 28.393055555555556,
    "y": 46.190555555555555
}