{
    "id": 1796,
    "x": 28.467499999999998,
    "y": 46.669999999999995
}