{
    "id": "Lv0573",
    "x": 28.35027777777778,
    "y": 46.52388888888889
}