{
    "id": 398,
    "x": 28.475277777777777,
    "y": 45.840833333333336
}