{
    "id": "Ch5197",
    "x": 28.52111111111111,
    "y": 46.05333333333333
}