{
    "id": "G5821",
    "x": 28.428611111111113,
    "y": 45.54805555555556
}