{
    "id": "Lv0183",
    "x": 28.515555555555554,
    "y": 46.653055555555554
}