{
    "id": "B0163",
    "x": 28.90888888888889,
    "y": 46.418055555555554
}