{
    "id": "G5442",
    "x": 28.661944444444444,
    "y": 46.10333333333333
}