{
    "id": "Cm0174",
    "x": 28.747777777777777,
    "y": 46.57805555555556
}