{
    "id": "Cm1075",
    "x": 28.851111111111113,
    "y": 46.655833333333334
}