{
    "id": "G5636",
    "x": 28.691944444444445,
    "y": 45.86277777777778
}