{
    "id": "G5775",
    "x": 28.68166666666667,
    "y": 45.83972222222222
}