{
    "id": "Lv1527",
    "x": 28.264444444444443,
    "y": 46.60388888888889
}