{
    "id": "G1064",
    "x": 28.604444444444447,
    "y": 46.43194444444444
}