{
    "id": "G0863",
    "x": 28.64527777777778,
    "y": 46.22361111111111
}