{
    "id": "Cm0482",
    "x": 28.93777777777778,
    "y": 46.54083333333333
}