{
    "id": "Cm0205",
    "x": 28.75888888888889,
    "y": 46.599722222222226
}