{
    "id": "Cm0185",
    "x": 28.75638888888889,
    "y": 46.59805555555556
}