{
    "id": "G1672",
    "x": 28.844444444444445,
    "y": 46.05166666666666
}