{
    "id": "Cm0068",
    "x": 28.710277777777776,
    "y": 46.67583333333333
}