{
    "id": "Cn1058",
    "x": 28.406388888888888,
    "y": 46.11222222222222
}