{
    "id": "Cn1250",
    "x": 28.384999999999998,
    "y": 46.189722222222215
}