{
    "id": "G1819",
    "x": 28.838055555555556,
    "y": 46.319722222222225
}