{
    "id": 913,
    "x": 28.323055555555555,
    "y": 46.117222222222225
}