{
    "id": 1604,
    "x": 28.505555555555556,
    "y": 46.63055555555555
}