{
    "id": "Lv0698",
    "x": 28.324444444444445,
    "y": 46.57833333333333
}