{
    "id": "G5250",
    "x": 28.77138888888889,
    "y": 46.223055555555554
}