{
    "id": "Lv1738",
    "x": 28.259722222222223,
    "y": 46.464444444444446
}