{
    "id": "Lv0683",
    "x": 28.326944444444443,
    "y": 46.57888888888889
}