{
    "id": "G1263",
    "x": 28.640833333333333,
    "y": 46.29277777777778
}