{
    "id": "Lv1329",
    "x": 28.31527777777778,
    "y": 46.42916666666667
}