{
    "id": "Cn0736",
    "x": 28.41333333333333,
    "y": 46.35916666666667
}