{
    "id": "Cn1219",
    "x": 28.28222222222222,
    "y": 46.161944444444444
}