{
    "id": 832,
    "x": 28.238611111111112,
    "y": 45.93444444444444
}