{
    "id": "Cm0434",
    "x": 28.932222222222222,
    "y": 46.54666666666667
}