{
    "id": "G1320",
    "x": 28.658055555555553,
    "y": 46.31305555555555
}