{
    "id": "G1232",
    "x": 28.648888888888887,
    "y": 46.28111111111111
}