{
    "id": "G5871",
    "x": 28.435555555555556,
    "y": 45.692499999999995
}