{
    "id": "G0340",
    "x": 28.604444444444447,
    "y": 46.11222222222222
}