{
    "id": 549,
    "x": 28.668333333333333,
    "y": 45.89861111111111
}