{
    "id": "G1518",
    "x": 28.454722222222223,
    "y": 45.86888888888889
}