{
    "id": "Ch5187",
    "x": 28.505277777777778,
    "y": 46.064166666666665
}