{
    "id": "Lv0025",
    "x": 28.47083333333333,
    "y": 46.58305555555556
}