{
    "id": "Cm1369",
    "x": 28.991111111111113,
    "y": 46.57055555555556
}