{
    "id": "G1021",
    "x": 28.523333333333333,
    "y": 46.08027777777778
}