{
    "id": "G5628",
    "x": 28.694166666666668,
    "y": 45.864444444444445
}