{
    "id": 963,
    "x": 28.251666666666665,
    "y": 46.09583333333334
}