{
    "id": "Cn1057",
    "x": 28.405555555555555,
    "y": 46.11388888888889
}