{
    "id": "Cm1038",
    "x": 28.865000000000002,
    "y": 46.63055555555555
}