{
    "id": "G1585",
    "x": 28.581944444444446,
    "y": 46.105555555555554
}