{
    "id": "Lv0934",
    "x": 28.423333333333336,
    "y": 46.42194444444444
}