{
    "id": "G0665",
    "x": 28.584999999999997,
    "y": 46.10138888888889
}