{
    "id": "Lv1462",
    "x": 28.243333333333336,
    "y": 46.57083333333334
}