{
    "id": "G0505",
    "x": 28.586388888888887,
    "y": 46.11638888888889
}