{
    "id": "G1162",
    "x": 28.62027777777778,
    "y": 46.43111111111111
}