{
    "id": "G0181",
    "x": 28.659166666666664,
    "y": 46.00083333333333
}