{
    "id": "Cn0661",
    "x": 28.46611111111111,
    "y": 46.16111111111111
}