{
    "id": "G0205",
    "x": 28.654166666666665,
    "y": 46.00111111111111
}