{
    "id": 1349,
    "x": 28.44638888888889,
    "y": 45.621944444444445
}