{
    "id": "G5370",
    "x": 28.68611111111111,
    "y": 46.10305555555556
}