{
    "id": "Cm0336",
    "x": 28.643333333333334,
    "y": 46.67777777777778
}