{
    "id": "Cm0903",
    "x": 28.611944444444447,
    "y": 46.606944444444444
}