{
    "id": "Cn1247",
    "x": 28.33972222222222,
    "y": 46.24861111111111
}