{
    "id": "G5088",
    "x": 28.823888888888888,
    "y": 46.257222222222225
}