{
    "id": "T0136",
    "x": 28.586666666666666,
    "y": 45.873333333333335
}