{
    "id": "Lv1214",
    "x": 28.52111111111111,
    "y": 46.36194444444445
}