{
    "id": "G0183",
    "x": 28.661944444444444,
    "y": 46.00138888888889
}