{
    "id": 412,
    "x": 28.51527777777778,
    "y": 45.87166666666667
}