{
    "id": "Ch5013",
    "x": 28.190277777777776,
    "y": 45.72666666666667
}