{
    "id": "Cn0585",
    "x": 28.222777777777775,
    "y": 46.368611111111115
}