{
    "id": "Lv1323",
    "x": 28.31861111111111,
    "y": 46.43472222222222
}