{
    "id": 590,
    "x": 28.199166666666667,
    "y": 45.94694444444444
}