{
    "id": 1505,
    "x": 28.461111111111112,
    "y": 46.54472222222222
}