{
    "id": "Lv0547",
    "x": 28.354722222222225,
    "y": 46.52305555555555
}