{
    "id": "Cm0732",
    "x": 28.65222222222222,
    "y": 46.67305555555555
}