{
    "id": 325,
    "x": 28.56638888888889,
    "y": 45.99722222222222
}