{
    "id": 438,
    "x": 28.968888888888888,
    "y": 46.16638888888889
}