{
    "id": "Lv0794",
    "x": 28.31361111111111,
    "y": 46.56722222222223
}