{
    "id": "Cn0907",
    "x": 28.416944444444447,
    "y": 46.35333333333333
}