{
    "id": "G1104",
    "x": 28.602222222222224,
    "y": 46.42611111111111
}