{
    "id": 578,
    "x": 28.200833333333332,
    "y": 45.958333333333336
}