{
    "id": 1132,
    "x": 28.329444444444444,
    "y": 45.98722222222222
}