{
    "id": "Cm0155",
    "x": 28.744722222222222,
    "y": 46.587500000000006
}