{
    "id": "B0238",
    "x": 28.954722222222223,
    "y": 46.48694444444445
}