{
    "id": "Cn1039",
    "x": 28.40138888888889,
    "y": 46.13472222222222
}