{
    "id": "G0692",
    "x": 28.586388888888887,
    "y": 46.098888888888894
}