{
    "id": "Cm0059",
    "x": 28.711944444444445,
    "y": 46.67833333333333
}