{
    "id": "G1272",
    "x": 28.640277777777776,
    "y": 46.297777777777775
}