{
    "id": "B0052",
    "x": 28.870833333333334,
    "y": 46.46083333333333
}