{
    "id": "G5255",
    "x": 28.766666666666666,
    "y": 46.10416666666667
}