{
    "id": 1553,
    "x": 28.40694444444444,
    "y": 46.58638888888889
}