{
    "id": "G0091",
    "x": 28.653055555555554,
    "y": 46.01555555555556
}