{
    "id": "G0209",
    "x": 28.654722222222222,
    "y": 45.99722222222222
}