{
    "id": 1499,
    "x": 28.465833333333332,
    "y": 46.56055555555555
}