{
    "id": 700,
    "x": 28.172777777777778,
    "y": 46.007222222222225
}