{
    "id": "Lv0267",
    "x": 28.467777777777776,
    "y": 46.61138888888889
}