{
    "id": "Lv0783",
    "x": 28.316944444444445,
    "y": 46.57777777777778
}