{
    "id": "Lv0473",
    "x": 28.554166666666667,
    "y": 46.573055555555555
}