{
    "id": 1476,
    "x": 28.46527777777778,
    "y": 46.58388888888889
}