{
    "id": "G1159",
    "x": 28.61916666666667,
    "y": 46.43444444444444
}