{
    "id": "Cm0785",
    "x": 28.916666666666668,
    "y": 46.575833333333335
}