{
    "id": 644,
    "x": 28.240000000000002,
    "y": 46.00527777777778
}