{
    "id": "Cm0706",
    "x": 28.639722222222222,
    "y": 46.70333333333333
}