{
    "id": "Cn0769",
    "x": 28.452222222222222,
    "y": 46.32694444444445
}