{
    "id": "Cn1047",
    "x": 28.40361111111111,
    "y": 46.143055555555556
}