{
    "id": 1543,
    "x": 28.403333333333332,
    "y": 46.59111111111111
}