{
    "id": "Cm1232",
    "x": 28.62777777777778,
    "y": 46.48027777777778
}