{
    "id": "Cn1036",
    "x": 28.401666666666664,
    "y": 46.13805555555555
}