{
    "id": "G1484",
    "x": 28.516111111111112,
    "y": 46.16444444444444
}