{
    "id": "Cm0698",
    "x": 28.648055555555555,
    "y": 46.70916666666667
}