{
    "id": "Lv0978",
    "x": 28.458055555555553,
    "y": 46.434999999999995
}