{
    "id": "Ch5032",
    "x": 28.170833333333334,
    "y": 45.76888888888889
}