{
    "id": "G5609",
    "x": 28.811666666666667,
    "y": 46.375277777777775
}