{
    "id": 1841,
    "x": 28.535833333333336,
    "y": 46.528055555555554
}