{
    "id": "T0297",
    "x": 28.47694444444444,
    "y": 45.969166666666666
}