{
    "id": "Cn0177",
    "x": 28.302500000000002,
    "y": 46.34111111111111
}