{
    "id": "G1570",
    "x": 28.808611111111112,
    "y": 46.05333333333333
}