{
    "id": "Cn0138",
    "x": 28.269166666666667,
    "y": 46.31944444444445
}