{
    "id": 1635,
    "x": 28.552222222222223,
    "y": 46.62555555555556
}