{
    "id": 1567,
    "x": 28.40611111111111,
    "y": 46.58222222222223
}