{
    "id": 51,
    "x": 28.595555555555553,
    "y": 45.89805555555556
}