{
    "id": "G1008",
    "x": 28.64611111111111,
    "y": 46.17722222222222
}