{
    "id": "Cm1489",
    "x": 28.80666666666667,
    "y": 46.507777777777775
}