{
    "id": "T0402",
    "x": 28.45138888888889,
    "y": 45.85888888888889
}