{
    "id": "G0530",
    "x": 28.58888888888889,
    "y": 46.11222222222222
}