{
    "id": "G1202",
    "x": 28.629166666666666,
    "y": 46.408055555555556
}