{
    "id": "Cm1147",
    "x": 28.747222222222224,
    "y": 46.43833333333333
}