{
    "id": "Cm1583",
    "x": 28.801111111111112,
    "y": 46.526944444444446
}