{
    "id": "Cm1581",
    "x": 28.801944444444445,
    "y": 46.530833333333334
}