{
    "id": "Lv1658",
    "x": 28.256666666666668,
    "y": 46.489444444444445
}