{
    "id": "Ch5006",
    "x": 28.179166666666667,
    "y": 45.67055555555555
}