{
    "id": "Cn0276",
    "x": 28.16611111111111,
    "y": 46.14388888888889
}