{
    "id": "Lv1014",
    "x": 28.441388888888888,
    "y": 46.42805555555555
}