{
    "id": "Lv1754",
    "x": 28.25583333333333,
    "y": 46.469722222222224
}