{
    "id": "Cn0530",
    "x": 28.325833333333332,
    "y": 46.212500000000006
}