{
    "id": "Lv1391",
    "x": 28.24277777777778,
    "y": 46.52333333333333
}