{
    "id": "Cn0922",
    "x": 28.380833333333335,
    "y": 46.28777777777778
}