{
    "id": "G5184",
    "x": 28.77111111111111,
    "y": 46.196666666666665
}