{
    "id": "Ch0104",
    "x": 28.244722222222222,
    "y": 46.00805555555556
}