{
    "id": "G0523",
    "x": 28.592222222222222,
    "y": 46.11083333333333
}