{
    "id": 251,
    "x": 28.465833333333332,
    "y": 45.921388888888885
}