{
    "id": "G0601",
    "x": 28.593055555555555,
    "y": 46.095555555555556
}