{
    "id": 1393,
    "x": 28.450555555555553,
    "y": 45.61805555555556
}