{
    "id": "Cm1076",
    "x": 28.848888888888887,
    "y": 46.655833333333334
}