{
    "id": 789,
    "x": 28.230833333333333,
    "y": 46.03444444444444
}