{
    "id": "Cm0796",
    "x": 28.924444444444447,
    "y": 46.58361111111111
}