{
    "id": "G5172",
    "x": 28.764166666666668,
    "y": 46.176944444444445
}