{
    "id": 888,
    "x": 28.349166666666665,
    "y": 45.981388888888894
}