{
    "id": "Cm1469",
    "x": 29.028888888888886,
    "y": 46.51222222222222
}