{
    "id": "G1435",
    "x": 28.561666666666667,
    "y": 46.333333333333336
}