{
    "id": "Lv0433",
    "x": 28.519444444444442,
    "y": 46.52861111111111
}