{
    "id": "Cn0313",
    "x": 28.17361111111111,
    "y": 46.134166666666665
}