{
    "id": "Cn0637",
    "x": 28.416944444444447,
    "y": 46.198055555555555
}