{
    "id": "B0037",
    "x": 28.87361111111111,
    "y": 46.453611111111115
}