{
    "id": "Cm0905",
    "x": 28.615833333333335,
    "y": 46.59666666666667
}