{
    "id": "Cm0502",
    "x": 28.803333333333335,
    "y": 46.61333333333334
}