{
    "id": "G1131",
    "x": 28.606944444444444,
    "y": 46.42472222222222
}