{
    "id": "Lv1346",
    "x": 28.427500000000002,
    "y": 46.52722222222222
}