{
    "id": "Lv0684",
    "x": 28.325833333333332,
    "y": 46.57888888888889
}