{
    "id": "Lv1220",
    "x": 28.522499999999997,
    "y": 46.36833333333333
}