{
    "id": "Cn0032",
    "x": 28.231944444444444,
    "y": 46.28611111111111
}