{
    "id": "G1534",
    "x": 28.808611111111112,
    "y": 46.05722222222222
}