{
    "id": 1758,
    "x": 28.406666666666666,
    "y": 46.67583333333333
}