{
    "id": "Cn0992",
    "x": 28.526944444444442,
    "y": 46.27027777777778
}