{
    "id": "G5734",
    "x": 28.68888888888889,
    "y": 45.85027777777778
}