{
    "id": "Cm0704",
    "x": 28.641944444444444,
    "y": 46.70388888888889
}