{
    "id": "G0407",
    "x": 28.589166666666664,
    "y": 46.12138888888889
}