{
    "id": "Lv1169",
    "x": 28.52111111111111,
    "y": 46.370555555555555
}