{
    "id": "G0582",
    "x": 28.595555555555553,
    "y": 46.10666666666667
}