{
    "id": "G0328",
    "x": 28.60666666666667,
    "y": 46.112500000000004
}