{
    "id": 597,
    "x": 28.220277777777778,
    "y": 45.98555555555556
}