{
    "id": "G0966",
    "x": 28.649166666666666,
    "y": 46.164722222222224
}