{
    "id": "Lv0838",
    "x": 28.318055555555556,
    "y": 46.56722222222223
}