{
    "id": "G0831",
    "x": 28.64472222222222,
    "y": 46.236666666666665
}