{
    "id": "G1727",
    "x": 28.836666666666666,
    "y": 46.06388888888888
}