{
    "id": 327,
    "x": 28.551944444444445,
    "y": 45.99527777777778
}