{
    "id": "Ch0557",
    "x": 28.393333333333334,
    "y": 46.055277777777775
}