{
    "id": "G1319",
    "x": 28.659166666666664,
    "y": 46.32055555555556
}