{
    "id": "Cm0249",
    "x": 28.75777777777778,
    "y": 46.615833333333335
}