{
    "id": "G5711",
    "x": 28.698888888888888,
    "y": 45.84027777777778
}