{
    "id": "Cm0013",
    "x": 28.693055555555556,
    "y": 46.70305555555556
}