{
    "id": "G0624",
    "x": 28.590555555555554,
    "y": 46.10444444444445
}