{
    "id": "Cn1213",
    "x": 28.28805555555556,
    "y": 46.17194444444444
}