{
    "id": 424,
    "x": 28.62527777777778,
    "y": 45.780277777777776
}