{
    "id": "B0131",
    "x": 28.90833333333333,
    "y": 46.388333333333335
}