{
    "id": "Cm0481",
    "x": 28.936944444444446,
    "y": 46.540277777777774
}