{
    "id": "Lv1640",
    "x": 28.272222222222222,
    "y": 46.486666666666665
}