{
    "id": "G1756",
    "x": 28.844166666666666,
    "y": 46.06388888888888
}