{
    "id": "B0083",
    "x": 28.93722222222222,
    "y": 46.35666666666667
}