{
    "id": "Cn0728",
    "x": 28.406388888888888,
    "y": 46.359722222222224
}