{
    "id": 1233,
    "x": 28.318055555555556,
    "y": 45.85277777777778
}