{
    "id": "Cm0406",
    "x": 28.674722222222222,
    "y": 46.65611111111111
}