{
    "id": "Lv0045",
    "x": 28.467777777777776,
    "y": 46.58277777777778
}