{
    "id": "Lv0600",
    "x": 28.354444444444447,
    "y": 46.510555555555555
}