{
    "id": 1302,
    "x": 28.325833333333332,
    "y": 45.81888888888889
}