{
    "id": 498,
    "x": 28.926944444444445,
    "y": 46.02166666666667
}