{
    "id": "B0073",
    "x": 28.924444444444447,
    "y": 46.37388888888889
}