{
    "id": "G1194",
    "x": 28.629722222222224,
    "y": 46.421388888888885
}