{
    "id": "G5779",
    "x": 28.688333333333333,
    "y": 45.841944444444444
}