{
    "id": "Cn0374",
    "x": 28.338055555555556,
    "y": 46.246944444444445
}