{
    "id": "Cm1015",
    "x": 28.764166666666668,
    "y": 46.433611111111105
}