{
    "id": "G0867",
    "x": 28.642777777777777,
    "y": 46.217777777777776
}