{
    "id": 1439,
    "x": 28.46861111111111,
    "y": 46.587500000000006
}