{
    "id": "G1027",
    "x": 28.513055555555557,
    "y": 46.083333333333336
}