{
    "id": "G5046",
    "x": 28.850833333333334,
    "y": 46.24916666666667
}