{
    "id": "Lv0605",
    "x": 28.358611111111113,
    "y": 46.519444444444446
}