{
    "id": "G0696",
    "x": 28.58888888888889,
    "y": 46.098333333333336
}