{
    "id": "Lv1131",
    "x": 28.533055555555556,
    "y": 46.36527777777778
}