{
    "id": "Lv0380",
    "x": 28.46472222222222,
    "y": 46.666666666666664
}