{
    "id": 770,
    "x": 28.20888888888889,
    "y": 46.02194444444444
}