{
    "id": "G0858",
    "x": 28.65111111111111,
    "y": 46.23722222222222
}