{
    "id": 1488,
    "x": 28.46472222222222,
    "y": 46.56722222222223
}