{
    "id": "Cn0121",
    "x": 28.284444444444446,
    "y": 46.327222222222225
}