{
    "id": "G1512",
    "x": 28.443333333333335,
    "y": 45.87777777777778
}