{
    "id": "Cm0495",
    "x": 28.93166666666667,
    "y": 46.564166666666665
}