{
    "id": 1424,
    "x": 28.46611111111111,
    "y": 46.591944444444444
}