{
    "id": "B0169",
    "x": 28.905277777777776,
    "y": 46.418055555555554
}