{
    "id": "Lv0559",
    "x": 28.35666666666667,
    "y": 46.52444444444444
}