{
    "id": "Lv1217",
    "x": 28.51888888888889,
    "y": 46.36277777777778
}