{
    "id": "Cn0490",
    "x": 28.33222222222222,
    "y": 46.361666666666665
}