{
    "id": "G1410",
    "x": 28.565555555555555,
    "y": 46.33583333333333
}