{
    "id": 1741,
    "x": 28.433888888888887,
    "y": 46.64111111111111
}