{
    "id": "Cm0799",
    "x": 28.92777777777778,
    "y": 46.57972222222222
}