{
    "id": "Cm0922",
    "x": 28.621111111111112,
    "y": 46.58361111111111
}