{
    "id": "G1783",
    "x": 28.821666666666665,
    "y": 46.06166666666666
}