{
    "id": "G1424",
    "x": 28.564444444444444,
    "y": 46.33527777777778
}