{
    "id": "G5021",
    "x": 28.950555555555553,
    "y": 46.21083333333333
}