{
    "id": 168,
    "x": 28.565833333333334,
    "y": 45.77638888888889
}