{
    "id": "G1381",
    "x": 28.66472222222222,
    "y": 46.276666666666664
}