{
    "id": "G0849",
    "x": 28.636944444444445,
    "y": 46.21527777777778
}