{
    "id": "B0058",
    "x": 28.875833333333333,
    "y": 46.45638888888889
}