{
    "id": "Lv1103",
    "x": 28.47138888888889,
    "y": 46.441111111111105
}