{
    "id": "Cm1525",
    "x": 28.784444444444446,
    "y": 46.507777777777775
}