{
    "id": "B0280",
    "x": 28.78666666666667,
    "y": 46.30833333333333
}