{
    "id": "Lv0887",
    "x": 28.35777777777778,
    "y": 46.459722222222226
}