{
    "id": "G0700",
    "x": 28.586666666666666,
    "y": 46.096111111111114
}