{
    "id": "G1710",
    "x": 28.842222222222222,
    "y": 46.06055555555555
}