{
    "id": 1085,
    "x": 28.415555555555553,
    "y": 46.004444444444445
}