{
    "id": "Lv1011",
    "x": 28.44361111111111,
    "y": 46.428888888888885
}