{
    "id": 73,
    "x": 28.593333333333334,
    "y": 45.900277777777774
}