{
    "id": "Cm1310",
    "x": 28.810277777777777,
    "y": 46.68888888888888
}