{
    "id": "G0045",
    "x": 28.66916666666667,
    "y": 46.01305555555555
}