{
    "id": "Lv0857",
    "x": 28.322777777777777,
    "y": 46.57416666666667
}