{
    "id": 431,
    "x": 28.61777777777778,
    "y": 45.782777777777774
}