{
    "id": "G1015",
    "x": 28.506666666666668,
    "y": 46.08722222222222
}