{
    "id": "Lv1421",
    "x": 28.254166666666666,
    "y": 46.527499999999996
}