{
    "id": "G1409",
    "x": 28.56638888888889,
    "y": 46.33694444444445
}