{
    "id": "G1437",
    "x": 28.56138888888889,
    "y": 46.33527777777778
}