{
    "id": "Cn0977",
    "x": 28.509444444444444,
    "y": 46.274166666666666
}