{
    "id": "Cn0200",
    "x": 28.310833333333335,
    "y": 46.302499999999995
}