{
    "id": "Cm1271",
    "x": 28.885277777777777,
    "y": 46.68222222222222
}