{
    "id": "Cn0604",
    "x": 28.386666666666667,
    "y": 46.19499999999999
}