{
    "id": "Cm0908",
    "x": 28.62666666666667,
    "y": 46.56444444444444
}