{
    "id": "G5212",
    "x": 28.878611111111113,
    "y": 46.183611111111105
}