{
    "id": "Cm0832",
    "x": 28.907777777777778,
    "y": 46.62305555555555
}