{
    "id": "G0818",
    "x": 28.649166666666666,
    "y": 46.24305555555556
}