{
    "id": "G0404",
    "x": 28.592222222222222,
    "y": 46.120555555555555
}