{
    "id": "Cn0106",
    "x": 28.161388888888887,
    "y": 46.224444444444444
}