{
    "id": "G5229",
    "x": 28.84638888888889,
    "y": 46.264722222222225
}