{
    "id": "Cm0110",
    "x": 28.768055555555556,
    "y": 46.73416666666667
}