{
    "id": "G1765",
    "x": 28.84472222222222,
    "y": 46.06583333333333
}