{
    "id": "Cm0790",
    "x": 28.913888888888888,
    "y": 46.57888888888889
}