{
    "id": "G0845",
    "x": 28.641111111111112,
    "y": 46.223888888888894
}