{
    "id": "Lv1093",
    "x": 28.493055555555557,
    "y": 46.45888888888889
}