{
    "id": "Lv0311",
    "x": 28.43277777777778,
    "y": 46.641666666666666
}