{
    "id": "Cn0738",
    "x": 28.41888888888889,
    "y": 46.35722222222223
}