{
    "id": "G5512",
    "x": 28.66611111111111,
    "y": 46.08583333333333
}