{
    "id": "G5793",
    "x": 28.692777777777778,
    "y": 45.84388888888889
}