{
    "id": "Cm1266",
    "x": 28.825277777777778,
    "y": 46.47416666666667
}