{
    "id": "G0063",
    "x": 28.669722222222223,
    "y": 46.02111111111111
}