{
    "id": "Ch0282",
    "x": 28.247777777777777,
    "y": 45.93611111111111
}