{
    "id": "Cn0022",
    "x": 28.234166666666667,
    "y": 46.28722222222222
}