{
    "id": "G5215",
    "x": 28.86916666666667,
    "y": 46.18611111111111
}