{
    "id": "Ch0120",
    "x": 28.243333333333336,
    "y": 46.005833333333335
}