{
    "id": "G0765",
    "x": 28.642222222222223,
    "y": 46.21944444444445
}