{
    "id": "Cn0254",
    "x": 28.159166666666664,
    "y": 46.163888888888884
}