{
    "id": "Cm1368",
    "x": 28.990833333333335,
    "y": 46.569722222222225
}