{
    "id": "Cm1145",
    "x": 28.751944444444444,
    "y": 46.43555555555555
}