{
    "id": "Ch0608",
    "x": 28.386388888888888,
    "y": 45.901111111111106
}