{
    "id": "G0077",
    "x": 28.660833333333333,
    "y": 46.01916666666666
}