{
    "id": "Lv1546",
    "x": 28.264444444444443,
    "y": 46.62111111111111
}