{
    "id": "Lv0364",
    "x": 28.461388888888887,
    "y": 46.669444444444444
}