{
    "id": "Cm0937",
    "x": 28.592499999999998,
    "y": 46.57083333333334
}