{
    "id": "Cn0655",
    "x": 28.433611111111112,
    "y": 46.180277777777775
}