{
    "id": "G0054",
    "x": 28.675555555555558,
    "y": 46.01777777777777
}