{
    "id": 1178,
    "x": 28.358055555555556,
    "y": 45.925555555555555
}