{
    "id": "G5794",
    "x": 28.690277777777776,
    "y": 45.843611111111116
}