{
    "id": "Cm1154",
    "x": 28.748333333333335,
    "y": 46.44694444444444
}