{
    "id": "Lv1333",
    "x": 28.319166666666668,
    "y": 46.42916666666667
}