{
    "id": "B0284",
    "x": 28.79277777777778,
    "y": 46.31222222222222
}