{
    "id": "Lv0491",
    "x": 28.509722222222223,
    "y": 46.56361111111111
}