{
    "id": "Lv0917",
    "x": 28.42527777777778,
    "y": 46.42833333333333
}