{
    "id": 1218,
    "x": 28.298611111111114,
    "y": 45.865833333333335
}