{
    "id": "Lv0650",
    "x": 28.33222222222222,
    "y": 46.58027777777778
}