{
    "id": "Cm1406",
    "x": 29.000555555555554,
    "y": 46.57805555555556
}