{
    "id": 973,
    "x": 28.24416666666667,
    "y": 46.09583333333334
}