{
    "id": "G0807",
    "x": 28.63888888888889,
    "y": 46.224722222222226
}