{
    "id": 1800,
    "x": 28.46861111111111,
    "y": 46.66555555555556
}