{
    "id": "Lv1322",
    "x": 28.322499999999998,
    "y": 46.44222222222222
}