{
    "id": "Lv1023",
    "x": 28.41722222222222,
    "y": 46.416666666666664
}