{
    "id": "G1734",
    "x": 28.840277777777775,
    "y": 46.06222222222222
}