{
    "id": "G1275",
    "x": 28.638055555555557,
    "y": 46.29944444444444
}