{
    "id": "G1719",
    "x": 28.83861111111111,
    "y": 46.06055555555555
}