{
    "id": 1447,
    "x": 28.47083333333333,
    "y": 46.583333333333336
}