{
    "id": "Cm0992",
    "x": 28.752222222222223,
    "y": 46.44833333333333
}