{
    "id": "G1731",
    "x": 28.838055555555556,
    "y": 46.06111111111111
}