{
    "id": "G1029",
    "x": 28.509722222222223,
    "y": 46.084722222222226
}