{
    "id": "G1604",
    "x": 28.815833333333334,
    "y": 46.05472222222222
}