{
    "id": "Lv0584",
    "x": 28.354166666666668,
    "y": 46.51416666666667
}