{
    "id": "G0432",
    "x": 28.590277777777775,
    "y": 46.11972222222222
}