{
    "id": "Lv1453",
    "x": 28.252222222222223,
    "y": 46.59305555555556
}