{
    "id": "G5167",
    "x": 28.759444444444444,
    "y": 46.17777777777778
}