{
    "id": "Cm0512",
    "x": 28.799166666666668,
    "y": 46.62138888888889
}