{
    "id": 1733,
    "x": 28.43111111111111,
    "y": 46.64472222222222
}