{
    "id": 1009,
    "x": 28.223055555555554,
    "y": 46.07027777777778
}