{
    "id": "Lv0610",
    "x": 28.360277777777778,
    "y": 46.51722222222222
}