{
    "id": "Cn0638",
    "x": 28.41777777777778,
    "y": 46.196666666666665
}