{
    "id": "Cn0378",
    "x": 28.343888888888888,
    "y": 46.243611111111115
}