{
    "id": "B0165",
    "x": 28.906388888888888,
    "y": 46.41916666666666
}