{
    "id": "Cm1403",
    "x": 28.999444444444446,
    "y": 46.58027777777778
}