{
    "id": "G5174",
    "x": 28.759444444444444,
    "y": 46.17444444444444
}