{
    "id": "Cm0317",
    "x": 28.674722222222222,
    "y": 46.69472222222222
}