{
    "id": "G1620",
    "x": 28.823888888888888,
    "y": 46.04972222222222
}