{
    "id": "G1464",
    "x": 28.36722222222222,
    "y": 45.584722222222226
}