{
    "id": "Ch0307",
    "x": 28.343055555555555,
    "y": 46.02916666666667
}