{
    "id": "Cn0841",
    "x": 28.397222222222222,
    "y": 46.32972222222222
}