{
    "id": "B0183",
    "x": 28.91583333333333,
    "y": 46.411944444444444
}