{
    "id": "Cn0798",
    "x": 28.40833333333333,
    "y": 46.33083333333334
}