{
    "id": "G5365",
    "x": 28.685555555555556,
    "y": 46.10194444444445
}