{
    "id": "B0290",
    "x": 28.792222222222225,
    "y": 46.30694444444444
}