{
    "id": 615,
    "x": 28.214444444444442,
    "y": 45.98777777777778
}