{
    "id": "G0830",
    "x": 28.645833333333332,
    "y": 46.236111111111114
}