{
    "id": "T0321",
    "x": 28.568055555555556,
    "y": 45.99722222222222
}