{
    "id": "Lv1551",
    "x": 28.267777777777777,
    "y": 46.60166666666667
}