{
    "id": "Cm0043",
    "x": 28.709722222222222,
    "y": 46.68944444444444
}