{
    "id": "Cn0703",
    "x": 28.403333333333332,
    "y": 46.355555555555554
}