{
    "id": "Cm0870",
    "x": 28.904722222222222,
    "y": 46.621944444444445
}