{
    "id": "Cm0131",
    "x": 28.72222222222222,
    "y": 46.62083333333334
}