{
    "id": "B0293",
    "x": 28.790277777777778,
    "y": 46.30361111111111
}