{
    "id": "Lv0279",
    "x": 28.41583333333333,
    "y": 46.61527777777778
}