{
    "id": "G0959",
    "x": 28.645555555555553,
    "y": 46.16083333333333
}