{
    "id": "Lv0789",
    "x": 28.314444444444444,
    "y": 46.573055555555555
}