{
    "id": "G1020",
    "x": 28.523888888888887,
    "y": 46.07972222222222
}