{
    "id": "G5079",
    "x": 28.829444444444444,
    "y": 46.25055555555556
}