{
    "id": 1744,
    "x": 28.43111111111111,
    "y": 46.646388888888886
}