{
    "id": "G0191",
    "x": 28.65611111111111,
    "y": 46.00333333333333
}