{
    "id": "Cm0611",
    "x": 28.929722222222225,
    "y": 46.559444444444445
}