{
    "id": "Cm0625",
    "x": 28.924166666666668,
    "y": 46.55694444444444
}