{
    "id": "G5378",
    "x": 28.685833333333335,
    "y": 46.10805555555556
}