{
    "id": "Cm0120",
    "x": 28.728055555555553,
    "y": 46.61138888888889
}