{
    "id": "G0184",
    "x": 28.661944444444444,
    "y": 46.001666666666665
}