{
    "id": "G0456",
    "x": 28.58861111111111,
    "y": 46.11833333333333
}