{
    "id": "Ch5235",
    "x": 28.188333333333333,
    "y": 45.64111111111111
}