{
    "id": "Cm0112",
    "x": 28.76861111111111,
    "y": 46.70666666666667
}