{
    "id": 1286,
    "x": 28.323888888888888,
    "y": 45.830000000000005
}