{
    "id": "G1092",
    "x": 28.59722222222222,
    "y": 46.42611111111111
}