{
    "id": "Cn1007",
    "x": 28.458055555555553,
    "y": 46.22277777777778
}