{
    "id": 273,
    "x": 28.471666666666664,
    "y": 46.00083333333333
}