{
    "id": 1479,
    "x": 28.46388888888889,
    "y": 46.57166666666667
}