{
    "id": "Cm0829",
    "x": 28.906666666666666,
    "y": 46.62222222222222
}