{
    "id": "G0829",
    "x": 28.64638888888889,
    "y": 46.236666666666665
}