{
    "id": "Cn0417",
    "x": 28.328333333333333,
    "y": 46.311388888888885
}