{
    "id": "G0123",
    "x": 28.65361111111111,
    "y": 46.010555555555555
}