{
    "id": 1060,
    "x": 28.40861111111111,
    "y": 45.97833333333333
}