{
    "id": "Cm1138",
    "x": 28.760833333333334,
    "y": 46.44166666666666
}