{
    "id": "G1433",
    "x": 28.56222222222222,
    "y": 46.330555555555556
}