{
    "id": "Lv1173",
    "x": 28.522499999999997,
    "y": 46.376666666666665
}