{
    "id": "G0304",
    "x": 28.593055555555555,
    "y": 46.09055555555556
}