{
    "id": "Cm1030",
    "x": 28.868055555555557,
    "y": 46.632222222222225
}