{
    "id": 650,
    "x": 28.25027777777778,
    "y": 46.01083333333333
}