{
    "id": "G0686",
    "x": 28.584999999999997,
    "y": 46.096111111111114
}