{
    "id": "G5074",
    "x": 28.828888888888887,
    "y": 46.243611111111115
}