{
    "id": 510,
    "x": 28.921111111111113,
    "y": 46.02055555555555
}