{
    "id": "Cm1597",
    "x": 28.776944444444442,
    "y": 46.540277777777774
}