{
    "id": "G1422",
    "x": 28.564444444444444,
    "y": 46.33638888888889
}