{
    "id": 116,
    "x": 28.58361111111111,
    "y": 45.85611111111111
}