{
    "id": "B0114",
    "x": 28.941111111111113,
    "y": 46.35805555555556
}