{
    "id": "Lv1188",
    "x": 28.521666666666665,
    "y": 46.38305555555556
}