{
    "id": "Lv1671",
    "x": 28.253611111111113,
    "y": 46.492222222222225
}