{
    "id": "Cm0382",
    "x": 28.690555555555555,
    "y": 46.64972222222222
}