{
    "id": "Cm0604",
    "x": 28.927500000000002,
    "y": 46.56916666666667
}