{
    "id": "Lv1033",
    "x": 28.435555555555556,
    "y": 46.42111111111111
}