{
    "id": "Lv1007",
    "x": 28.42361111111111,
    "y": 46.42972222222222
}