{
    "id": "G5210",
    "x": 28.87611111111111,
    "y": 46.18472222222222
}