{
    "id": "Cm0590",
    "x": 28.915555555555553,
    "y": 46.586666666666666
}