{
    "id": "Lv1230",
    "x": 28.512777777777778,
    "y": 46.36333333333334
}