{
    "id": "G1445",
    "x": 28.559444444444445,
    "y": 46.33555555555556
}