{
    "id": "Cm1503",
    "x": 28.803333333333335,
    "y": 46.50805555555556
}