{
    "id": "Cm0227",
    "x": 28.762777777777778,
    "y": 46.61638888888889
}