{
    "id": "Lv1374",
    "x": 28.247500000000002,
    "y": 46.40888888888889
}