{
    "id": "Lv0967",
    "x": 28.441666666666666,
    "y": 46.43055555555555
}