{
    "id": "Cn0623",
    "x": 28.41777777777778,
    "y": 46.21666666666667
}