{
    "id": "B0013",
    "x": 28.866388888888892,
    "y": 46.45888888888889
}