{
    "id": "Lv0776",
    "x": 28.358611111111113,
    "y": 46.51361111111111
}