{
    "id": "Cn0744",
    "x": 28.41222222222222,
    "y": 46.35944444444445
}