{
    "id": "G1533",
    "x": 28.808611111111112,
    "y": 46.05694444444444
}