{
    "id": "G1542",
    "x": 28.80666666666667,
    "y": 46.05361111111111
}