{
    "id": "Lv0984",
    "x": 28.46722222222222,
    "y": 46.44083333333333
}