{
    "id": "Lv0479",
    "x": 28.51861111111111,
    "y": 46.56805555555556
}