{
    "id": "G0408",
    "x": 28.58833333333333,
    "y": 46.12166666666667
}