{
    "id": "Cm1463",
    "x": 29.028333333333332,
    "y": 46.507222222222225
}