{
    "id": "Lv0699",
    "x": 28.32472222222222,
    "y": 46.57805555555556
}