{
    "id": "Cm1622",
    "x": 28.75888888888889,
    "y": 46.52472222222222
}