{
    "id": "G0166",
    "x": 28.661388888888887,
    "y": 46.00833333333333
}