{
    "id": "Cn0476",
    "x": 28.348333333333333,
    "y": 46.362500000000004
}