{
    "id": "Cn0057",
    "x": 28.230277777777776,
    "y": 46.26861111111111
}