{
    "id": 691,
    "x": 28.25611111111111,
    "y": 46.00694444444444
}