{
    "id": "G0350",
    "x": 28.600833333333334,
    "y": 46.11222222222222
}