{
    "id": "Cm0605",
    "x": 28.92777777777778,
    "y": 46.57055555555556
}