{
    "id": "G0385",
    "x": 28.603333333333335,
    "y": 46.12277777777778
}