{
    "id": "Lv0921",
    "x": 28.41861111111111,
    "y": 46.42222222222222
}