{
    "id": "Ch5230",
    "x": 28.19472222222222,
    "y": 45.83916666666667
}