{
    "id": "Cn0996",
    "x": 28.51527777777778,
    "y": 46.27166666666667
}