{
    "id": "G1748",
    "x": 28.84583333333333,
    "y": 46.06388888888888
}