{
    "id": "Cm0221",
    "x": 28.763333333333332,
    "y": 46.61027777777778
}