{
    "id": "G1726",
    "x": 28.83722222222222,
    "y": 46.06444444444444
}