{
    "id": "T0017",
    "x": 28.58222222222222,
    "y": 45.927499999999995
}