{
    "id": "Cm1144",
    "x": 28.753333333333334,
    "y": 46.43527777777778
}