{
    "id": "Cm1599",
    "x": 28.776944444444442,
    "y": 46.53666666666666
}