{
    "id": 975,
    "x": 28.247777777777777,
    "y": 46.09583333333334
}