{
    "id": "Cm0571",
    "x": 28.927222222222223,
    "y": 46.590833333333336
}