{
    "id": "Cn0534",
    "x": 28.328333333333333,
    "y": 46.21638888888889
}