{
    "id": "G0704",
    "x": 28.585555555555555,
    "y": 46.094166666666666
}