{
    "id": 541,
    "x": 28.686666666666667,
    "y": 45.91083333333333
}