{
    "id": "T0185",
    "x": 28.565555555555555,
    "y": 45.78722222222222
}