{
    "id": "Ch0186",
    "x": 28.165277777777778,
    "y": 46.013333333333335
}