{
    "id": "Ch5064",
    "x": 28.175555555555558,
    "y": 45.64416666666666
}