{
    "id": "Cn1079",
    "x": 28.389166666666664,
    "y": 46.10388888888889
}