{
    "id": "Cm0599",
    "x": 28.774166666666666,
    "y": 46.71138888888889
}