{
    "id": "G0159",
    "x": 28.65888888888889,
    "y": 46.007222222222225
}