{
    "id": "G0633",
    "x": 28.590277777777775,
    "y": 46.10277777777778
}