{
    "id": "Cm0875",
    "x": 28.901944444444442,
    "y": 46.62138888888889
}