{
    "id": "G1234",
    "x": 28.648611111111112,
    "y": 46.28138888888889
}