{
    "id": "G5428",
    "x": 28.674722222222222,
    "y": 46.10166666666667
}