{
    "id": "Lv1215",
    "x": 28.518055555555556,
    "y": 46.361111111111114
}