{
    "id": "Cn0727",
    "x": 28.40583333333333,
    "y": 46.35944444444445
}