{
    "id": "Cm1383",
    "x": 28.998611111111114,
    "y": 46.57083333333334
}