{
    "id": 1533,
    "x": 28.398888888888887,
    "y": 46.59583333333334
}