{
    "id": 1264,
    "x": 28.30611111111111,
    "y": 45.83861111111111
}