{
    "id": "Lv1081",
    "x": 28.480833333333333,
    "y": 46.459722222222226
}