{
    "id": "B0317",
    "x": 28.98888888888889,
    "y": 46.33527777777778
}