{
    "id": 1027,
    "x": 28.220555555555553,
    "y": 46.06722222222223
}