{
    "id": "Cn0076",
    "x": 28.22111111111111,
    "y": 46.26166666666666
}