{
    "id": "G0074",
    "x": 28.661388888888887,
    "y": 46.02305555555555
}