{
    "id": "Lv0925",
    "x": 28.425833333333333,
    "y": 46.42666666666666
}