{
    "id": "Cn1184",
    "x": 28.47861111111111,
    "y": 46.19777777777777
}