{
    "id": 949,
    "x": 28.280277777777776,
    "y": 46.098888888888894
}