{
    "id": "Cm0210",
    "x": 28.759444444444444,
    "y": 46.60166666666667
}