{
    "id": "G0746",
    "x": 28.60777777777778,
    "y": 46.10888888888889
}