{
    "id": "Cm1034",
    "x": 28.866666666666667,
    "y": 46.63166666666667
}