{
    "id": 1445,
    "x": 28.46944444444444,
    "y": 46.58444444444444
}