{
    "id": "Cm0742",
    "x": 28.61277777777778,
    "y": 46.60305555555556
}