{
    "id": 835,
    "x": 28.238055555555558,
    "y": 45.933055555555555
}