{
    "id": 463,
    "x": 28.964444444444442,
    "y": 46.13361111111111
}