{
    "id": "Lv0026",
    "x": 28.472499999999997,
    "y": 46.580555555555556
}