{
    "id": "G5761",
    "x": 28.684444444444445,
    "y": 45.84527777777778
}