{
    "id": "Cn0244",
    "x": 28.161388888888887,
    "y": 46.18555555555555
}