{
    "id": "Cm1454",
    "x": 29.023333333333333,
    "y": 46.51777777777777
}