{
    "id": "B0314",
    "x": 28.964444444444442,
    "y": 46.32833333333333
}