{
    "id": "Ch0421",
    "x": 28.250833333333333,
    "y": 46.09805555555556
}