{
    "id": "Cm0657",
    "x": 28.922777777777778,
    "y": 46.536944444444444
}