{
    "id": 302,
    "x": 28.47722222222222,
    "y": 45.97083333333334
}