{
    "id": "G0893",
    "x": 28.649166666666666,
    "y": 46.22916666666667
}