{
    "id": "Cm1289",
    "x": 28.896944444444443,
    "y": 46.69916666666666
}