{
    "id": "Lv1524",
    "x": 28.26361111111111,
    "y": 46.60861111111111
}