{
    "id": "G0562",
    "x": 28.586388888888887,
    "y": 46.10805555555556
}