{
    "id": "Cm0843",
    "x": 28.91111111111111,
    "y": 46.62083333333334
}