{
    "id": "Cm0546",
    "x": 28.927500000000002,
    "y": 46.56638888888889
}