{
    "id": "G0474",
    "x": 28.593055555555555,
    "y": 46.11388888888889
}