{
    "id": "Cn0261",
    "x": 28.164166666666667,
    "y": 46.16416666666667
}