{
    "id": "Lv0476",
    "x": 28.549722222222226,
    "y": 46.572500000000005
}