{
    "id": 1521,
    "x": 28.395833333333332,
    "y": 46.605555555555554
}