{
    "id": "Cm1163",
    "x": 28.747222222222224,
    "y": 46.44277777777778
}