{
    "id": "G0315",
    "x": 28.599444444444444,
    "y": 46.10111111111111
}