{
    "id": "G5538",
    "x": 28.81416666666667,
    "y": 46.363055555555555
}