{
    "id": 659,
    "x": 28.240555555555556,
    "y": 46.00694444444444
}