{
    "id": "Cn0629",
    "x": 28.410277777777775,
    "y": 46.219722222222224
}