{
    "id": "B0232",
    "x": 28.95583333333333,
    "y": 46.47805555555556
}