{
    "id": "Lv1402",
    "x": 28.25138888888889,
    "y": 46.52333333333333
}