{
    "id": "T0472",
    "x": 28.958333333333332,
    "y": 46.141666666666666
}