{
    "id": "Lv0863",
    "x": 28.324166666666667,
    "y": 46.568333333333335
}