{
    "id": "Cn0319",
    "x": 28.218055555555555,
    "y": 46.277499999999996
}