{
    "id": "Cm1170",
    "x": 28.752777777777776,
    "y": 46.426944444444445
}