{
    "id": "Ch5050",
    "x": 28.18722222222222,
    "y": 45.82638888888889
}