{
    "id": "G0513",
    "x": 28.593888888888888,
    "y": 46.11138888888889
}