{
    "id": "Ch0091",
    "x": 28.252777777777776,
    "y": 46.00861111111111
}