{
    "id": "G5047",
    "x": 28.84611111111111,
    "y": 46.24888888888889
}