{
    "id": "Ch0599",
    "x": 28.41611111111111,
    "y": 45.922777777777775
}