{
    "id": "Ch5079",
    "x": 28.38611111111111,
    "y": 45.74583333333334
}