{
    "id": "Cm0092",
    "x": 28.714166666666667,
    "y": 46.70055555555556
}