{
    "id": "Cm0993",
    "x": 28.753055555555555,
    "y": 46.44888888888889
}