{
    "id": "B0288",
    "x": 28.79416666666667,
    "y": 46.30555555555555
}