{
    "id": "Cn0384",
    "x": 28.344444444444445,
    "y": 46.26111111111111
}