{
    "id": "Cm0536",
    "x": 28.784722222222225,
    "y": 46.71666666666667
}