{
    "id": "Cn0209",
    "x": 28.320555555555554,
    "y": 46.30583333333333
}