{
    "id": "G0072",
    "x": 28.662777777777777,
    "y": 46.01972222222222
}