{
    "id": "Cn0734",
    "x": 28.40833333333333,
    "y": 46.35777777777778
}