{
    "id": "Lv0565",
    "x": 28.353333333333335,
    "y": 46.52222222222222
}