{
    "id": "Cn0854",
    "x": 28.410277777777775,
    "y": 46.353611111111114
}