{
    "id": "B0001",
    "x": 28.871666666666666,
    "y": 46.44583333333333
}