{
    "id": "Ch5118",
    "x": 28.490000000000002,
    "y": 46.080000000000005
}