{
    "id": "G0787",
    "x": 28.635277777777777,
    "y": 46.219722222222224
}