{
    "id": "Cn0831",
    "x": 28.390555555555554,
    "y": 46.33111111111111
}