{
    "id": 1385,
    "x": 28.448055555555555,
    "y": 45.61361111111111
}