{
    "id": "Lv0138",
    "x": 28.409444444444443,
    "y": 46.581944444444446
}