{
    "id": "B0022",
    "x": 28.86916666666667,
    "y": 46.459722222222226
}