{
    "id": "G5571",
    "x": 28.822222222222223,
    "y": 46.36416666666667
}