{
    "id": "G5792",
    "x": 28.691388888888888,
    "y": 45.84805555555556
}