{
    "id": "G0101",
    "x": 28.660833333333333,
    "y": 46.015277777777776
}