{
    "id": "G5744",
    "x": 28.685277777777777,
    "y": 45.861111111111114
}