{
    "id": "Lv1179",
    "x": 28.519166666666667,
    "y": 46.37361111111111
}