{
    "id": 348,
    "x": 28.73638888888889,
    "y": 46.006388888888885
}