{
    "id": "Cm1294",
    "x": 28.897222222222222,
    "y": 46.69194444444444
}