{
    "id": "Cn0934",
    "x": 28.432222222222222,
    "y": 46.270833333333336
}