{
    "id": "T0486",
    "x": 28.929722222222225,
    "y": 46.04388888888889
}