{
    "id": "G1036",
    "x": 28.508055555555554,
    "y": 46.089444444444446
}