{
    "id": "Cn1082",
    "x": 28.386388888888888,
    "y": 46.10638888888889
}