{
    "id": "Cn0482",
    "x": 28.342499999999998,
    "y": 46.36361111111111
}