{
    "id": "Lv1761",
    "x": 28.46388888888889,
    "y": 46.41611111111111
}