{
    "id": 673,
    "x": 28.240000000000002,
    "y": 46.00611111111111
}