{
    "id": "Cn0456",
    "x": 28.322777777777777,
    "y": 46.348333333333336
}