{
    "id": "G1229",
    "x": 28.64611111111111,
    "y": 46.28055555555555
}