{
    "id": "G0319",
    "x": 28.601666666666667,
    "y": 46.10444444444445
}