{
    "id": "Cm0033",
    "x": 28.71388888888889,
    "y": 46.69611111111111
}