{
    "id": "B0016",
    "x": 28.86527777777778,
    "y": 46.46027777777778
}