{
    "id": "B0135",
    "x": 28.908055555555553,
    "y": 46.39194444444444
}