{
    "id": "Cm0703",
    "x": 28.642777777777777,
    "y": 46.70305555555556
}