{
    "id": "G5681",
    "x": 28.693055555555556,
    "y": 45.85388888888889
}