{
    "id": "G1826",
    "x": 28.844166666666666,
    "y": 46.331944444444446
}