{
    "id": "Cm0187",
    "x": 28.75638888888889,
    "y": 46.598888888888894
}