{
    "id": 499,
    "x": 28.92638888888889,
    "y": 46.022777777777776
}