{
    "id": 1211,
    "x": 28.298055555555557,
    "y": 45.849444444444444
}