{
    "id": "Lv0881",
    "x": 28.353333333333335,
    "y": 46.458333333333336
}