{
    "id": "Cm1433",
    "x": 28.822777777777777,
    "y": 46.472500000000004
}