{
    "id": 727,
    "x": 28.15888888888889,
    "y": 46.016666666666666
}