{
    "id": "Lv1053",
    "x": 28.478055555555553,
    "y": 46.436388888888885
}