{
    "id": "G5280",
    "x": 28.76222222222222,
    "y": 46.112500000000004
}