{
    "id": "Lv1185",
    "x": 28.521666666666665,
    "y": 46.38055555555555
}