{
    "id": 921,
    "x": 28.303055555555556,
    "y": 46.14083333333333
}