{
    "id": 873,
    "x": 28.343333333333334,
    "y": 46.01222222222222
}