{
    "id": "Cm0147",
    "x": 28.748055555555556,
    "y": 46.58361111111111
}