{
    "id": "Ch5027",
    "x": 28.17027777777778,
    "y": 45.764722222222225
}