{
    "id": "G5181",
    "x": 28.771666666666665,
    "y": 46.19027777777777
}