{
    "id": "G0592",
    "x": 28.59638888888889,
    "y": 46.10027777777778
}