{
    "id": "G0109",
    "x": 28.661388888888887,
    "y": 46.01277777777778
}