{
    "id": "G1334",
    "x": 28.65972222222222,
    "y": 46.28777777777778
}