{
    "id": "Cm0856",
    "x": 28.91333333333333,
    "y": 46.60944444444445
}