{
    "id": "G1403",
    "x": 28.568055555555556,
    "y": 46.32833333333333
}