{
    "id": "Cn0206",
    "x": 28.315555555555555,
    "y": 46.30444444444444
}