{
    "id": 783,
    "x": 28.228888888888886,
    "y": 46.028055555555554
}