{
    "id": 841,
    "x": 28.33833333333333,
    "y": 45.968611111111116
}