{
    "id": "Lv1095",
    "x": 28.492222222222225,
    "y": 46.45888888888889
}