{
    "id": 1798,
    "x": 28.468055555555555,
    "y": 46.66888888888889
}