{
    "id": "G0056",
    "x": 28.678055555555556,
    "y": 46.020833333333336
}