{
    "id": "Lv1591",
    "x": 28.38277777777778,
    "y": 46.393055555555556
}