{
    "id": "G1337",
    "x": 28.65833333333333,
    "y": 46.288888888888884
}