{
    "id": 1750,
    "x": 28.41361111111111,
    "y": 46.66416666666667
}