{
    "id": "Cm1666",
    "x": 28.599444444444444,
    "y": 46.55444444444444
}