{
    "id": "G0081",
    "x": 28.655555555555555,
    "y": 46.016666666666666
}