{
    "id": "B0108",
    "x": 28.92666666666667,
    "y": 46.37277777777778
}