{
    "id": "G1368",
    "x": 28.66638888888889,
    "y": 46.28333333333333
}