{
    "id": "T0128",
    "x": 28.584722222222222,
    "y": 45.86694444444444
}