{
    "id": 45,
    "x": 28.59583333333333,
    "y": 45.900555555555556
}