{
    "id": 1625,
    "x": 28.552500000000002,
    "y": 46.63333333333333
}