{
    "id": "Cm0334",
    "x": 28.641666666666666,
    "y": 46.67916666666667
}