{
    "id": "G0943",
    "x": 28.636388888888888,
    "y": 46.15416666666667
}