{
    "id": "G0508",
    "x": 28.58861111111111,
    "y": 46.11333333333334
}