{
    "id": "G1052",
    "x": 28.609722222222224,
    "y": 46.43583333333333
}