{
    "id": "T0333",
    "x": 28.559722222222224,
    "y": 45.977222222222224
}