{
    "id": "G0268",
    "x": 28.571944444444444,
    "y": 46.01444444444444
}