{
    "id": "Cm1117",
    "x": 28.83277777777778,
    "y": 46.65888888888889
}