{
    "id": "Cn0302",
    "x": 28.180555555555557,
    "y": 46.132222222222225
}