{
    "id": "Cn0937",
    "x": 28.43166666666667,
    "y": 46.27361111111111
}