{
    "id": "Ch5244",
    "x": 28.197222222222223,
    "y": 45.48111111111111
}