{
    "id": "G5228",
    "x": 28.845277777777778,
    "y": 46.26166666666666
}