{
    "id": "Cm0836",
    "x": 28.909166666666664,
    "y": 46.621944444444445
}