{
    "id": 406,
    "x": 28.453888888888887,
    "y": 45.853611111111114
}