{
    "id": "G0634",
    "x": 28.592222222222222,
    "y": 46.102222222222224
}