{
    "id": 1430,
    "x": 28.46722222222222,
    "y": 46.588055555555556
}