{
    "id": 911,
    "x": 28.324166666666667,
    "y": 46.11333333333334
}