{
    "id": 267,
    "x": 28.46833333333333,
    "y": 46.02111111111111
}