{
    "id": "Cn0034",
    "x": 28.224166666666665,
    "y": 46.276666666666664
}