{
    "id": "G0051",
    "x": 28.674722222222222,
    "y": 46.01722222222222
}