{
    "id": "G5218",
    "x": 28.869722222222222,
    "y": 46.178888888888885
}