{
    "id": "Cm0130",
    "x": 28.721666666666664,
    "y": 46.62166666666667
}