{
    "id": "Cn0387",
    "x": 28.340555555555554,
    "y": 46.25972222222222
}