{
    "id": "Cn0189",
    "x": 28.308611111111112,
    "y": 46.30222222222222
}