{
    "id": "G0024",
    "x": 28.664166666666667,
    "y": 45.99611111111111
}