{
    "id": 1236,
    "x": 28.315833333333334,
    "y": 45.85138888888889
}