{
    "id": "Cm1029",
    "x": 28.86777777777778,
    "y": 46.632777777777775
}