{
    "id": "Cm0892",
    "x": 28.899444444444445,
    "y": 46.61416666666667
}