{
    "id": 1525,
    "x": 28.394166666666667,
    "y": 46.60305555555556
}