{
    "id": "G5602",
    "x": 28.81416666666667,
    "y": 46.37138888888889
}