{
    "id": "G0329",
    "x": 28.606944444444444,
    "y": 46.113055555555555
}