{
    "id": 1427,
    "x": 28.46833333333333,
    "y": 46.59027777777778
}