{
    "id": 342,
    "x": 28.560000000000002,
    "y": 45.97555555555556
}