{
    "id": "G0673",
    "x": 28.584722222222222,
    "y": 46.100833333333334
}