{
    "id": "Cm0595",
    "x": 28.91472222222222,
    "y": 46.59111111111111
}