{
    "id": "Cm0415",
    "x": 28.672222222222224,
    "y": 46.65472222222222
}