{
    "id": "Lv0980",
    "x": 28.45888888888889,
    "y": 46.43527777777778
}