{
    "id": "G1003",
    "x": 28.64527777777778,
    "y": 46.17361111111111
}