{
    "id": "G0681",
    "x": 28.58361111111111,
    "y": 46.095555555555556
}