{
    "id": "Cn0936",
    "x": 28.430555555555557,
    "y": 46.27388888888889
}