{
    "id": "Ch0668",
    "x": 28.302222222222223,
    "y": 45.863055555555555
}