{
    "id": "G1397",
    "x": 28.573333333333334,
    "y": 46.30638888888888
}