{
    "id": "Cm0627",
    "x": 28.92388888888889,
    "y": 46.55916666666666
}