{
    "id": 418,
    "x": 28.621666666666666,
    "y": 45.76861111111111
}