{
    "id": "G0767",
    "x": 28.643055555555556,
    "y": 46.221111111111114
}