{
    "id": "G5224",
    "x": 28.871944444444445,
    "y": 46.17472222222222
}