{
    "id": "G0757",
    "x": 28.61138888888889,
    "y": 46.11222222222222
}