{
    "id": "Cm1040",
    "x": 28.865000000000002,
    "y": 46.62888888888889
}