{
    "id": "B0126",
    "x": 28.93888888888889,
    "y": 46.36388888888889
}