{
    "id": "Cm1649",
    "x": 28.789166666666667,
    "y": 46.51694444444444
}