{
    "id": "Cm0798",
    "x": 28.92527777777778,
    "y": 46.58111111111111
}