{
    "id": "Cm1443",
    "x": 28.83138888888889,
    "y": 46.471111111111114
}