{
    "id": "Cm0521",
    "x": 28.747777777777777,
    "y": 46.73361111111111
}