{
    "id": "Lv0458",
    "x": 28.544444444444448,
    "y": 46.57222222222222
}