{
    "id": 1088,
    "x": 28.41111111111111,
    "y": 45.99944444444444
}