{
    "id": "Lv0685",
    "x": 28.32638888888889,
    "y": 46.57944444444445
}