{
    "id": "Ch0570",
    "x": 28.37666666666667,
    "y": 46.033055555555556
}