{
    "id": "Lv1367",
    "x": 28.263055555555557,
    "y": 46.42805555555555
}