{
    "id": "G5061",
    "x": 28.852222222222224,
    "y": 46.251666666666665
}