{
    "id": "G0262",
    "x": 28.569444444444443,
    "y": 46.015277777777776
}