{
    "id": "Cn0796",
    "x": 28.406388888888888,
    "y": 46.32972222222222
}