{
    "id": "G1049",
    "x": 28.609444444444446,
    "y": 46.43722222222222
}