{
    "id": "Cn0294",
    "x": 28.18638888888889,
    "y": 46.114444444444445
}