{
    "id": "G0935",
    "x": 28.646944444444443,
    "y": 46.22027777777778
}