{
    "id": "Cm0343",
    "x": 28.651944444444442,
    "y": 46.670833333333334
}