{
    "id": "Cm1114",
    "x": 28.833333333333332,
    "y": 46.66111111111111
}