{
    "id": 1602,
    "x": 28.504722222222224,
    "y": 46.630833333333335
}