{
    "id": "Cm1336",
    "x": 28.76861111111111,
    "y": 46.67166666666667
}