{
    "id": "Lv1091",
    "x": 28.495833333333334,
    "y": 46.45916666666667
}