{
    "id": "Cm1239",
    "x": 28.630277777777778,
    "y": 46.478611111111114
}