{
    "id": "Cm0265",
    "x": 28.748333333333335,
    "y": 46.611666666666665
}