{
    "id": "G0369",
    "x": 28.601666666666667,
    "y": 46.11611111111111
}