{
    "id": "B0014",
    "x": 28.864444444444445,
    "y": 46.45888888888889
}