{
    "id": "T0228",
    "x": 28.48222222222222,
    "y": 45.94138888888889
}