{
    "id": "G0322",
    "x": 28.602777777777778,
    "y": 46.10583333333334
}