{
    "id": "Lv0957",
    "x": 28.440833333333334,
    "y": 46.433055555555555
}