{
    "id": "Cn1187",
    "x": 28.483333333333334,
    "y": 46.19194444444444
}