{
    "id": "Cm0815",
    "x": 28.916666666666668,
    "y": 46.614444444444445
}