{
    "id": "B0133",
    "x": 28.909166666666664,
    "y": 46.39083333333333
}