{
    "id": 1485,
    "x": 28.464166666666667,
    "y": 46.56916666666667
}