{
    "id": "Cm0705",
    "x": 28.640833333333333,
    "y": 46.703611111111115
}