{
    "id": "Lv1138",
    "x": 28.533333333333335,
    "y": 46.37027777777778
}