{
    "id": "Cn0777",
    "x": 28.443055555555556,
    "y": 46.33444444444444
}