{
    "id": "B0091",
    "x": 28.933611111111112,
    "y": 46.361111111111114
}