{
    "id": "G5702",
    "x": 28.698611111111113,
    "y": 45.84305555555556
}