{
    "id": "Cm1639",
    "x": 28.768055555555556,
    "y": 46.52111111111111
}