{
    "id": "Cn0606",
    "x": 28.39472222222222,
    "y": 46.193888888888885
}