{
    "id": "G5190",
    "x": 28.77472222222222,
    "y": 46.181666666666665
}