{
    "id": "Cn0451",
    "x": 28.317777777777778,
    "y": 46.35388888888889
}