{
    "id": "G1757",
    "x": 28.84361111111111,
    "y": 46.06444444444444
}