{
    "id": "G1798",
    "x": 28.82638888888889,
    "y": 46.066111111111105
}