{
    "id": "Cn0133",
    "x": 28.275277777777777,
    "y": 46.32333333333334
}