{
    "id": "G1274",
    "x": 28.637777777777778,
    "y": 46.30166666666666
}