{
    "id": "Cn0083",
    "x": 28.18277777777778,
    "y": 46.25055555555556
}