{
    "id": "G5471",
    "x": 28.66611111111111,
    "y": 46.10583333333334
}