{
    "id": "Cm0080",
    "x": 28.70611111111111,
    "y": 46.69083333333333
}