{
    "id": "Cm1657",
    "x": 28.71388888888889,
    "y": 46.48277777777778
}