{
    "id": "Cm0191",
    "x": 28.756666666666668,
    "y": 46.599722222222226
}