{
    "id": "Lv0738",
    "x": 28.32138888888889,
    "y": 46.56722222222223
}