{
    "id": "G1461",
    "x": 28.371111111111112,
    "y": 45.55638888888888
}