{
    "id": "Cm1178",
    "x": 28.674722222222222,
    "y": 46.468611111111116
}