{
    "id": "Cm0377",
    "x": 28.698333333333334,
    "y": 46.647777777777776
}