{
    "id": 1254,
    "x": 28.317777777777778,
    "y": 45.82611111111112
}