{
    "id": "Cm0994",
    "x": 28.752222222222223,
    "y": 46.44777777777777
}