{
    "id": "Cn0849",
    "x": 28.402777777777775,
    "y": 46.34638888888889
}