{
    "id": "Lv0747",
    "x": 28.317777777777778,
    "y": 46.56055555555555
}