{
    "id": "Cn0812",
    "x": 28.40361111111111,
    "y": 46.32888888888889
}