{
    "id": "Cn0166",
    "x": 28.275555555555556,
    "y": 46.31111111111111
}