{
    "id": 114,
    "x": 28.581944444444446,
    "y": 45.855000000000004
}