{
    "id": "T0130",
    "x": 28.584722222222222,
    "y": 45.867777777777775
}