{
    "id": 442,
    "x": 28.978888888888886,
    "y": 46.17638888888889
}