{
    "id": "Lv1583",
    "x": 28.371666666666666,
    "y": 46.384166666666665
}