{
    "id": "Cm1274",
    "x": 28.880555555555556,
    "y": 46.67722222222222
}