{
    "id": "Cm1096",
    "x": 28.84722222222222,
    "y": 46.65888888888889
}