{
    "id": "Cn0684",
    "x": 28.476388888888888,
    "y": 46.13777777777778
}