{
    "id": "Lv1630",
    "x": 28.361666666666668,
    "y": 46.382777777777775
}