{
    "id": "G0198",
    "x": 28.65361111111111,
    "y": 46.00527777777778
}