{
    "id": "Cm1053",
    "x": 28.879166666666666,
    "y": 46.62638888888889
}