{
    "id": "Cm0175",
    "x": 28.747777777777777,
    "y": 46.57694444444445
}