{
    "id": 1506,
    "x": 28.461388888888887,
    "y": 46.544444444444444
}