{
    "id": "G1811",
    "x": 28.860833333333336,
    "y": 46.10027777777778
}