{
    "id": "Cm1417",
    "x": 29.00722222222222,
    "y": 46.578611111111115
}