{
    "id": "Lv0455",
    "x": 28.54138888888889,
    "y": 46.57027777777778
}