{
    "id": "Lv0965",
    "x": 28.44361111111111,
    "y": 46.43416666666666
}