{
    "id": "Cm0003",
    "x": 28.684444444444445,
    "y": 46.70944444444445
}