{
    "id": "Cm1008",
    "x": 28.75777777777778,
    "y": 46.436388888888885
}