{
    "id": "Cm1026",
    "x": 28.869444444444444,
    "y": 46.63166666666667
}