{
    "id": "G1537",
    "x": 28.809444444444445,
    "y": 46.056666666666665
}