{
    "id": "Cm0156",
    "x": 28.744722222222222,
    "y": 46.58722222222222
}