{
    "id": "G0363",
    "x": 28.604166666666668,
    "y": 46.114444444444445
}