{
    "id": "G1418",
    "x": 28.56527777777778,
    "y": 46.331944444444446
}