{
    "id": "Cn1085",
    "x": 28.38111111111111,
    "y": 46.121944444444445
}