{
    "id": "Lv1722",
    "x": 28.244444444444447,
    "y": 46.48555555555556
}