{
    "id": "Cm0888",
    "x": 28.90583333333333,
    "y": 46.609722222222224
}