{
    "id": "G1220",
    "x": 28.663888888888888,
    "y": 46.36694444444444
}