{
    "id": "G0270",
    "x": 28.571944444444444,
    "y": 46.019444444444446
}