{
    "id": "G1279",
    "x": 28.643055555555556,
    "y": 46.30166666666666
}