{
    "id": "Cn0938",
    "x": 28.433333333333334,
    "y": 46.27166666666667
}