{
    "id": "Cm0015",
    "x": 28.699444444444445,
    "y": 46.70027777777778
}