{
    "id": "G5631",
    "x": 28.693055555555556,
    "y": 45.86361111111111
}