{
    "id": 1749,
    "x": 28.415277777777778,
    "y": 46.66277777777778
}