{
    "id": "Cm0073",
    "x": 28.70722222222222,
    "y": 46.68194444444444
}