{
    "id": "G1511",
    "x": 28.44527777777778,
    "y": 45.87583333333333
}