{
    "id": 1192,
    "x": 28.351944444444445,
    "y": 45.95194444444445
}