{
    "id": "Lv0258",
    "x": 28.460833333333333,
    "y": 46.61055555555556
}