{
    "id": "G0540",
    "x": 28.593888888888888,
    "y": 46.106944444444444
}