{
    "id": "Lv1167",
    "x": 28.51722222222222,
    "y": 46.36972222222222
}