{
    "id": "G1659",
    "x": 28.845277777777778,
    "y": 46.04611111111111
}