{
    "id": 738,
    "x": 28.164166666666667,
    "y": 46.01166666666666
}