{
    "id": "B0346",
    "x": 29.000555555555554,
    "y": 46.47083333333334
}