{
    "id": "Cn0117",
    "x": 28.156388888888888,
    "y": 46.23166666666667
}