{
    "id": "G0285",
    "x": 28.565555555555555,
    "y": 46.03111111111111
}