{
    "id": "Cn0103",
    "x": 28.160555555555554,
    "y": 46.22916666666667
}