{
    "id": "G1693",
    "x": 28.84583333333333,
    "y": 46.058611111111105
}