{
    "id": "Cm0261",
    "x": 28.750833333333333,
    "y": 46.60944444444445
}