{
    "id": "G1817",
    "x": 28.829722222222223,
    "y": 46.32083333333334
}