{
    "id": 575,
    "x": 28.194444444444446,
    "y": 45.95333333333333
}