{
    "id": "G5253",
    "x": 28.767777777777777,
    "y": 46.24138888888889
}