{
    "id": "Cm0323",
    "x": 28.641666666666666,
    "y": 46.70583333333334
}