{
    "id": "Cm0913",
    "x": 28.62472222222222,
    "y": 46.573055555555555
}