{
    "id": "G5798",
    "x": 28.690833333333334,
    "y": 45.840833333333336
}