{
    "id": "G1637",
    "x": 28.830277777777777,
    "y": 46.045833333333334
}