{
    "id": "Cn0460",
    "x": 28.322499999999998,
    "y": 46.348888888888894
}