{
    "id": "B0127",
    "x": 28.910833333333333,
    "y": 46.38472222222222
}