{
    "id": "G0791",
    "x": 28.638055555555557,
    "y": 46.22805555555556
}