{
    "id": "G5384",
    "x": 28.679722222222225,
    "y": 46.105555555555554
}