{
    "id": "G5718",
    "x": 28.695833333333333,
    "y": 45.838055555555556
}