{
    "id": "Cm1476",
    "x": 28.790000000000003,
    "y": 46.522777777777776
}