{
    "id": "Cm0159",
    "x": 28.74388888888889,
    "y": 46.58361111111111
}