{
    "id": "G1618",
    "x": 28.823333333333334,
    "y": 46.05444444444444
}