{
    "id": "Cm0879",
    "x": 28.903888888888886,
    "y": 46.61833333333333
}