{
    "id": 866,
    "x": 28.342222222222222,
    "y": 46.02361111111111
}