{
    "id": "G0666",
    "x": 28.58361111111111,
    "y": 46.100833333333334
}