{
    "id": "G1324",
    "x": 28.66333333333333,
    "y": 46.30222222222222
}