{
    "id": "G0989",
    "x": 28.65222222222222,
    "y": 46.178888888888885
}