{
    "id": "Lv0998",
    "x": 28.452777777777776,
    "y": 46.43222222222222
}