{
    "id": "G0224",
    "x": 28.662499999999998,
    "y": 45.99305555555556
}