{
    "id": "G1670",
    "x": 28.842499999999998,
    "y": 46.05277777777778
}