{
    "id": "G5653",
    "x": 28.69638888888889,
    "y": 45.864444444444445
}