{
    "id": "Lv0932",
    "x": 28.421111111111113,
    "y": 46.42222222222222
}