{
    "id": 1438,
    "x": 28.46972222222222,
    "y": 46.58722222222222
}