{
    "id": "Cm1312",
    "x": 28.811111111111114,
    "y": 46.69027777777777
}