{
    "id": "Lv1361",
    "x": 28.254722222222224,
    "y": 46.41777777777777
}