{
    "id": 639,
    "x": 28.219166666666666,
    "y": 45.981388888888894
}