{
    "id": "G0461",
    "x": 28.59472222222222,
    "y": 46.112500000000004
}