{
    "id": "Cm0805",
    "x": 28.91777777777778,
    "y": 46.61027777777778
}