{
    "id": "G5477",
    "x": 28.671666666666667,
    "y": 46.09777777777778
}