{
    "id": "Cm1194",
    "x": 28.643333333333334,
    "y": 46.47888888888889
}