{
    "id": "Cm1426",
    "x": 28.824444444444445,
    "y": 46.47222222222222
}