{
    "id": "Cm1422",
    "x": 29.00777777777778,
    "y": 46.581944444444446
}