{
    "id": "G5336",
    "x": 28.680555555555557,
    "y": 46.090833333333336
}