{
    "id": "Lv1650",
    "x": 28.265555555555554,
    "y": 46.486111111111114
}