{
    "id": "Ch0459",
    "x": 28.217499999999998,
    "y": 46.06638888888889
}