{
    "id": "G0843",
    "x": 28.641666666666666,
    "y": 46.22638888888889
}