{
    "id": 1493,
    "x": 28.464166666666667,
    "y": 46.56333333333333
}