{
    "id": "G0241",
    "x": 28.649444444444445,
    "y": 46.01166666666666
}