{
    "id": 988,
    "x": 28.223333333333333,
    "y": 46.07333333333334
}