{
    "id": "Cn0225",
    "x": 28.155555555555555,
    "y": 46.228611111111114
}