{
    "id": "Lv1090",
    "x": 28.497500000000002,
    "y": 46.45944444444445
}