{
    "id": "Cm1304",
    "x": 28.808333333333334,
    "y": 46.69305555555555
}