{
    "id": "G5791",
    "x": 28.68888888888889,
    "y": 45.84305555555556
}