{
    "id": "T0365",
    "x": 28.731111111111108,
    "y": 46.009166666666665
}