{
    "id": "G5842",
    "x": 28.441944444444445,
    "y": 45.556666666666665
}