{
    "id": "B0320",
    "x": 28.985277777777778,
    "y": 46.33527777777778
}