{
    "id": "Lv0040",
    "x": 28.475277777777777,
    "y": 46.578611111111115
}