{
    "id": "G1004",
    "x": 28.64527777777778,
    "y": 46.17611111111111
}