{
    "id": "G1178",
    "x": 28.621111111111112,
    "y": 46.42361111111111
}