{
    "id": 57,
    "x": 28.594444444444445,
    "y": 45.90333333333333
}