{
    "id": "Lv1656",
    "x": 28.25722222222222,
    "y": 46.48777777777778
}