{
    "id": "Lv1416",
    "x": 28.252222222222223,
    "y": 46.52583333333333
}