{
    "id": "G0583",
    "x": 28.595277777777778,
    "y": 46.10666666666667
}