{
    "id": "G0888",
    "x": 28.648055555555555,
    "y": 46.226111111111116
}