{
    "id": 1383,
    "x": 28.448611111111113,
    "y": 45.61277777777778
}