{
    "id": "T0502",
    "x": 28.927500000000002,
    "y": 46.04333333333333
}