{
    "id": "G0993",
    "x": 28.648888888888887,
    "y": 46.181666666666665
}