{
    "id": "Cm0119",
    "x": 28.72833333333333,
    "y": 46.61055555555556
}