{
    "id": 365,
    "x": 28.730555555555554,
    "y": 46.01277777777778
}