{
    "id": "G0927",
    "x": 28.647777777777776,
    "y": 46.21805555555556
}