{
    "id": "Lv0759",
    "x": 28.328333333333333,
    "y": 46.573055555555555
}