{
    "id": "Ch5119",
    "x": 28.486944444444447,
    "y": 46.080555555555556
}