{
    "id": "Ch5081",
    "x": 28.384444444444444,
    "y": 45.755833333333335
}