{
    "id": "G0778",
    "x": 28.648888888888887,
    "y": 46.236666666666665
}