{
    "id": 67,
    "x": 28.593055555555555,
    "y": 45.901666666666664
}