{
    "id": "Cn1202",
    "x": 28.20638888888889,
    "y": 46.11222222222222
}