{
    "id": 468,
    "x": 28.96527777777778,
    "y": 46.13638888888889
}