{
    "id": "G0005",
    "x": 28.672222222222224,
    "y": 46.00805555555556
}