{
    "id": 910,
    "x": 28.32611111111111,
    "y": 46.10916666666667
}