{
    "id": "Cm0774",
    "x": 28.91861111111111,
    "y": 46.568333333333335
}