{
    "id": "Cm1279",
    "x": 28.886666666666667,
    "y": 46.676944444444445
}