{
    "id": "Cn1122",
    "x": 28.294722222222223,
    "y": 46.183055555555555
}