{
    "id": "Cn0205",
    "x": 28.303611111111113,
    "y": 46.31444444444444
}