{
    "id": "Cm0268",
    "x": 28.746666666666666,
    "y": 46.612500000000004
}