{
    "id": "Lv1080",
    "x": 28.483888888888888,
    "y": 46.459722222222226
}