{
    "id": 642,
    "x": 28.21972222222222,
    "y": 45.988055555555555
}