{
    "id": "G5694",
    "x": 28.701666666666664,
    "y": 45.84638888888889
}