{
    "id": "Cm0987",
    "x": 28.58972222222222,
    "y": 46.596111111111114
}