{
    "id": "Lv1073",
    "x": 28.480555555555554,
    "y": 46.46333333333334
}