{
    "id": 1126,
    "x": 28.37638888888889,
    "y": 46.03388888888889
}