{
    "id": "G5054",
    "x": 28.94388888888889,
    "y": 46.20111111111111
}