{
    "id": "Lv1429",
    "x": 28.251666666666665,
    "y": 46.52833333333333
}