{
    "id": "Cm1062",
    "x": 28.847777777777775,
    "y": 46.65222222222222
}