{
    "id": "G0506",
    "x": 28.586388888888887,
    "y": 46.11388888888889
}