{
    "id": "Lv1306",
    "x": 28.336666666666666,
    "y": 46.445277777777775
}