{
    "id": "G0355",
    "x": 28.602500000000003,
    "y": 46.11361111111111
}