{
    "id": "G5259",
    "x": 28.76833333333333,
    "y": 46.10638888888889
}