{
    "id": "Cm1088",
    "x": 28.83861111111111,
    "y": 46.66416666666667
}