{
    "id": "Cm0662",
    "x": 28.586388888888887,
    "y": 46.65972222222222
}