{
    "id": 1837,
    "x": 28.531388888888888,
    "y": 46.52722222222222
}