{
    "id": "Cn0719",
    "x": 28.401666666666664,
    "y": 46.35916666666667
}