{
    "id": 741,
    "x": 28.160833333333333,
    "y": 46.01611111111111
}