{
    "id": "Ch5120",
    "x": 28.484444444444446,
    "y": 46.080555555555556
}