{
    "id": "G0175",
    "x": 28.659166666666664,
    "y": 46.004444444444445
}