{
    "id": 603,
    "x": 28.21833333333333,
    "y": 45.98888888888889
}