{
    "id": "Lv1255",
    "x": 28.51222222222222,
    "y": 46.37305555555555
}