{
    "id": "Lv0587",
    "x": 28.355555555555558,
    "y": 46.51222222222222
}