{
    "id": 1440,
    "x": 28.468888888888888,
    "y": 46.588055555555556
}