{
    "id": 1847,
    "x": 28.528888888888886,
    "y": 46.53138888888889
}