{
    "id": "T0035",
    "x": 28.598888888888887,
    "y": 45.903888888888886
}