{
    "id": "G1810",
    "x": 28.858333333333334,
    "y": 46.096944444444446
}