{
    "id": "Lv1274",
    "x": 28.513333333333332,
    "y": 46.36888888888889
}