{
    "id": "Cn0758",
    "x": 28.449166666666667,
    "y": 46.33388888888889
}