{
    "id": "Lv0545",
    "x": 28.354444444444447,
    "y": 46.52361111111111
}