{
    "id": "G0821",
    "x": 28.650277777777777,
    "y": 46.24305555555556
}