{
    "id": "Lv0737",
    "x": 28.322499999999998,
    "y": 46.56805555555556
}