{
    "id": "Cm0316",
    "x": 28.673333333333336,
    "y": 46.69472222222222
}