{
    "id": "B0118",
    "x": 28.952222222222222,
    "y": 46.35111111111111
}