{
    "id": "B0033",
    "x": 28.868333333333332,
    "y": 46.45305555555556
}