{
    "id": "T0527",
    "x": 28.64638888888889,
    "y": 45.888333333333335
}