{
    "id": 12,
    "x": 28.573055555555555,
    "y": 45.937777777777775
}