{
    "id": "Ch5229",
    "x": 28.18777777777778,
    "y": 45.81166666666666
}