{
    "id": "G0542",
    "x": 28.591388888888886,
    "y": 46.10722222222223
}