{
    "id": "Lv1128",
    "x": 28.52583333333333,
    "y": 46.36833333333333
}