{
    "id": "Lv0693",
    "x": 28.32138888888889,
    "y": 46.580000000000005
}