{
    "id": "G5029",
    "x": 28.939166666666665,
    "y": 46.206944444444446
}