{
    "id": "Lv1403",
    "x": 28.246944444444445,
    "y": 46.52333333333333
}