{
    "id": "Cn0717",
    "x": 28.406666666666666,
    "y": 46.35388888888889
}