{
    "id": "Cm0342",
    "x": 28.65111111111111,
    "y": 46.67166666666667
}