{
    "id": "G0451",
    "x": 28.593333333333334,
    "y": 46.11666666666667
}