{
    "id": "Cn1017",
    "x": 28.460555555555555,
    "y": 46.219722222222224
}