{
    "id": "Cm1057",
    "x": 28.874166666666667,
    "y": 46.62916666666667
}