{
    "id": "G0886",
    "x": 28.646944444444443,
    "y": 46.223333333333336
}