{
    "id": "Lv1061",
    "x": 28.47083333333333,
    "y": 46.44444444444444
}