{
    "id": "Ch5202",
    "x": 28.537222222222223,
    "y": 46.04694444444444
}