{
    "id": "B0053",
    "x": 28.873055555555556,
    "y": 46.45888888888889
}