{
    "id": "Cn0362",
    "x": 28.246111111111112,
    "y": 46.236666666666665
}