{
    "id": 1291,
    "x": 28.31888888888889,
    "y": 45.831944444444446
}