{
    "id": "G5823",
    "x": 28.42777777777778,
    "y": 45.54388888888889
}