{
    "id": "Lv1349",
    "x": 28.425833333333333,
    "y": 46.527499999999996
}