{
    "id": "Cm1490",
    "x": 28.80888888888889,
    "y": 46.505833333333335
}