{
    "id": "G0702",
    "x": 28.58611111111111,
    "y": 46.095555555555556
}