{
    "id": "Cm0793",
    "x": 28.91611111111111,
    "y": 46.58305555555556
}