{
    "id": "Ch0172",
    "x": 28.159166666666664,
    "y": 46.014722222222225
}