{
    "id": "G1684",
    "x": 28.847777777777775,
    "y": 46.05638888888888
}