{
    "id": "B0086",
    "x": 28.931944444444447,
    "y": 46.361666666666665
}