{
    "id": "Ch0497",
    "x": 28.401944444444442,
    "y": 45.961666666666666
}