{
    "id": 997,
    "x": 28.22583333333333,
    "y": 46.07472222222223
}