{
    "id": "G0100",
    "x": 28.66111111111111,
    "y": 46.01555555555556
}