{
    "id": "Cm0951",
    "x": 28.61388888888889,
    "y": 46.54361111111111
}