{
    "id": "G5251",
    "x": 28.770833333333332,
    "y": 46.23388888888889
}