{
    "id": "Cn0651",
    "x": 28.438333333333333,
    "y": 46.17527777777777
}