{
    "id": 1070,
    "x": 28.414166666666667,
    "y": 45.968333333333334
}