{
    "id": 794,
    "x": 28.241944444444446,
    "y": 46.03111111111111
}