{
    "id": 357,
    "x": 28.733333333333334,
    "y": 46.02333333333333
}