{
    "id": "G1688",
    "x": 28.83861111111111,
    "y": 46.05583333333333
}