{
    "id": "Lv0253",
    "x": 28.471666666666664,
    "y": 46.61027777777778
}