{
    "id": "G0039",
    "x": 28.674166666666668,
    "y": 46.01027777777778
}