{
    "id": "G1466",
    "x": 28.394166666666667,
    "y": 45.545833333333334
}