{
    "id": "G0998",
    "x": 28.642777777777777,
    "y": 46.17805555555555
}