{
    "id": "Ch5185",
    "x": 28.502777777777776,
    "y": 46.06638888888889
}