{
    "id": "Lv1037",
    "x": 28.438055555555557,
    "y": 46.42305555555555
}