{
    "id": "G0852",
    "x": 28.639444444444443,
    "y": 46.217777777777776
}