{
    "id": "Lv0955",
    "x": 28.43777777777778,
    "y": 46.433055555555555
}