{
    "id": "Cm1309",
    "x": 28.808333333333334,
    "y": 46.68888888888888
}