{
    "id": "G5027",
    "x": 28.949722222222224,
    "y": 46.208333333333336
}