{
    "id": "Cm1109",
    "x": 28.839166666666664,
    "y": 46.65833333333333
}