{
    "id": "Cm1189",
    "x": 28.681944444444447,
    "y": 46.461111111111116
}