{
    "id": "Cn0873",
    "x": 28.419722222222223,
    "y": 46.36277777777778
}