{
    "id": "Lv1223",
    "x": 28.51527777777778,
    "y": 46.365833333333335
}