{
    "id": "Lv1008",
    "x": 28.442777777777778,
    "y": 46.42944444444444
}