{
    "id": "Cm0011",
    "x": 28.690833333333334,
    "y": 46.70472222222222
}