{
    "id": "Cm0020",
    "x": 28.708333333333332,
    "y": 46.70055555555556
}