{
    "id": "Cn0006",
    "x": 28.23611111111111,
    "y": 46.27611111111111
}