{
    "id": "T0481",
    "x": 28.920833333333334,
    "y": 46.02111111111111
}