{
    "id": "Cn0690",
    "x": 28.48611111111111,
    "y": 46.13444444444444
}