{
    "id": "Cn0597",
    "x": 28.25722222222222,
    "y": 46.37888888888889
}