{
    "id": "G1291",
    "x": 28.644444444444446,
    "y": 46.30222222222222
}