{
    "id": "G1451",
    "x": 28.561111111111114,
    "y": 46.32472222222223
}