{
    "id": "Lv0956",
    "x": 28.442222222222224,
    "y": 46.43444444444444
}