{
    "id": "Ch0777",
    "x": 28.503888888888888,
    "y": 45.75944444444445
}