{
    "id": "G5201",
    "x": 28.86888888888889,
    "y": 46.18722222222222
}