{
    "id": "Cn0974",
    "x": 28.508333333333333,
    "y": 46.27722222222222
}