{
    "id": "G1816",
    "x": 28.676944444444445,
    "y": 46.28388888888889
}