{
    "id": "Cn1235",
    "x": 28.28611111111111,
    "y": 46.18138888888889
}