{
    "id": "Lv0226",
    "x": 28.548333333333336,
    "y": 46.617222222222225
}