{
    "id": 247,
    "x": 28.49361111111111,
    "y": 45.913888888888884
}