{
    "id": "Lv1386",
    "x": 28.236666666666668,
    "y": 46.52166666666667
}