{
    "id": "G5083",
    "x": 28.827222222222222,
    "y": 46.24916666666667
}