{
    "id": "Lv0993",
    "x": 28.459166666666665,
    "y": 46.43444444444444
}