{
    "id": "G0668",
    "x": 28.583055555555557,
    "y": 46.096944444444446
}