{
    "id": "Cm0897",
    "x": 28.903333333333332,
    "y": 46.61527777777778
}