{
    "id": "Cm0363",
    "x": 28.640555555555554,
    "y": 46.67916666666667
}