{
    "id": "Ch0788",
    "x": 28.448055555555555,
    "y": 45.61694444444444
}