{
    "id": 662,
    "x": 28.247500000000002,
    "y": 46.00888888888889
}