{
    "id": "Ch5247",
    "x": 28.169444444444444,
    "y": 45.54138888888889
}