{
    "id": "G5141",
    "x": 28.760833333333334,
    "y": 46.19611111111111
}