{
    "id": "Cm1273",
    "x": 28.895833333333332,
    "y": 46.68555555555555
}