{
    "id": 469,
    "x": 28.959166666666665,
    "y": 46.15694444444444
}