{
    "id": "Cm0189",
    "x": 28.760277777777777,
    "y": 46.59916666666667
}