{
    "id": "Cn0230",
    "x": 28.174444444444447,
    "y": 46.205000000000005
}