{
    "id": "G5710",
    "x": 28.699444444444445,
    "y": 45.84166666666667
}