{
    "id": 1204,
    "x": 28.290277777777778,
    "y": 45.861666666666665
}