{
    "id": 381,
    "x": 28.520833333333332,
    "y": 45.81166666666666
}