{
    "id": "G0435",
    "x": 28.592777777777776,
    "y": 46.11888888888889
}