{
    "id": "Cn0173",
    "x": 28.299444444444447,
    "y": 46.34138888888889
}