{
    "id": "G1632",
    "x": 28.83361111111111,
    "y": 46.04888888888889
}