{
    "id": "T0204",
    "x": 28.568055555555556,
    "y": 45.777499999999996
}