{
    "id": "Lv0825",
    "x": 28.321944444444444,
    "y": 46.57527777777778
}