{
    "id": "G5738",
    "x": 28.683611111111112,
    "y": 45.85194444444445
}