{
    "id": "Lv0075",
    "x": 28.46527777777778,
    "y": 46.56083333333333
}