{
    "id": 640,
    "x": 28.217499999999998,
    "y": 45.97972222222222
}