{
    "id": "Lv1394",
    "x": 28.247777777777777,
    "y": 46.52444444444444
}