{
    "id": "Lv1613",
    "x": 28.37638888888889,
    "y": 46.37722222222222
}