{
    "id": 843,
    "x": 28.337777777777777,
    "y": 45.971944444444446
}