{
    "id": "Lv1425",
    "x": 28.254444444444445,
    "y": 46.528055555555554
}