{
    "id": "G1697",
    "x": 28.843888888888888,
    "y": 46.058611111111105
}