{
    "id": "Lv0884",
    "x": 28.356944444444444,
    "y": 46.45916666666667
}