{
    "id": "Ch5149",
    "x": 28.481111111111108,
    "y": 46.08111111111111
}