{
    "id": "Lv1580",
    "x": 28.379722222222224,
    "y": 46.38722222222222
}