{
    "id": "Lv0430",
    "x": 28.524444444444445,
    "y": 46.530277777777776
}