{
    "id": "Cm0365",
    "x": 28.710555555555555,
    "y": 46.64333333333333
}