{
    "id": "Ch0666",
    "x": 28.298055555555557,
    "y": 45.862500000000004
}