{
    "id": 271,
    "x": 28.471666666666664,
    "y": 45.99944444444444
}