{
    "id": "G0840",
    "x": 28.642777777777777,
    "y": 46.22805555555556
}