{
    "id": "Cn0312",
    "x": 28.172222222222224,
    "y": 46.13666666666666
}