{
    "id": "G5449",
    "x": 28.66583333333333,
    "y": 46.099444444444444
}