{
    "id": "G0851",
    "x": 28.639166666666664,
    "y": 46.216944444444444
}