{
    "id": "G1105",
    "x": 28.603333333333335,
    "y": 46.42611111111111
}