{
    "id": "G1140",
    "x": 28.616111111111113,
    "y": 46.42166666666667
}