{
    "id": "G0453",
    "x": 28.591388888888886,
    "y": 46.117222222222225
}