{
    "id": "Cn0146",
    "x": 28.272777777777776,
    "y": 46.31805555555556
}