{
    "id": "Lv0132",
    "x": 28.405277777777776,
    "y": 46.58638888888889
}