{
    "id": "Lv0555",
    "x": 28.356944444444444,
    "y": 46.521388888888886
}