{
    "id": "Ch5137",
    "x": 28.46944444444444,
    "y": 46.08416666666667
}