{
    "id": "Ch5144",
    "x": 28.485277777777778,
    "y": 46.07888888888889
}