{
    "id": "Cm0370",
    "x": 28.705277777777777,
    "y": 46.644999999999996
}