{
    "id": 419,
    "x": 28.62027777777778,
    "y": 45.769999999999996
}