{
    "id": "G1292",
    "x": 28.635555555555555,
    "y": 46.30583333333333
}