{
    "id": 633,
    "x": 28.224444444444444,
    "y": 45.981944444444444
}