{
    "id": "Lv1493",
    "x": 28.252777777777776,
    "y": 46.56222222222222
}