{
    "id": "G0728",
    "x": 28.591388888888886,
    "y": 46.09583333333334
}