{
    "id": "Cn0839",
    "x": 28.39611111111111,
    "y": 46.333333333333336
}