{
    "id": "Cm0746",
    "x": 28.616388888888892,
    "y": 46.60472222222222
}