{
    "id": "Cm0414",
    "x": 28.67388888888889,
    "y": 46.65277777777778
}