{
    "id": 154,
    "x": 28.571944444444444,
    "y": 45.814166666666665
}