{
    "id": "Cn0945",
    "x": 28.436666666666667,
    "y": 46.27361111111111
}