{
    "id": "G1689",
    "x": 28.840833333333332,
    "y": 46.056666666666665
}