{
    "id": "G5836",
    "x": 28.440833333333334,
    "y": 45.53527777777778
}