{
    "id": "Ch5201",
    "x": 28.531666666666666,
    "y": 46.04861111111111
}