{
    "id": "G1188",
    "x": 28.628333333333334,
    "y": 46.41277777777778
}