{
    "id": "Cn0214",
    "x": 28.315833333333334,
    "y": 46.29972222222222
}