{
    "id": "Ch0716",
    "x": 28.342222222222222,
    "y": 45.811388888888885
}