{
    "id": 1645,
    "x": 28.549722222222226,
    "y": 46.61555555555556
}