{
    "id": "G0485",
    "x": 28.583055555555557,
    "y": 46.11805555555556
}