{
    "id": "Cn0850",
    "x": 28.41111111111111,
    "y": 46.35194444444445
}