{
    "id": "G5741",
    "x": 28.684166666666666,
    "y": 45.85444444444445
}