{
    "id": 1597,
    "x": 28.503611111111113,
    "y": 46.632777777777775
}