{
    "id": "B0277",
    "x": 28.784444444444446,
    "y": 46.311388888888885
}