{
    "id": "Cm1140",
    "x": 28.76361111111111,
    "y": 46.44083333333333
}