{
    "id": 1656,
    "x": 28.528055555555554,
    "y": 46.60111111111111
}