{
    "id": "G0068",
    "x": 28.663888888888888,
    "y": 46.01416666666667
}