{
    "id": "B0060",
    "x": 28.878055555555555,
    "y": 46.45472222222222
}