{
    "id": "Cm0684",
    "x": 28.586666666666666,
    "y": 46.64083333333333
}