{
    "id": "G0335",
    "x": 28.605833333333333,
    "y": 46.114444444444445
}