{
    "id": "Lv1046",
    "x": 28.406666666666666,
    "y": 46.49111111111111
}