{
    "id": "T0462",
    "x": 28.95888888888889,
    "y": 46.13722222222222
}