{
    "id": "Cn0973",
    "x": 28.508055555555554,
    "y": 46.278055555555554
}