{
    "id": 79,
    "x": 28.59861111111111,
    "y": 45.89833333333333
}