{
    "id": "G1465",
    "x": 28.393055555555556,
    "y": 45.55166666666666
}