{
    "id": "G0803",
    "x": 28.639722222222222,
    "y": 46.22027777777778
}