{
    "id": "Lv1343",
    "x": 28.429722222222225,
    "y": 46.52722222222222
}