{
    "id": "B0241",
    "x": 28.99388888888889,
    "y": 46.47083333333334
}