{
    "id": "Cm1068",
    "x": 28.84722222222222,
    "y": 46.654444444444444
}