{
    "id": "Cm1084",
    "x": 28.841388888888886,
    "y": 46.661944444444444
}