{
    "id": "Lv0245",
    "x": 28.46722222222222,
    "y": 46.606944444444444
}