{
    "id": "G1589",
    "x": 28.602222222222224,
    "y": 46.111111111111114
}