{
    "id": "Cn1115",
    "x": 28.34472222222222,
    "y": 46.161944444444444
}