{
    "id": "Cn0645",
    "x": 28.43138888888889,
    "y": 46.181666666666665
}