{
    "id": "G0129",
    "x": 28.653333333333332,
    "y": 46.01361111111111
}