{
    "id": 1083,
    "x": 28.41638888888889,
    "y": 46.00055555555556
}