{
    "id": "Cm0458",
    "x": 28.620555555555555,
    "y": 46.57361111111111
}