{
    "id": 218,
    "x": 28.569444444444443,
    "y": 45.78194444444444
}