{
    "id": 1676,
    "x": 28.47111111111111,
    "y": 46.608333333333334
}