{
    "id": "Lv1430",
    "x": 28.250833333333333,
    "y": 46.52833333333333
}