{
    "id": "G0151",
    "x": 28.65611111111111,
    "y": 46.00888888888889
}