{
    "id": "Cn1153",
    "x": 28.40611111111111,
    "y": 46.14611111111111
}