{
    "id": "G5757",
    "x": 28.685555555555556,
    "y": 45.83583333333333
}