{
    "id": "Cm1539",
    "x": 28.814444444444444,
    "y": 46.522777777777776
}