{
    "id": "G1564",
    "x": 28.814722222222223,
    "y": 46.056666666666665
}