{
    "id": 70,
    "x": 28.59361111111111,
    "y": 45.900555555555556
}