{
    "id": "Cm0486",
    "x": 28.934722222222224,
    "y": 46.545833333333334
}