{
    "id": "G0187",
    "x": 28.656388888888888,
    "y": 46.00194444444445
}