{
    "id": 1360,
    "x": 28.445833333333333,
    "y": 45.57944444444445
}