{
    "id": "Ch5055",
    "x": 28.185833333333335,
    "y": 45.81166666666666
}