{
    "id": 359,
    "x": 28.731111111111108,
    "y": 46.02027777777778
}