{
    "id": 1022,
    "x": 28.213055555555556,
    "y": 46.06777777777778
}