{
    "id": "Cn0709",
    "x": 28.40833333333333,
    "y": 46.35111111111111
}