{
    "id": "Lv1742",
    "x": 28.254166666666666,
    "y": 46.47222222222222
}