{
    "id": "Ch5002",
    "x": 28.17527777777778,
    "y": 45.67805555555555
}