{
    "id": 780,
    "x": 28.224999999999998,
    "y": 46.02722222222222
}