{
    "id": "B0188",
    "x": 28.91611111111111,
    "y": 46.413333333333334
}