{
    "id": "G1244",
    "x": 28.65222222222222,
    "y": 46.28666666666666
}