{
    "id": "Cm1436",
    "x": 28.819444444444443,
    "y": 46.47222222222222
}