{
    "id": 1552,
    "x": 28.406388888888888,
    "y": 46.586666666666666
}