{
    "id": "G1602",
    "x": 28.81722222222222,
    "y": 46.05583333333333
}