{
    "id": "Lv1050",
    "x": 28.47583333333333,
    "y": 46.45527777777778
}