{
    "id": "Cm1226",
    "x": 28.628333333333334,
    "y": 46.48222222222223
}