{
    "id": "G0185",
    "x": 28.656388888888888,
    "y": 46.00055555555556
}