{
    "id": "Cm1259",
    "x": 28.828055555555554,
    "y": 46.47416666666667
}