{
    "id": "Cn1201",
    "x": 28.521944444444443,
    "y": 46.214444444444446
}