{
    "id": "G1709",
    "x": 28.83972222222222,
    "y": 46.058611111111105
}