{
    "id": "Ch0724",
    "x": 28.33138888888889,
    "y": 45.82222222222222
}