{
    "id": "G5020",
    "x": 28.949722222222224,
    "y": 46.21083333333333
}