{
    "id": 682,
    "x": 28.246111111111112,
    "y": 46.00333333333333
}