{
    "id": "G5588",
    "x": 28.82111111111111,
    "y": 46.35638888888889
}