{
    "id": "G5695",
    "x": 28.699722222222224,
    "y": 45.846944444444446
}