{
    "id": "G0156",
    "x": 28.65611111111111,
    "y": 46.00694444444444
}