{
    "id": "G5263",
    "x": 28.772222222222222,
    "y": 46.10861111111111
}