{
    "id": "G5240",
    "x": 28.845555555555553,
    "y": 46.25472222222222
}