{
    "id": "Lv1504",
    "x": 28.259722222222223,
    "y": 46.62388888888889
}