{
    "id": 1509,
    "x": 28.461944444444445,
    "y": 46.54333333333333
}