{
    "id": "Cm0769",
    "x": 28.91722222222222,
    "y": 46.580000000000005
}