{
    "id": "G1313",
    "x": 28.644444444444446,
    "y": 46.31194444444444
}