{
    "id": "Ch0246",
    "x": 28.254722222222224,
    "y": 46.04416666666666
}