{
    "id": 1477,
    "x": 28.46472222222222,
    "y": 46.58416666666667
}