{
    "id": "Cm0863",
    "x": 28.908055555555553,
    "y": 46.61361111111111
}