{
    "id": 680,
    "x": 28.244722222222222,
    "y": 46.00333333333333
}