{
    "id": "Cn1186",
    "x": 28.481666666666666,
    "y": 46.193888888888885
}