{
    "id": "Ch0543",
    "x": 28.41638888888889,
    "y": 46.03944444444444
}