{
    "id": "G1088",
    "x": 28.596944444444443,
    "y": 46.43055555555555
}