{
    "id": "G5525",
    "x": 28.671666666666667,
    "y": 46.08305555555556
}