{
    "id": "Cn0054",
    "x": 28.229444444444443,
    "y": 46.26694444444444
}