{
    "id": 1435,
    "x": 28.466944444444444,
    "y": 46.58638888888889
}