{
    "id": "B0263",
    "x": 28.889166666666664,
    "y": 46.44083333333333
}