{
    "id": "G1069",
    "x": 28.622222222222224,
    "y": 46.415277777777774
}