{
    "id": "G1483",
    "x": 28.516111111111112,
    "y": 46.16416666666667
}