{
    "id": "Cn0219",
    "x": 28.157777777777778,
    "y": 46.24277777777778
}