{
    "id": "Cm0862",
    "x": 28.90972222222222,
    "y": 46.61194444444445
}