{
    "id": "Cm1132",
    "x": 28.754166666666666,
    "y": 46.44472222222222
}