{
    "id": "G0019",
    "x": 28.66611111111111,
    "y": 45.994166666666665
}