{
    "id": "Lv1059",
    "x": 28.473055555555554,
    "y": 46.448055555555555
}