{
    "id": "G1682",
    "x": 28.84861111111111,
    "y": 46.05777777777777
}