{
    "id": "Cm1097",
    "x": 28.848055555555554,
    "y": 46.65833333333333
}