{
    "id": "G5446",
    "x": 28.66472222222222,
    "y": 46.098888888888894
}