{
    "id": "B0266",
    "x": 28.891944444444444,
    "y": 46.43805555555555
}