{
    "id": "Cn1025",
    "x": 28.40611111111111,
    "y": 46.23694444444445
}