{
    "id": "G5147",
    "x": 28.762777777777778,
    "y": 46.19333333333333
}