{
    "id": "G1311",
    "x": 28.65694444444444,
    "y": 46.30555555555555
}