{
    "id": "G0258",
    "x": 28.56861111111111,
    "y": 46.01027777777778
}