{
    "id": "G1373",
    "x": 28.666944444444447,
    "y": 46.279444444444444
}