{
    "id": "Cm0822",
    "x": 28.90861111111111,
    "y": 46.617777777777775
}