{
    "id": "Cn0005",
    "x": 28.233888888888888,
    "y": 46.27638888888889
}