{
    "id": 466,
    "x": 28.961111111111112,
    "y": 46.13638888888889
}