{
    "id": "Lv0911",
    "x": 28.42361111111111,
    "y": 46.42583333333333
}