{
    "id": "G0775",
    "x": 28.647777777777776,
    "y": 46.23305555555556
}