{
    "id": 807,
    "x": 28.255555555555556,
    "y": 46.04138888888889
}