{
    "id": "Cm0280",
    "x": 28.80138888888889,
    "y": 46.61638888888889
}