{
    "id": "Cm0162",
    "x": 28.741666666666667,
    "y": 46.58861111111111
}