{
    "id": "G5179",
    "x": 28.765833333333333,
    "y": 46.175555555555555
}