{
    "id": "Cn1193",
    "x": 28.518055555555556,
    "y": 46.211111111111116
}