{
    "id": "Lv0505",
    "x": 28.429722222222225,
    "y": 46.55277777777778
}