{
    "id": "G0146",
    "x": 28.65361111111111,
    "y": 46.00944444444445
}