{
    "id": "G1561",
    "x": 28.81638888888889,
    "y": 46.05833333333333
}