{
    "id": 1381,
    "x": 28.449444444444445,
    "y": 45.61194444444445
}