{
    "id": "G5148",
    "x": 28.760555555555555,
    "y": 46.19361111111111
}