{
    "id": 647,
    "x": 28.250555555555554,
    "y": 46.007777777777775
}