{
    "id": "G1536",
    "x": 28.80888888888889,
    "y": 46.05583333333333
}