{
    "id": "Lv0209",
    "x": 28.551666666666666,
    "y": 46.62722222222222
}