{
    "id": "Lv0463",
    "x": 28.539722222222224,
    "y": 46.57083333333334
}