{
    "id": "Cm1162",
    "x": 28.748055555555556,
    "y": 46.442499999999995
}