{
    "id": "Cn0741",
    "x": 28.41722222222222,
    "y": 46.35861111111111
}