{
    "id": "G5285",
    "x": 28.76972222222222,
    "y": 46.11527777777778
}