{
    "id": "Ch5048",
    "x": 28.18111111111111,
    "y": 45.81361111111111
}