{
    "id": "Cn0328",
    "x": 28.226666666666667,
    "y": 46.21638888888889
}