{
    "id": 967,
    "x": 28.24416666666667,
    "y": 46.094166666666666
}