{
    "id": "Cn0400",
    "x": 28.33888888888889,
    "y": 46.26555555555556
}