{
    "id": "Cn1016",
    "x": 28.461388888888887,
    "y": 46.218611111111116
}