{
    "id": 1142,
    "x": 28.33611111111111,
    "y": 45.98555555555556
}