{
    "id": "G1628",
    "x": 28.827222222222222,
    "y": 46.04944444444444
}