{
    "id": "Cn1131",
    "x": 28.290277777777778,
    "y": 46.17611111111111
}