{
    "id": "Cm1372",
    "x": 28.990833333333335,
    "y": 46.57138888888889
}