{
    "id": 212,
    "x": 28.571944444444444,
    "y": 45.774166666666666
}