{
    "id": "Cm0247",
    "x": 28.75888888888889,
    "y": 46.615833333333335
}