{
    "id": "Lv1558",
    "x": 28.389722222222222,
    "y": 46.39611111111111
}