{
    "id": "Cm0299",
    "x": 28.748333333333335,
    "y": 46.61555555555556
}