{
    "id": "Lv1487",
    "x": 28.253611111111113,
    "y": 46.56944444444445
}