{
    "id": "Cn0941",
    "x": 28.435833333333335,
    "y": 46.26888888888889
}