{
    "id": "Ch5250",
    "x": 28.19527777777778,
    "y": 45.85916666666667
}