{
    "id": "G1802",
    "x": 28.844166666666666,
    "y": 46.09527777777778
}