{
    "id": "G0806",
    "x": 28.639166666666664,
    "y": 46.223333333333336
}