{
    "id": 1378,
    "x": 28.448333333333334,
    "y": 45.60722222222223
}