{
    "id": "Cn0445",
    "x": 28.323055555555555,
    "y": 46.35527777777778
}