{
    "id": "Cn0592",
    "x": 28.24138888888889,
    "y": 46.38111111111111
}