{
    "id": "Cn0241",
    "x": 28.15888888888889,
    "y": 46.19333333333333
}