{
    "id": "G5544",
    "x": 28.828055555555554,
    "y": 46.35638888888889
}