{
    "id": "G1238",
    "x": 28.64388888888889,
    "y": 46.28388888888889
}