{
    "id": 1308,
    "x": 28.316666666666666,
    "y": 45.83444444444444
}