{
    "id": 461,
    "x": 28.965555555555554,
    "y": 46.13916666666667
}