{
    "id": "G0951",
    "x": 28.64388888888889,
    "y": 46.160555555555554
}