{
    "id": "G5200",
    "x": 28.877222222222223,
    "y": 46.189722222222215
}