{
    "id": "Cn0094",
    "x": 28.156388888888888,
    "y": 46.24611111111111
}