{
    "id": 1064,
    "x": 28.41111111111111,
    "y": 45.971944444444446
}