{
    "id": "G0769",
    "x": 28.64361111111111,
    "y": 46.22277777777778
}