{
    "id": "G5660",
    "x": 28.690277777777776,
    "y": 45.85861111111111
}