{
    "id": "Cm1384",
    "x": 28.997777777777777,
    "y": 46.571111111111115
}