{
    "id": "G5585",
    "x": 28.824166666666667,
    "y": 46.35583333333334
}