{
    "id": 364,
    "x": 28.733611111111113,
    "y": 46.014722222222225
}