{
    "id": "Lv0507",
    "x": 28.386944444444445,
    "y": 46.486111111111114
}