{
    "id": 715,
    "x": 28.16916666666667,
    "y": 46.007222222222225
}