{
    "id": "Lv0221",
    "x": 28.55027777777778,
    "y": 46.61611111111111
}