{
    "id": "G5687",
    "x": 28.701666666666664,
    "y": 45.85277777777778
}