{
    "id": "Lv0975",
    "x": 28.455277777777777,
    "y": 46.433611111111105
}