{
    "id": "Cm1047",
    "x": 28.87638888888889,
    "y": 46.63138888888889
}