{
    "id": "Lv1129",
    "x": 28.528333333333332,
    "y": 46.36638888888889
}