{
    "id": 905,
    "x": 28.33111111111111,
    "y": 46.108333333333334
}