{
    "id": 245,
    "x": 28.49138888888889,
    "y": 45.91972222222222
}