{
    "id": "Ch5078",
    "x": 28.386388888888888,
    "y": 45.744166666666665
}