{
    "id": 883,
    "x": 28.35027777777778,
    "y": 46.028888888888886
}