{
    "id": 895,
    "x": 28.330833333333334,
    "y": 46.115833333333335
}