{
    "id": "G0065",
    "x": 28.66916666666667,
    "y": 46.01861111111111
}