{
    "id": "Cm0932",
    "x": 28.59638888888889,
    "y": 46.57944444444445
}