{
    "id": "G5379",
    "x": 28.685555555555556,
    "y": 46.10722222222223
}