{
    "id": "Cm1625",
    "x": 28.754444444444445,
    "y": 46.526666666666664
}