{
    "id": "Cn0981",
    "x": 28.511944444444445,
    "y": 46.29222222222222
}