{
    "id": "Lv1148",
    "x": 28.526944444444442,
    "y": 46.36944444444445
}