{
    "id": "G0267",
    "x": 28.57138888888889,
    "y": 46.01583333333333
}