{
    "id": "Cm0170",
    "x": 28.75027777777778,
    "y": 46.584722222222226
}