{
    "id": "G0553",
    "x": 28.584999999999997,
    "y": 46.11027777777778
}