{
    "id": "Lv1637",
    "x": 28.354166666666668,
    "y": 46.37027777777778
}