{
    "id": "Cm0389",
    "x": 28.678055555555556,
    "y": 46.65694444444444
}