{
    "id": "Cm1439",
    "x": 28.821666666666665,
    "y": 46.469166666666666
}