{
    "id": "G5427",
    "x": 28.67638888888889,
    "y": 46.102222222222224
}