{
    "id": "Cn0367",
    "x": 28.26972222222222,
    "y": 46.228611111111114
}