{
    "id": "G1578",
    "x": 28.810000000000002,
    "y": 46.05916666666666
}