{
    "id": "G0365",
    "x": 28.604444444444447,
    "y": 46.115833333333335
}