{
    "id": "G0222",
    "x": 28.660555555555554,
    "y": 45.992222222222225
}