{
    "id": "Lv0543",
    "x": 28.35388888888889,
    "y": 46.524166666666666
}