{
    "id": "Lv0653",
    "x": 28.330833333333334,
    "y": 46.581944444444446
}