{
    "id": "G1530",
    "x": 28.803055555555556,
    "y": 46.05305555555555
}