{
    "id": "G5680",
    "x": 28.691944444444445,
    "y": 45.853611111111114
}