{
    "id": "Cm1651",
    "x": 28.760555555555555,
    "y": 46.52305555555555
}