{
    "id": "G0579",
    "x": 28.599722222222223,
    "y": 46.105555555555554
}