{
    "id": 1481,
    "x": 28.46361111111111,
    "y": 46.57194444444445
}