{
    "id": "G5309",
    "x": 28.766944444444444,
    "y": 46.09805555555556
}