{
    "id": "Cn0755",
    "x": 28.446666666666665,
    "y": 46.331944444444446
}