{
    "id": "Cm1048",
    "x": 28.87777777777778,
    "y": 46.632222222222225
}