{
    "id": "Lv1264",
    "x": 28.515555555555554,
    "y": 46.373333333333335
}