{
    "id": 119,
    "x": 28.583055555555557,
    "y": 45.85888888888889
}