{
    "id": "Lv1125",
    "x": 28.46527777777778,
    "y": 46.419999999999995
}