{
    "id": 28,
    "x": 28.579444444444444,
    "y": 45.92805555555555
}