{
    "id": "G5476",
    "x": 28.671666666666667,
    "y": 46.09666666666667
}