{
    "id": "Cm1389",
    "x": 28.994444444444447,
    "y": 46.57527777777778
}