{
    "id": "B0141",
    "x": 28.911666666666665,
    "y": 46.386944444444445
}