{
    "id": "G0411",
    "x": 28.58722222222222,
    "y": 46.123333333333335
}