{
    "id": "G5773",
    "x": 28.683888888888887,
    "y": 45.84027777777778
}