{
    "id": "Cm0517",
    "x": 28.743333333333336,
    "y": 46.730000000000004
}