{
    "id": "Cm1141",
    "x": 28.754166666666666,
    "y": 46.42944444444444
}