{
    "id": "G0723",
    "x": 28.589444444444442,
    "y": 46.094722222222224
}