{
    "id": 1008,
    "x": 28.224166666666665,
    "y": 46.07166666666667
}