{
    "id": "Cn0697",
    "x": 28.47138888888889,
    "y": 46.15888888888889
}