{
    "id": "G1695",
    "x": 28.849166666666665,
    "y": 46.06027777777778
}