{
    "id": "G5276",
    "x": 28.760555555555555,
    "y": 46.111666666666665
}