{
    "id": 1208,
    "x": 28.28388888888889,
    "y": 45.87138888888889
}