{
    "id": "Cm1641",
    "x": 28.775277777777777,
    "y": 46.519999999999996
}