{
    "id": "Cm0731",
    "x": 28.648611111111112,
    "y": 46.675555555555555
}