{
    "id": "T0457",
    "x": 28.97111111111111,
    "y": 46.154444444444444
}