{
    "id": "Cm0012",
    "x": 28.691944444444445,
    "y": 46.70388888888889
}