{
    "id": "Lv0468",
    "x": 28.55027777777778,
    "y": 46.57416666666667
}