{
    "id": "G1599",
    "x": 28.81833333333333,
    "y": 46.056666666666665
}