{
    "id": "Lv0471",
    "x": 28.557222222222222,
    "y": 46.57416666666667
}