{
    "id": "B0245",
    "x": 28.780277777777776,
    "y": 46.31638888888889
}