{
    "id": 1723,
    "x": 28.423333333333336,
    "y": 46.65361111111111
}