{
    "id": "G5032",
    "x": 28.942222222222224,
    "y": 46.20527777777778
}