{
    "id": "G5818",
    "x": 28.443333333333335,
    "y": 45.54722222222222
}