{
    "id": "Ch5047",
    "x": 28.177222222222223,
    "y": 45.81194444444444
}