{
    "id": 750,
    "x": 28.17027777777778,
    "y": 46.055277777777775
}