{
    "id": "G0157",
    "x": 28.65611111111111,
    "y": 46.00666666666667
}