{
    "id": "G1411",
    "x": 28.56638888888889,
    "y": 46.33583333333333
}