{
    "id": 495,
    "x": 28.93027777777778,
    "y": 46.026944444444446
}