{
    "id": "Cn0553",
    "x": 28.322499999999998,
    "y": 46.22833333333333
}