{
    "id": "Lv1385",
    "x": 28.255277777777778,
    "y": 46.38972222222222
}