{
    "id": "Cm0691",
    "x": 28.64611111111111,
    "y": 46.70722222222223
}