{
    "id": "G5171",
    "x": 28.762777777777778,
    "y": 46.17472222222222
}