{
    "id": "Cm0056",
    "x": 28.709722222222222,
    "y": 46.68083333333333
}