{
    "id": "G5070",
    "x": 28.833333333333332,
    "y": 46.248333333333335
}