{
    "id": "Cm1549",
    "x": 28.813055555555557,
    "y": 46.52611111111111
}