{
    "id": "Lv1283",
    "x": 28.328888888888887,
    "y": 46.43944444444444
}