{
    "id": "Lv1476",
    "x": 28.245555555555555,
    "y": 46.56861111111112
}