{
    "id": "Lv1151",
    "x": 28.529166666666665,
    "y": 46.37111111111111
}