{
    "id": "Lv0011",
    "x": 28.468055555555555,
    "y": 46.58722222222222
}