{
    "id": "G1298",
    "x": 28.636944444444445,
    "y": 46.30416666666667
}