{
    "id": "Lv0360",
    "x": 28.459444444444443,
    "y": 46.66861111111111
}