{
    "id": "Cn0317",
    "x": 28.176944444444445,
    "y": 46.12888888888889
}