{
    "id": 1288,
    "x": 28.325833333333332,
    "y": 45.82694444444445
}