{
    "id": "Lv1422",
    "x": 28.254722222222224,
    "y": 46.52722222222222
}