{
    "id": "Cn0003",
    "x": 28.229166666666664,
    "y": 46.28583333333333
}