{
    "id": "G0899",
    "x": 28.651944444444442,
    "y": 46.23555555555556
}