{
    "id": "Cm0927",
    "x": 28.62027777777778,
    "y": 46.58222222222223
}