{
    "id": "G5439",
    "x": 28.673333333333336,
    "y": 46.098333333333336
}