{
    "id": 1813,
    "x": 28.45777777777778,
    "y": 46.66222222222222
}