{
    "id": "Cn0911",
    "x": 28.410555555555554,
    "y": 46.35722222222223
}