{
    "id": "B0291",
    "x": 28.78805555555556,
    "y": 46.30833333333333
}