{
    "id": "G5705",
    "x": 28.695833333333333,
    "y": 45.843611111111116
}