{
    "id": "G0279",
    "x": 28.567777777777778,
    "y": 46.006388888888885
}