{
    "id": 127,
    "x": 28.578888888888887,
    "y": 45.867777777777775
}