{
    "id": "G0168",
    "x": 28.661388888888887,
    "y": 46.007222222222225
}