{
    "id": "G1797",
    "x": 28.83888888888889,
    "y": 46.073055555555555
}