{
    "id": "T0536",
    "x": 28.680555555555557,
    "y": 45.901111111111106
}