{
    "id": "B0098",
    "x": 28.929444444444446,
    "y": 46.36638888888889
}