{
    "id": "Cn0663",
    "x": 28.469166666666666,
    "y": 46.157777777777774
}