{
    "id": "Cm0740",
    "x": 28.613333333333333,
    "y": 46.60138888888889
}