{
    "id": "Ch0100",
    "x": 28.239722222222223,
    "y": 46.00888888888889
}