{
    "id": "Cn1218",
    "x": 28.283055555555556,
    "y": 46.16361111111111
}