{
    "id": "Lv1107",
    "x": 28.474999999999998,
    "y": 46.439722222222215
}