{
    "id": "Lv0646",
    "x": 28.328055555555554,
    "y": 46.57833333333333
}