{
    "id": "G1732",
    "x": 28.838055555555556,
    "y": 46.064166666666665
}