{
    "id": "Cn0250",
    "x": 28.16361111111111,
    "y": 46.17916666666667
}