{
    "id": 256,
    "x": 28.456944444444442,
    "y": 45.925555555555555
}