{
    "id": 1119,
    "x": 28.406388888888888,
    "y": 46.05138888888889
}