{
    "id": "Ch5168",
    "x": 28.490555555555556,
    "y": 46.098333333333336
}