{
    "id": "Lv0729",
    "x": 28.325555555555557,
    "y": 46.56944444444445
}