{
    "id": "G1745",
    "x": 28.842222222222222,
    "y": 46.06305555555555
}