{
    "id": "Cn0976",
    "x": 28.50888888888889,
    "y": 46.275555555555556
}