{
    "id": "G0826",
    "x": 28.645555555555553,
    "y": 46.231944444444444
}