{
    "id": "G0752",
    "x": 28.608611111111113,
    "y": 46.11083333333333
}