{
    "id": "G5055",
    "x": 28.954444444444444,
    "y": 46.21472222222223
}