{
    "id": "G5822",
    "x": 28.427500000000002,
    "y": 45.546388888888885
}