{
    "id": "Cn0001",
    "x": 28.229166666666664,
    "y": 46.282777777777774
}