{
    "id": "Cm1661",
    "x": 28.61527777777778,
    "y": 46.58388888888889
}