{
    "id": "Cn0671",
    "x": 28.48222222222222,
    "y": 46.13472222222222
}