{
    "id": 1740,
    "x": 28.438333333333333,
    "y": 46.63722222222222
}