{
    "id": "Cm1378",
    "x": 29.000555555555554,
    "y": 46.569722222222225
}