{
    "id": "G5845",
    "x": 28.85027777777778,
    "y": 46.11805555555556
}