{
    "id": "G5750",
    "x": 28.684444444444445,
    "y": 45.84666666666667
}