{
    "id": "Cn0951",
    "x": 28.511388888888888,
    "y": 46.263888888888886
}