{
    "id": "Ch0493",
    "x": 28.232777777777777,
    "y": 46.07222222222222
}