{
    "id": "Cm1300",
    "x": 28.813333333333333,
    "y": 46.693888888888885
}