{
    "id": 483,
    "x": 28.93777777777778,
    "y": 46.02972222222222
}