{
    "id": 736,
    "x": 28.166666666666668,
    "y": 46.010555555555555
}