{
    "id": "G1804",
    "x": 28.842499999999998,
    "y": 46.10111111111111
}