{
    "id": 723,
    "x": 28.15694444444444,
    "y": 46.011944444444445
}