{
    "id": "G1796",
    "x": 28.836388888888887,
    "y": 46.05583333333333
}