{
    "id": "G5344",
    "x": 28.683333333333334,
    "y": 46.095555555555556
}