{
    "id": "B0174",
    "x": 28.915277777777778,
    "y": 46.406388888888884
}