{
    "id": "G0653",
    "x": 28.58861111111111,
    "y": 46.10055555555556
}