{
    "id": "Lv0690",
    "x": 28.323055555555555,
    "y": 46.581944444444446
}