{
    "id": 307,
    "x": 28.473611111111108,
    "y": 45.97638888888889
}