{
    "id": "G5532",
    "x": 28.673333333333336,
    "y": 46.089444444444446
}