{
    "id": "G5549",
    "x": 28.822777777777777,
    "y": 46.37111111111111
}