{
    "id": "Cm0065",
    "x": 28.710555555555555,
    "y": 46.676944444444445
}