{
    "id": "G0963",
    "x": 28.64527777777778,
    "y": 46.16416666666667
}