{
    "id": "Cn0467",
    "x": 28.334166666666665,
    "y": 46.35527777777778
}