{
    "id": "Cm1196",
    "x": 28.641111111111112,
    "y": 46.481944444444444
}