{
    "id": "Ch0305",
    "x": 28.340555555555554,
    "y": 46.025277777777774
}