{
    "id": "Lv0595",
    "x": 28.35666666666667,
    "y": 46.50972222222222
}