{
    "id": "Ch5142",
    "x": 28.476388888888888,
    "y": 46.08222222222223
}