{
    "id": "Cn0794",
    "x": 28.40611111111111,
    "y": 46.32916666666667
}