{
    "id": "G5436",
    "x": 28.67138888888889,
    "y": 46.10138888888889
}