{
    "id": 1227,
    "x": 28.31388888888889,
    "y": 45.856944444444444
}