{
    "id": "Cn0217",
    "x": 28.156666666666666,
    "y": 46.24055555555556
}