{
    "id": "Cn0464",
    "x": 28.33972222222222,
    "y": 46.35916666666667
}