{
    "id": "G5010",
    "x": 28.945555555555554,
    "y": 46.21277777777778
}