{
    "id": "G5765",
    "x": 28.68138888888889,
    "y": 45.842222222222226
}