{
    "id": "G5211",
    "x": 28.877222222222223,
    "y": 46.18611111111111
}