{
    "id": "Cn0068",
    "x": 28.218055555555555,
    "y": 46.263333333333335
}