{
    "id": "G5762",
    "x": 28.683333333333334,
    "y": 45.84527777777778
}