{
    "id": "G5257",
    "x": 28.77027777777778,
    "y": 46.10583333333334
}