{
    "id": "B0055",
    "x": 28.87388888888889,
    "y": 46.458333333333336
}