{
    "id": "Cm1248",
    "x": 28.840555555555554,
    "y": 46.495555555555555
}