{
    "id": "G0275",
    "x": 28.571666666666665,
    "y": 46.02166666666667
}