{
    "id": 210,
    "x": 28.56861111111111,
    "y": 45.77444444444444
}