{
    "id": "Cn0881",
    "x": 28.42777777777778,
    "y": 46.355555555555554
}