{
    "id": "Cm0591",
    "x": 28.91472222222222,
    "y": 46.58777777777778
}