{
    "id": "Ch5024",
    "x": 28.175833333333333,
    "y": 45.76888888888889
}