{
    "id": 169,
    "x": 28.565833333333334,
    "y": 45.776944444444446
}