{
    "id": "Cm0873",
    "x": 28.902777777777775,
    "y": 46.62222222222222
}