{
    "id": "Cm0397",
    "x": 28.695555555555554,
    "y": 46.64944444444444
}