{
    "id": "Cm0161",
    "x": 28.74138888888889,
    "y": 46.58833333333334
}