{
    "id": 1217,
    "x": 28.299166666666668,
    "y": 45.864444444444445
}