{
    "id": "Lv0705",
    "x": 28.33111111111111,
    "y": 46.577222222222225
}