{
    "id": "G0368",
    "x": 28.603055555555557,
    "y": 46.115833333333335
}