{
    "id": "Cm0471",
    "x": 28.621944444444445,
    "y": 46.530833333333334
}