{
    "id": "G0003",
    "x": 28.671111111111113,
    "y": 46.00666666666667
}