{
    "id": "Cn0015",
    "x": 28.229999999999997,
    "y": 46.280277777777776
}