{
    "id": "Cm1243",
    "x": 28.636944444444445,
    "y": 46.480555555555554
}