{
    "id": 1851,
    "x": 28.53111111111111,
    "y": 46.532222222222224
}