{
    "id": "Lv0906",
    "x": 28.424166666666668,
    "y": 46.42722222222222
}