{
    "id": "Lv0459",
    "x": 28.544722222222223,
    "y": 46.57277777777778
}