{
    "id": 1116,
    "x": 28.39611111111111,
    "y": 46.05361111111111
}