{
    "id": "G0566",
    "x": 28.584999999999997,
    "y": 46.106944444444444
}