{
    "id": "B0051",
    "x": 28.869722222222222,
    "y": 46.46027777777778
}