{
    "id": "Lv0194",
    "x": 28.52472222222222,
    "y": 46.649166666666666
}