{
    "id": "Ch5213",
    "x": 28.512777777777778,
    "y": 46.05694444444444
}