{
    "id": 141,
    "x": 28.586944444444445,
    "y": 45.875277777777775
}