{
    "id": "Cn0123",
    "x": 28.264722222222222,
    "y": 46.331388888888895
}