{
    "id": "Lv0406",
    "x": 28.531666666666666,
    "y": 46.52194444444444
}