{
    "id": "T0126",
    "x": 28.584166666666665,
    "y": 45.86555555555556
}