{
    "id": "G5153",
    "x": 28.766666666666666,
    "y": 46.19083333333333
}