{
    "id": 813,
    "x": 28.25111111111111,
    "y": 46.03805555555555
}