{
    "id": 201,
    "x": 28.56833333333333,
    "y": 45.77777777777778
}