{
    "id": "Cn0252",
    "x": 28.161666666666665,
    "y": 46.16777777777777
}