{
    "id": "Lv1371",
    "x": 28.248611111111114,
    "y": 46.41222222222222
}