{
    "id": 1168,
    "x": 28.380833333333335,
    "y": 45.905833333333334
}