{
    "id": "G5547",
    "x": 28.82111111111111,
    "y": 46.37388888888889
}