{
    "id": "Cm0715",
    "x": 28.631944444444446,
    "y": 46.70472222222222
}