{
    "id": "G5483",
    "x": 28.665555555555553,
    "y": 46.094166666666666
}