{
    "id": "Cm1198",
    "x": 28.63722222222222,
    "y": 46.481388888888894
}