{
    "id": "Lv0761",
    "x": 28.327222222222222,
    "y": 46.573888888888895
}