{
    "id": "Cm0046",
    "x": 28.70638888888889,
    "y": 46.68944444444444
}