{
    "id": "Lv0525",
    "x": 28.386388888888888,
    "y": 46.48888888888889
}