{
    "id": "G0913",
    "x": 28.65583333333333,
    "y": 46.23777777777778
}