{
    "id": "G0172",
    "x": 28.661944444444444,
    "y": 46.00388888888889
}