{
    "id": "T0045",
    "x": 28.59583333333333,
    "y": 45.900555555555556
}