{
    "id": 211,
    "x": 28.56861111111111,
    "y": 45.77361111111111
}