{
    "id": "Cn1215",
    "x": 28.283333333333335,
    "y": 46.16555555555556
}