{
    "id": 1699,
    "x": 28.413055555555555,
    "y": 46.61666666666667
}