{
    "id": "Lv1529",
    "x": 28.266944444444444,
    "y": 46.60194444444445
}