{
    "id": "B0192",
    "x": 28.909444444444443,
    "y": 46.41972222222222
}