{
    "id": "Lv1594",
    "x": 28.375555555555557,
    "y": 46.39111111111111
}