{
    "id": "G1124",
    "x": 28.618333333333332,
    "y": 46.41416666666667
}