{
    "id": 351,
    "x": 28.73611111111111,
    "y": 46.020833333333336
}