{
    "id": "G5746",
    "x": 28.685555555555556,
    "y": 45.859722222222224
}