{
    "id": "Ch5074",
    "x": 28.384166666666665,
    "y": 45.751666666666665
}