{
    "id": "G5361",
    "x": 28.680833333333336,
    "y": 46.09777777777778
}