{
    "id": "Lv0791",
    "x": 28.314444444444444,
    "y": 46.571111111111115
}