{
    "id": "Cn1033",
    "x": 28.399722222222223,
    "y": 46.145833333333336
}