{
    "id": 1471,
    "x": 28.465833333333332,
    "y": 46.58444444444444
}