{
    "id": "Cn0562",
    "x": 28.21388888888889,
    "y": 46.33722222222222
}