{
    "id": 286,
    "x": 28.474166666666665,
    "y": 45.96888888888889
}