{
    "id": "G1707",
    "x": 28.840833333333332,
    "y": 46.05888888888889
}