{
    "id": 1210,
    "x": 28.296666666666667,
    "y": 45.85027777777778
}