{
    "id": "G1094",
    "x": 28.60027777777778,
    "y": 46.42388888888889
}