{
    "id": "B0138",
    "x": 28.910555555555554,
    "y": 46.388888888888886
}