{
    "id": "Cm1222",
    "x": 28.647222222222222,
    "y": 46.466944444444444
}