{
    "id": "Cm1540",
    "x": 28.814722222222223,
    "y": 46.52222222222222
}