{
    "id": 897,
    "x": 28.330555555555556,
    "y": 46.11805555555556
}