{
    "id": "Cn0806",
    "x": 28.402777777777775,
    "y": 46.333333333333336
}