{
    "id": "Ch5194",
    "x": 28.529722222222222,
    "y": 46.05333333333333
}