{
    "id": 1154,
    "x": 28.411666666666665,
    "y": 45.924166666666665
}