{
    "id": "B0140",
    "x": 28.911388888888887,
    "y": 46.38777777777778
}