{
    "id": "Cn0864",
    "x": 28.409166666666664,
    "y": 46.36277777777778
}