{
    "id": "Cm1387",
    "x": 28.99638888888889,
    "y": 46.57361111111111
}