{
    "id": "Cm0330",
    "x": 28.633055555555558,
    "y": 46.702222222222225
}