{
    "id": "Ch0871",
    "x": 28.156666666666666,
    "y": 46.01833333333333
}