{
    "id": "Ch5030",
    "x": 28.173333333333336,
    "y": 45.76611111111111
}