{
    "id": "Ch0482",
    "x": 28.241944444444446,
    "y": 46.07055555555556
}