{
    "id": 319,
    "x": 28.571944444444444,
    "y": 46.00555555555555
}