{
    "id": "Lv0867",
    "x": 28.322777777777777,
    "y": 46.566111111111105
}