{
    "id": "G0379",
    "x": 28.604166666666668,
    "y": 46.11944444444445
}