{
    "id": 809,
    "x": 28.256944444444443,
    "y": 46.04055555555556
}