{
    "id": "Cm1252",
    "x": 28.840277777777775,
    "y": 46.49583333333334
}