{
    "id": "Cn0088",
    "x": 28.16722222222222,
    "y": 46.26111111111111
}