{
    "id": "B0196",
    "x": 28.91222222222222,
    "y": 46.41861111111111
}