{
    "id": "Lv1016",
    "x": 28.430833333333336,
    "y": 46.41916666666666
}