{
    "id": "G5714",
    "x": 28.70111111111111,
    "y": 45.83861111111111
}