{
    "id": "Ch5087",
    "x": 28.386944444444445,
    "y": 45.77055555555555
}