{
    "id": "Ch0367",
    "x": 28.279722222222222,
    "y": 46.111111111111114
}