{
    "id": "Cm1653",
    "x": 28.817777777777778,
    "y": 46.48972222222222
}