{
    "id": "Cn0026",
    "x": 28.236944444444447,
    "y": 46.28861111111111
}