{
    "id": 725,
    "x": 28.15833333333333,
    "y": 46.01638888888889
}