{
    "id": 771,
    "x": 28.20611111111111,
    "y": 46.02027777777778
}