{
    "id": 1046,
    "x": 28.24361111111111,
    "y": 46.06666666666667
}