{
    "id": 1406,
    "x": 28.206944444444442,
    "y": 45.91222222222222
}