{
    "id": "Lv1564",
    "x": 28.385555555555555,
    "y": 46.39111111111111
}