{
    "id": 880,
    "x": 28.35027777777778,
    "y": 46.02583333333333
}