{
    "id": 1041,
    "x": 28.238055555555558,
    "y": 46.069722222222225
}