{
    "id": "B0115",
    "x": 28.94388888888889,
    "y": 46.35666666666667
}