{
    "id": "Lv1326",
    "x": 28.31722222222222,
    "y": 46.430277777777775
}