{
    "id": "Cn0082",
    "x": 28.18166666666667,
    "y": 46.25083333333333
}