{
    "id": "G0827",
    "x": 28.646666666666665,
    "y": 46.23833333333334
}