{
    "id": "Lv1199",
    "x": 28.51833333333333,
    "y": 46.378055555555555
}