{
    "id": "Cn0721",
    "x": 28.403055555555554,
    "y": 46.359722222222224
}