{
    "id": "Cn0567",
    "x": 28.211111111111112,
    "y": 46.322500000000005
}