{
    "id": "B0329",
    "x": 28.955555555555556,
    "y": 46.343611111111116
}