{
    "id": "Cn0756",
    "x": 28.448888888888888,
    "y": 46.33361111111111
}