{
    "id": "Lv0482",
    "x": 28.516111111111112,
    "y": 46.566111111111105
}