{
    "id": "Cm0477",
    "x": 28.609722222222224,
    "y": 46.546388888888885
}