{
    "id": "G5869",
    "x": 28.389166666666664,
    "y": 45.70611111111111
}