{
    "id": "Cm1509",
    "x": 28.801944444444445,
    "y": 46.511944444444445
}