{
    "id": "G1032",
    "x": 28.505277777777778,
    "y": 46.08694444444445
}