{
    "id": 1295,
    "x": 28.330277777777777,
    "y": 45.81722222222223
}