{
    "id": "Cn0452",
    "x": 28.31888888888889,
    "y": 46.35444444444445
}