{
    "id": 1356,
    "x": 28.444444444444446,
    "y": 45.58694444444445
}