{
    "id": "Lv0893",
    "x": 28.42888888888889,
    "y": 46.42305555555555
}