{
    "id": "G0950",
    "x": 28.642777777777777,
    "y": 46.16083333333333
}