{
    "id": "G1017",
    "x": 28.511944444444445,
    "y": 46.08444444444444
}