{
    "id": "B0205",
    "x": 28.91472222222222,
    "y": 46.41888888888889
}