{
    "id": 1051,
    "x": 28.40083333333333,
    "y": 45.966944444444444
}