{
    "id": "G5632",
    "x": 28.69388888888889,
    "y": 45.86361111111111
}