{
    "id": "Lv1038",
    "x": 28.43861111111111,
    "y": 46.42805555555555
}