{
    "id": "Cm0483",
    "x": 28.93722222222222,
    "y": 46.54611111111111
}