{
    "id": "Cm0910",
    "x": 28.62611111111111,
    "y": 46.56888888888889
}