{
    "id": "Cm0658",
    "x": 28.851666666666667,
    "y": 46.53722222222222
}