{
    "id": "G0679",
    "x": 28.584166666666665,
    "y": 46.09666666666667
}