{
    "id": "B0128",
    "x": 28.911666666666665,
    "y": 46.38333333333333
}