{
    "id": "G0833",
    "x": 28.645555555555553,
    "y": 46.23527777777778
}