{
    "id": "Cm0772",
    "x": 28.919444444444444,
    "y": 46.57166666666667
}