{
    "id": "Lv1717",
    "x": 28.238611111111112,
    "y": 46.48527777777778
}