{
    "id": "G0810",
    "x": 28.643055555555556,
    "y": 46.233333333333334
}