{
    "id": "Cm1542",
    "x": 28.817777777777778,
    "y": 46.52194444444444
}