{
    "id": "Cm0884",
    "x": 28.909444444444443,
    "y": 46.608333333333334
}