{
    "id": "Ch0212",
    "x": 28.20777777777778,
    "y": 46.02111111111111
}