{
    "id": "Lv1119",
    "x": 28.50722222222222,
    "y": 46.49472222222222
}