{
    "id": "Ch0423",
    "x": 28.253333333333334,
    "y": 46.09805555555556
}