{
    "id": "Cm1424",
    "x": 29.011944444444445,
    "y": 46.57972222222222
}