{
    "id": "Cm0493",
    "x": 28.932222222222222,
    "y": 46.559444444444445
}