{
    "id": "Lv1721",
    "x": 28.243055555555557,
    "y": 46.486111111111114
}