{
    "id": "G1573",
    "x": 28.808333333333334,
    "y": 46.05166666666666
}