{
    "id": "Lv1730",
    "x": 28.242222222222225,
    "y": 46.48111111111111
}