{
    "id": 1241,
    "x": 28.316944444444445,
    "y": 45.83972222222222
}