{
    "id": "Lv1155",
    "x": 28.525277777777777,
    "y": 46.37305555555555
}