{
    "id": "G1233",
    "x": 28.65222222222222,
    "y": 46.280833333333334
}