{
    "id": "Cn0975",
    "x": 28.50861111111111,
    "y": 46.276666666666664
}