{
    "id": "Cn1013",
    "x": 28.460833333333333,
    "y": 46.222500000000004
}