{
    "id": "G5321",
    "x": 28.674444444444447,
    "y": 46.080555555555556
}