{
    "id": "Lv1651",
    "x": 28.264444444444443,
    "y": 46.48583333333333
}