{
    "id": "Lv0123",
    "x": 28.39361111111111,
    "y": 46.59583333333334
}