{
    "id": 362,
    "x": 28.728888888888886,
    "y": 46.01722222222222
}