{
    "id": "G0257",
    "x": 28.567777777777778,
    "y": 46.01277777777778
}