{
    "id": "G0631",
    "x": 28.58888888888889,
    "y": 46.10305555555556
}