{
    "id": "G0718",
    "x": 28.590833333333332,
    "y": 46.09777777777778
}