{
    "id": "Lv1666",
    "x": 28.25583333333333,
    "y": 46.48833333333334
}