{
    "id": "Ch0044",
    "x": 28.223611111111108,
    "y": 45.989444444444445
}