{
    "id": "G1803",
    "x": 28.843333333333334,
    "y": 46.09805555555556
}