{
    "id": "G0786",
    "x": 28.635555555555555,
    "y": 46.217777777777776
}