{
    "id": 1452,
    "x": 28.472499999999997,
    "y": 46.58083333333334
}