{
    "id": "Lv0414",
    "x": 28.528888888888886,
    "y": 46.52861111111111
}