{
    "id": 1262,
    "x": 28.308055555555555,
    "y": 45.83555555555556
}