{
    "id": "G0500",
    "x": 28.590833333333332,
    "y": 46.11555555555556
}