{
    "id": "Lv0538",
    "x": 28.35138888888889,
    "y": 46.52638888888889
}