{
    "id": "Cm1104",
    "x": 28.842222222222222,
    "y": 46.658055555555556
}