{
    "id": "G1677",
    "x": 28.843888888888888,
    "y": 46.05611111111111
}