{
    "id": "Lv0515",
    "x": 28.384166666666665,
    "y": 46.48583333333333
}