{
    "id": "T0217",
    "x": 28.599722222222223,
    "y": 45.903055555555554
}