{
    "id": "G5267",
    "x": 28.770833333333332,
    "y": 46.112500000000004
}