{
    "id": 260,
    "x": 28.474166666666665,
    "y": 46.03138888888889
}