{
    "id": "Ch0728",
    "x": 28.322777777777777,
    "y": 45.83222222222223
}