{
    "id": "Lv1706",
    "x": 28.24388888888889,
    "y": 46.48972222222222
}