{
    "id": "G1491",
    "x": 28.51388888888889,
    "y": 46.161944444444444
}