{
    "id": "G0274",
    "x": 28.56861111111111,
    "y": 46.02055555555555
}