{
    "id": "Cn0307",
    "x": 28.18166666666667,
    "y": 46.126111111111115
}