{
    "id": "Cm0254",
    "x": 28.75583333333333,
    "y": 46.60388888888889
}