{
    "id": "Ch5177",
    "x": 28.477777777777778,
    "y": 46.105555555555554
}