{
    "id": "Lv0767",
    "x": 28.320833333333333,
    "y": 46.57055555555556
}