{
    "id": 765,
    "x": 28.205277777777777,
    "y": 46.026944444444446
}